时间,设备名称,加速度X(g),加速度Y(g),加速度Z(g),角速度X(°/s),角速度Y(°/s),角速度Z(°/s),角度X(°),角度Y(°),角度Z(°),磁场X(ʯt),磁场Y(ʯt),磁场Z(ʯt),温度(℃),四元数0(),四元数1(),四元数2(),四元数3()
2025-06-14 20:59:38.886000,f8:a2:fd:ea:fb:80, -0.25, 0.936, -0.138, 26.672, 0.549, -9.216, 94.834, 11.53, -138.994, -25.160, -46.827, 48.373, 30.97, -0.16714, -0.31992, 0.66162, 0.65717
2025-06-14 20:59:38.978000,f8:a2:fd:ea:fb:80, -0.136, 0.984, -0.163, 21.179, 19.47, -9.705, 97.729, 12.03, -137.939, -25.160, -46.827, 48.373, 30.97, -0.16714, -0.31992, 0.66162, 0.65717
2025-06-14 20:59:39.127000,f8:a2:fd:ea:fb:80, -0.295, 1.015, -0.189, 35.156, 0, -18.921, 100.563, 13.008, -136.588, -23.033, -38.107, 47.347, 30.97, -0.13742, -0.3588, 0.69437, 0.6084
2025-06-14 20:59:39.187000,f8:a2:fd:ea:fb:80, -0.349, 1.011, -0.211, 71.533, 8.179, -39.551, 105.76, 15.381, -136.241, -23.033, -38.107, 47.347, 30.97, -0.13742, -0.3588, 0.69437, 0.6084
2025-06-14 20:59:39.278000,f8:a2:fd:ea:fb:80, -0.186, 1.316, -0.012, 142.029, -82.214, -56.519, 115.681, 20.588, -136.609, -14.880, -26.007, 51.387, 30.97, -0.13742, -0.3588, 0.69437, 0.6084
2025-06-14 20:59:39.457000,f8:a2:fd:ea:fb:80, -0.138, 0.861, -0.518, 95.947, -9.644, -48.401, 126.024, 27.098, -137.867, -14.880, -26.007, 51.387, 30.97, 0.05118, -0.41339, 0.77667, 0.47238
2025-06-14 20:59:39.517000,f8:a2:fd:ea:fb:80, -0.252, 0.562, -0.049, -10.559, -28.076, 20.02, 128.469, 28.713, -140.251, -14.880, -26.007, 51.387, 30.97, 0.05118, -0.41339, 0.77667, 0.47238
2025-06-14 20:59:39.577000,f8:a2:fd:ea:fb:80, -0.408, 0.723, -0.156, -118.042, -3.296, 74.402, 118.098, 24.637, -145.124, -13.567, -30.133, 57.573, 30.97, 0.05118, -0.41339, 0.77667, 0.47238
2025-06-14 20:59:39.726000,f8:a2:fd:ea:fb:80, -0.578, 0.948, -0.447, -177.551, -19.592, 92.834, 100.915, 16.595, -149.205, -13.567, -30.133, 57.573, 30.97, -0.08423, -0.27475, 0.69122, 0.66296
2025-06-14 20:59:39.787000,f8:a2:fd:ea:fb:80, -0.388, 1.024, -0.799, -151.184, 19.104, 40.161, 84.413, 10.058, -146.667, -13.567, -30.133, 57.573, 30.97, -0.08423, -0.27475, 0.69122, 0.66296
2025-06-14 20:59:39.907000,f8:a2:fd:ea:fb:80, -0.302, 0.892, -0.516, 59.875, -23.682, -8.911, 82.76, 9.838, -145.635, -24.713, -50.733, 46.607, 30.97, -0.08423, -0.27475, 0.69122, 0.66296
2025-06-14 20:59:39.996000,f8:a2:fd:ea:fb:80, -0.08, 0.933, -0.087, 44.312, 10.864, -2.991, 88.314, 11.788, -139.526, -24.713, -50.733, 46.607, 30.97, -0.18015, -0.30759, 0.62332, 0.69589
2025-06-14 20:59:40.087000,f8:a2:fd:ea:fb:80, -0.253, 1.079, -0.034, 31.738, 30.457, 6.165, 92.065, 11.085, -136.533, -24.713, -50.733, 46.607, 30.97, -0.18015, -0.30759, 0.62332, 0.69589
2025-06-14 20:59:40.177000,f8:a2:fd:ea:fb:80, -0.203, 0.992, -0.173, 15.808, 4.822, -4.272, 95.032, 11.118, -134.67, -27.447, -43.533, 45.520, 30.97, -0.18015, -0.30759, 0.62332, 0.69589
2025-06-14 20:59:40.296000,f8:a2:fd:ea:fb:80, -0.17, 0.948, -0.141, 9.949, -17.883, -1.77, 95.966, 11.365, -136.346, -27.447, -43.533, 45.520, 30.97, -0.17532, -0.33392, 0.66409, 0.64548
2025-06-14 20:59:40.386000,f8:a2:fd:ea:fb:80, -0.139, 0.984, -0.103, 13.733, -15.625, -6.592, 96.636, 11.739, -138.516, -27.447, -43.533, 45.520, 30.97, -0.17532, -0.33392, 0.66409, 0.64548
2025-06-14 20:59:40.507000,f8:a2:fd:ea:fb:80, -0.374, 0.971, -0.09, 68.665, -3.357, -26.55, 99.871, 13.233, -139.642, -21.573, -34.053, 44.987, 30.97, -0.17532, -0.33392, 0.66409, 0.64548
2025-06-14 20:59:40.596000,f8:a2:fd:ea:fb:80, 0.04, 1.394, -0.036, 121.399, -14.893, -48.645, 108.506, 16.617, -139.537, -21.573, -34.053, 44.987, 30.97, -0.09607, -0.35394, 0.72012, 0.5889
2025-06-14 20:59:40.716000,f8:a2:fd:ea:fb:80, -0.013, 1.258, -0.981, 148.987, -35.706, -70.923, 120.811, 24.225, -143.723, -21.573, -34.053, 44.987, 30.97, -0.09607, -0.35394, 0.72012, 0.5889
2025-06-14 20:59:40.808000,f8:a2:fd:ea:fb:80, -0.136, 0.632, 0.053, 17.883, -40.161, -2.136, 129.869, 26.592, -140.845, -12.740, -19.307, 53.967, 30.97, -0.09607, -0.35394, 0.72012, 0.5889
2025-06-14 20:59:40.896000,f8:a2:fd:ea:fb:80, -0.315, 0.584, -0.08, -144.104, 29.968, 55.725, 120.784, 23.67, -143.817, -12.740, -19.307, 53.967, 30.97, 0.02881, -0.36371, 0.7821, 0.5051
2025-06-14 20:59:40.987000,f8:a2:fd:ea:fb:80, -0.606, 1.158, -0.494, -216.187, -44.067, 97.839, 100.146, 14.908, -146.459, -12.740, -19.307, 53.967, 30.97, 0.02881, -0.36371, 0.7821, 0.5051
2025-06-14 20:59:41.077000,f8:a2:fd:ea:fb:80, -0.119, 1.092, -1.093, -158.386, -3.845, 59.875, 79.612, 6.68, -147.656, -25.180, -50.140, 45.753, 30.97, 0.02881, -0.36371, 0.7821, 0.5051
2025-06-14 20:59:41.198000,f8:a2:fd:ea:fb:80, -0.273, 1.893, 0.657, 40.1, 81.299, -23.438, 80.936, 6.548, -145.915, -25.180, -50.140, 45.753, 30.97, -0.19321, -0.24899, 0.60651, 0.72986
2025-06-14 20:59:41.286000,f8:a2:fd:ea:fb:80, -0.135, 0.96, -0.045, 37.964, 10.498, -0.061, 87.665, 10.025, -135.873, -25.180, -50.140, 45.753, 30.97, -0.19321, -0.24899, 0.60651, 0.72986
2025-06-14 20:59:41.376000,f8:a2:fd:ea:fb:80, -0.146, 1.046, -0.085, 32.776, 0, -4.517, 92.032, 10.217, -133.995, -31.000, -45.933, 44.400, 30.97, -0.19321, -0.24899, 0.60651, 0.72986
2025-06-14 20:59:41.497000,f8:a2:fd:ea:fb:80, -0.153, 0.959, -0.111, 15.869, -24.719, -1.343, 93.933, 10.646, -134.692, -31.000, -45.933, 44.400, 30.97, -0.20206, -0.34027, 0.64511, 0.65353
2025-06-14 20:59:41.586000,f8:a2:fd:ea:fb:80, -0.13, 0.977, -0.095, 19.043, -9.827, -6.531, 95.35, 10.953, -135.522, -31.000, -45.933, 44.400, 30.97, -0.20206, -0.34027, 0.64511, 0.65353
2025-06-14 20:59:41.678000,f8:a2:fd:ea:fb:80, -0.249, 0.988, -0.098, 52.063, 10.559, -18.799, 98.668, 11.821, -135.181, -27.300, -38.193, 45.100, 30.97, -0.20206, -0.34027, 0.64511, 0.65353
2025-06-14 20:59:41.797000,f8:a2:fd:ea:fb:80, -0.231, 1.235, -0.289, 87.769, -24.475, -34.119, 105.87, 14.496, -135.401, -27.300, -38.193, 45.100, 30.97, -0.14264, -0.36838, 0.69794, 0.59726
2025-06-14 20:59:41.887000,f8:a2:fd:ea:fb:80, -0.171, 1.221, -0.018, 138.672, -50.476, -59.509, 115.829, 21.127, -140.603, -27.300, -38.193, 45.100, 30.97, -0.14264, -0.36838, 0.69794, 0.59726
2025-06-14 20:59:41.977000,f8:a2:fd:ea:fb:80, -0.191, 0.874, -0.39, 85.449, 18.982, -45.715, 127.54, 24.917, -136.829, -15.980, -22.473, 53.800, 30.97, -0.14264, -0.36838, 0.69794, 0.59726
2025-06-14 20:59:42.126000,f8:a2:fd:ea:fb:80, -0.369, 0.499, -0.033, -52.246, -27.161, 19.775, 125.425, 25.84, -140.054, -15.980, -22.473, 53.800, 30.97, 0.03665, -0.39877, 0.78247, 0.47675
2025-06-14 20:59:42.216000,f8:a2:fd:ea:fb:80, -0.487, 0.854, -0.255, -180.298, -13.794, 79.59, 109.825, 20.649, -143.646, -15.980, -22.473, 53.800, 30.97, 0.03665, -0.39877, 0.78247, 0.47675
2025-06-14 20:59:42.306000,f8:a2:fd:ea:fb:80, -0.526, 1.073, -0.968, -140.137, -23.193, 67.078, 90.939, 13.123, -147.936, -18.113, -40.560, 54.513, 30.97, 0.03665, -0.39877, 0.78247, 0.47675
2025-06-14 20:59:42.427000,f8:a2:fd:ea:fb:80, -0.368, 0.662, -0.993, 28.625, -3.845, 0.366, 85.963, 10.695, -146.014, -18.113, -40.560, 54.513, 30.97, -0.1506, -0.25937, 0.62784, 0.71814
2025-06-14 20:59:42.517000,f8:a2:fd:ea:fb:80, -0.079, 0.859, -0.439, 36.804, 20.874, -2.136, 91.604, 12.162, -141.476, -18.113, -40.560, 54.513, 30.97, -0.1506, -0.25937, 0.62784, 0.71814
2025-06-14 20:59:42.637000,f8:a2:fd:ea:fb:80, -0.25, 1.096, -0.082, 17.7, 37.048, 2.441, 94.977, 11.624, -138.625, -25.093, -44.187, 49.053, 30.97, -0.1506, -0.25937, 0.62784, 0.71814
2025-06-14 20:59:42.787000,f8:a2:fd:ea:fb:80, -0.164, 1.004, -0.115, 1.526, -5.493, -5.066, 96.405, 11.695, -137.082, -25.093, -44.187, 49.053, 30.97, -0.17145, -0.33441, 0.66547, 0.64484
2025-06-14 20:59:42.816000,f8:a2:fd:ea:fb:80, -0.091, 0.951, -0.146, 3.174, -7.629, -2.38, 96.812, 12.09, -138.098, -25.093, -44.187, 49.053, 30.97, -0.17145, -0.33441, 0.66547, 0.64484
2025-06-14 20:59:42.907000,f8:a2:fd:ea:fb:80, -0.254, 0.984, -0.136, 28.442, -11.475, -11.536, 97.899, 12.651, -139.241, -21.047, -35.753, 45.787, 30.97, -0.17145, -0.33441, 0.66547, 0.64484
2025-06-14 20:59:43.027000,f8:a2:fd:ea:fb:80, -0.461, 1.052, -0.149, 81.177, -1.465, -33.386, 103.14, 14.799, -139.449, -21.047, -35.753, 45.787, 30.97, -0.10297, -0.3541, 0.71304, 0.59622
2025-06-14 20:59:43.117000,f8:a2:fd:ea:fb:80, -0.117, 1.531, 0.088, 153.076, -54.81, -54.199, 113.5, 19.138, -139.406, -21.047, -35.753, 45.787, 30.97, -0.10297, -0.3541, 0.71304, 0.59622
2025-06-14 20:59:43.207000,f8:a2:fd:ea:fb:80, -0.034, 1.104, -0.511, 113.525, 34.729, -53.589, 126.92, 26.098, -141.817, -12.073, -19.027, 53.487, 30.97, -0.10297, -0.3541, 0.71304, 0.59622
2025-06-14 20:59:43.327000,f8:a2:fd:ea:fb:80, -0.175, 0.446, -0.082, -35.706, 3.845, 14.221, 129.655, 27.026, -142.982, -12.073, -19.027, 53.487, 30.97, 0.06927, -0.37357, 0.80289, 0.45926
2025-06-14 20:59:43.416000,f8:a2:fd:ea:fb:80, -0.278, 0.571, -0.164, -179.26, 61.707, 69.519, 116.763, 20.176, -142.872, -12.073, -19.027, 53.487, 30.97, 0.06927, -0.37357, 0.80289, 0.45926
2025-06-14 20:59:43.537000,f8:a2:fd:ea:fb:80, -0.472, 1.17, -0.808, -217.529, 1.221, 83.557, 96.042, 11.975, -143.344, -24.913, -41.613, 50.153, 30.97, 0.06927, -0.37357, 0.80289, 0.45926
2025-06-14 20:59:43.627000,f8:a2:fd:ea:fb:80, -0.075, 0.953, -1.01, -70.801, -56.763, 45.776, 82.524, 5.768, -142.932, -24.913, -41.613, 50.153, 30.97, -0.20712, -0.24521, 0.61246, 0.72232
2025-06-14 20:59:43.717000,f8:a2:fd:ea:fb:80, -0.04, 1.658, 0.515, 41.931, 77.515, -39.185, 86.666, 7.515, -143.135, -24.913, -41.613, 50.153, 30.97, -0.20712, -0.24521, 0.61246, 0.72232
2025-06-14 20:59:43.840000,f8:a2:fd:ea:fb:80, -0.076, 0.986, -0.125, 43.762, -7.019, -2.197, 92.697, 9.558, -135.791, -33.447, -42.773, 45.020, 30.97, -0.20712, -0.24521, 0.61246, 0.72232
2025-06-14 20:59:43.956000,f8:a2:fd:ea:fb:80, -0.149, 1.018, -0.162, 30.823, -3.906, -1.892, 96.482, 9.514, -132.858, -33.447, -42.773, 45.020, 30.97, -0.20636, -0.35016, 0.66235, 0.62927
2025-06-14 20:59:44.017000,f8:a2:fd:ea:fb:80, -0.15, 0.927, -0.187, 18.982, -20.996, -6.226, 98.586, 10.19, -133.105, -33.447, -42.773, 45.020, 30.97, -0.20636, -0.35016, 0.66235, 0.62927
2025-06-14 20:59:44.108000,f8:a2:fd:ea:fb:80, -0.113, 0.937, -0.175, 23.621, -7.446, -6.958, 100.063, 10.86, -133.726, -31.233, -36.327, 44.660, 30.97, -0.20636, -0.35016, 0.66235, 0.62927
2025-06-14 20:59:44.257000,f8:a2:fd:ea:fb:80, -0.334, 1.07, -0.191, 70.679, 1.709, -20.325, 104.052, 11.799, -133.89, -31.233, -36.327, 44.660, 30.97, -0.16663, -0.3642, 0.69519, 0.59683
2025-06-14 20:59:44.319000,f8:a2:fd:ea:fb:80, 0.007, 2.012, -0.003, 157.776, -35.217, -52.429, 114.082, 15.727, -136.637, -31.233, -36.327, 44.660, 30.97, -0.16663, -0.3642, 0.69519, 0.59683
2025-06-14 20:59:44.408000,f8:a2:fd:ea:fb:80, -0.267, 1.033, -0.479, 130.066, -32.166, -36.499, 128.436, 21.725, -137.867, -22.087, -21.353, 53.040, 30.97, 0.03302, -0.39273, 0.81168, 0.431
2025-06-14 20:59:44.526000,f8:a2:fd:ea:fb:80, -0.324, 0.338, 0.126, -49.561, -11.658, 15.625, 131.38, 23.302, -139.982, -22.087, -21.353, 53.040, 30.97, 0.03302, -0.39273, 0.81168, 0.431
2025-06-14 20:59:44.617000,f8:a2:fd:ea:fb:80, -0.398, 0.564, -0.138, -193.665, -2.747, 63.354, 116.131, 20.001, -143.036, -18.887, -32.707, 57.200, 30.97, 0.03302, -0.39273, 0.81168, 0.431
2025-06-14 20:59:44.709000,f8:a2:fd:ea:fb:80, -0.263, 1.14, -0.979, -222.839, -4.517, 55.725, 93.389, 14.019, -146.316, -18.887, -32.707, 57.200, 30.97, -0.13861, -0.27914, 0.63333, 0.70828
2025-06-14 20:59:44.827000,f8:a2:fd:ea:fb:80, -0.685, 0.917, -1.308, -19.409, -30.273, 22.522, 81.14, 11.343, -143.8, -18.887, -32.707, 57.200, 31.02, -0.13861, -0.27914, 0.63333, 0.70828
2025-06-14 20:59:44.916000,f8:a2:fd:ea:fb:80, -0.256, 0.863, -0.395, 26.611, 125.732, -18.372, 86.869, 12.184, -139.202, -18.887, -32.707, 57.200, 31.02, -0.13861, -0.27914, 0.63333, 0.70828
2025-06-14 20:59:45.008000,f8:a2:fd:ea:fb:80, -0.091, 0.986, -0.157, 39.368, 19.836, 7.935, 93.235, 12.255, -133.583, -27.980, -47.720, 46.620, 31.02, -0.13861, -0.27914, 0.63333, 0.70828
2025-06-14 20:59:45.127000,f8:a2:fd:ea:fb:80, -0.117, 0.996, -0.196, 12.634, -4.089, 2.075, 95.9, 11.695, -132.671, -27.980, -47.720, 46.620, 31.02, -0.19635, -0.35791, 0.65131, 0.63956
2025-06-14 20:59:45.217000,f8:a2:fd:ea:fb:80, -0.17, 0.965, -0.146, 15.259, -19.226, 0.061, 97.009, 11.689, -134.473, -27.980, -47.720, 46.620, 31.02, -0.19635, -0.35791, 0.65131, 0.63956
2025-06-14 20:59:45.307000,f8:a2:fd:ea:fb:80, -0.176, 0.973, -0.145, 14.648, 1.953, -4.578, 98.399, 11.783, -135.341, -24.247, -39.460, 47.313, 31.02, -0.19635, -0.35791, 0.65131, 0.63956
2025-06-14 20:59:45.428000,f8:a2:fd:ea:fb:80, -0.25, 0.981, -0.16, 38.208, 5.615, -15.503, 101.113, 12.552, -135.319, -24.247, -39.460, 47.313, 31.02, -0.16458, -0.35391, 0.68112, 0.61935
2025-06-14 20:59:45.518000,f8:a2:fd:ea:fb:80, -0.312, 1.039, -0.23, 67.627, 0.427, -25.94, 106.672, 14.37, -135.082, -24.247, -39.460, 47.313, 31.02, -0.16458, -0.35391, 0.68112, 0.61935
2025-06-14 20:59:45.608000,f8:a2:fd:ea:fb:80, -0.167, 1.446, 0.026, 144.897, -103.638, -51.147, 115.724, 19.655, -138.472, -24.247, -39.460, 47.313, 31.02, -0.16458, -0.35391, 0.68112, 0.61935
2025-06-14 20:59:45.727000,f8:a2:fd:ea:fb:80, -0.043, 0.95, -0.557, 107.91, -5.249, -55.237, 127.112, 25.95, -139.537, -16.007, -26.093, 49.673, 31.02, 0.0502, -0.40527, 0.79202, 0.45367
2025-06-14 20:59:45.817000,f8:a2:fd:ea:fb:80, -0.226, 0.569, -0.039, -20.508, -2.38, 7.446, 130.353, 26.592, -138.565, -16.007, -26.093, 49.673, 31.02, 0.0502, -0.40527, 0.79202, 0.45367
2025-06-14 20:59:45.908000,f8:a2:fd:ea:fb:80, -0.367, 0.75, -0.173, -141.357, -17.578, 68.298, 118.559, 23.165, -142.542, -13.833, -28.660, 56.607, 31.02, 0.0502, -0.40527, 0.79202, 0.45367
2025-06-14 20:59:46.027000,f8:a2:fd:ea:fb:80, -0.404, 1.03, -0.593, -195.251, 11.963, 85.083, 100.212, 15.606, -145.635, -13.833, -28.660, 56.607, 31.02, -0.104, -0.29904, 0.68771, 0.6532
2025-06-14 20:59:46.117000,f8:a2:fd:ea:fb:80, -0.578, 0.998, -0.84, -111.206, -23.071, 43.823, 84.221, 8.718, -144.102, -13.833, -28.660, 56.607, 31.02, -0.104, -0.29904, 0.68771, 0.6532
2025-06-14 20:59:46.208000,f8:a2:fd:ea:fb:80, 0.007, 0.922, -0.041, 42.542, 13.611, -12.695, 83.271, 7.509, -144.267, -26.013, -49.993, 46.073, 31.02, -0.104, -0.29904, 0.68771, 0.6532
2025-06-14 20:59:46.358000,f8:a2:fd:ea:fb:80, -0.139, 0.914, -0.151, 63.721, -4.883, -5.615, 89.006, 10.366, -136.912, -26.013, -49.993, 46.073, 31.02, -0.20395, -0.30774, 0.61981, 0.69241
2025-06-14 20:59:46.448000,f8:a2:fd:ea:fb:80, -0.168, 1.032, -0.024, 27.832, 44.8, 1.404, 93.845, 10.437, -132.99, -26.013, -49.993, 46.073, 31.02, -0.20395, -0.30774, 0.61981, 0.69241
2025-06-14 20:59:46.538000,f8:a2:fd:ea:fb:80, -0.155, 0.982, -0.15, 20.691, -0.366, -5.066, 96.812, 10.481, -131.303, -29.913, -44.000, 44.133, 31.02, -0.20395, -0.30774, 0.61981, 0.69241
2025-06-14 20:59:46.657000,f8:a2:fd:ea:fb:80, -0.186, 0.941, -0.161, 7.08, -15.747, -2.258, 97.8, 10.876, -132.341, -29.913, -44.000, 44.133, 31.02, -0.2016, -0.36166, 0.65958, 0.6272
2025-06-14 20:59:46.747000,f8:a2:fd:ea:fb:80, -0.146, 0.957, -0.145, 21.301, -5.371, -6.897, 98.987, 11.299, -133.396, -29.913, -44.000, 44.133, 31.02, -0.2016, -0.36166, 0.65958, 0.6272
2025-06-14 20:59:46.840000,f8:a2:fd:ea:fb:80, -0.226, 1.006, -0.222, 52.551, 5.981, -20.02, 102.805, 12.343, -133.286, -25.087, -33.640, 43.007, 31.02, -0.2016, -0.36166, 0.65958, 0.6272
2025-06-14 20:59:46.959000,f8:a2:fd:ea:fb:80, -0.236, 1.289, -0.182, 93.689, -7.385, -38.33, 109.742, 14.985, -133.407, -25.087, -33.640, 43.007, 31.02, -0.12488, -0.39087, 0.71674, 0.56375
2025-06-14 20:59:47.048000,f8:a2:fd:ea:fb:80, -0.135, 1.124, -0.468, 140.259, -39.612, -62.683, 121.404, 21.423, -136.181, -25.087, -33.640, 43.007, 31.02, -0.12488, -0.39087, 0.71674, 0.56375
2025-06-14 20:59:47.139000,f8:a2:fd:ea:fb:80, -0.229, 0.591, -0.512, 70.068, -7.202, -29.419, 131.298, 25.653, -135.5, -15.653, -20.560, 52.260, 31.02, -0.12488, -0.39087, 0.71674, 0.56375
2025-06-14 20:59:47.258000,f8:a2:fd:ea:fb:80, -0.465, 0.478, 0.002, -89.539, 10.01, 33.691, 127.321, 25.027, -138.889, -15.653, -20.560, 52.260, 31.02, 0.02698, -0.39587, 0.78406, 0.47717
2025-06-14 20:59:47.358000,f8:a2:fd:ea:fb:80, -0.448, 0.766, -0.161, -195.435, -8.972, 90.088, 109.111, 19.045, -143.828, -15.653, -20.560, 52.260, 31.02, 0.02698, -0.39587, 0.78406, 0.47717
2025-06-14 20:59:47.438000,f8:a2:fd:ea:fb:80, -0.417, 1.209, -0.75, -217.346, 6.958, 79.041, 87.248, 11.761, -147.178, -22.033, -47.620, 48.547, 31.02, 0.02698, -0.39587, 0.78406, 0.47717
2025-06-14 20:59:47.558000,f8:a2:fd:ea:fb:80, -0.509, 0.723, -1.158, 6.409, -12.939, 15.32, 79.651, 8.558, -146.711, -22.033, -47.620, 48.547, 31.02, -0.17352, -0.23785, 0.59546, 0.74741
2025-06-14 20:59:47.648000,f8:a2:fd:ea:fb:80, -0.005, 1.034, -0.113, 51.758, 38.391, -10.315, 86.127, 11.179, -139.455, -22.033, -47.620, 48.547, 31.02, -0.17352, -0.23785, 0.59546, 0.74741
2025-06-14 20:59:47.739000,f8:a2:fd:ea:fb:80, -0.225, 1.058, -0.033, 16.418, 23.743, 6.775, 90.489, 10.695, -139.109, -26.327, -47.073, 46.680, 31.02, -0.17352, -0.23785, 0.59546, 0.74741
2025-06-14 20:59:47.858000,f8:a2:fd:ea:fb:80, -0.087, 0.987, -0.084, 24.719, 12.39, -7.141, 93.29, 10.701, -137.851, -26.327, -47.073, 46.680, 31.02, -0.18243, -0.32004, 0.6525, 0.66214
2025-06-14 20:59:47.948000,f8:a2:fd:ea:fb:80, -0.13, 0.982, -0.126, 22.339, 2.075, -4.944, 96.015, 11.168, -137.664, -26.327, -47.073, 46.680, 31.02, -0.18243, -0.32004, 0.6525, 0.66214
2025-06-14 20:59:48.039000,f8:a2:fd:ea:fb:80, -0.166, 1.021, -0.128, 27.954, 3.601, -9.521, 98.377, 11.519, -137.615, -23.453, -36.920, 46.473, 31.02, -0.18243, -0.32004, 0.6525, 0.66214
2025-06-14 20:59:48.158000,f8:a2:fd:ea:fb:80, -0.154, 0.999, -0.215, 57.312, -0.671, -21.057, 102.431, 12.81, -137.802, -23.453, -36.920, 46.473, 31.02, -0.14291, -0.34402, 0.69754, 0.61203
2025-06-14 20:59:48.250000,f8:a2:fd:ea:fb:80, -0.292, 1.229, -0.224, 96.313, -11.108, -34.485, 109.44, 15.15, -137.994, -23.453, -36.920, 46.473, 31.02, -0.14291, -0.34402, 0.69754, 0.61203
2025-06-14 20:59:48.339000,f8:a2:fd:ea:fb:80, -0.107, 1.234, -0.33, 150.146, -60.791, -73.547, 120.707, 21.363, -141.735, -14.547, -21.833, 51.327, 31.02, -0.14291, -0.34402, 0.69754, 0.61203
2025-06-14 20:59:48.457000,f8:a2:fd:ea:fb:80, -0.13, 0.423, -0.463, 51.88, 29.724, -40.894, 131.501, 25.697, -138.911, -14.547, -21.833, 51.327, 31.02, 0.04901, -0.39606, 0.79993, 0.44803
2025-06-14 20:59:48.547000,f8:a2:fd:ea:fb:80, -0.482, 0.426, -0.027, -103.516, 4.028, 25.574, 127.134, 24.703, -139.587, -14.547, -21.833, 51.327, 31.02, 0.04901, -0.39606, 0.79993, 0.44803
2025-06-14 20:59:48.638000,f8:a2:fd:ea:fb:80, -0.523, 0.797, -0.196, -208.618, 3.662, 77.942, 109.215, 19.061, -142.668, -19.233, -39.107, 53.527, 31.02, 0.04901, -0.39606, 0.79993, 0.44803
2025-06-14 20:59:48.759000,f8:a2:fd:ea:fb:80, -0.356, 1.148, -0.831, -205.933, 21.606, 59.204, 87.753, 12.629, -143.63, -19.233, -39.107, 53.527, 31.02, -0.1713, -0.28229, 0.6069, 0.72284
2025-06-14 20:59:48.849000,f8:a2:fd:ea:fb:80, -0.685, 0.773, -0.956, 35.339, -47.058, 9.338, 81.661, 10.267, -143.311, -19.233, -39.107, 53.527, 31.02, -0.1713, -0.28229, 0.6069, 0.72284
2025-06-14 20:59:48.939000,f8:a2:fd:ea:fb:80, -0.174, 0.939, -0.022, 43.396, 96.741, -16.296, 87.902, 12.387, -136.912, -19.233, -39.107, 53.527, 31.02, -0.1713, -0.28229, 0.6069, 0.72284
2025-06-14 20:59:49.058000,f8:a2:fd:ea:fb:80, -0.02, 1.019, -0.082, 40.71, 33.508, 5.798, 93.988, 12.371, -132.726, -26.680, -50.527, 44.533, 31.02, -0.20395, -0.36823, 0.64435, 0.63837
2025-06-14 20:59:49.148000,f8:a2:fd:ea:fb:80, -0.19, 1.028, -0.19, 20.752, 3.662, -4.272, 97.229, 11.959, -131.248, -26.680, -50.527, 44.533, 31.02, -0.20395, -0.36823, 0.64435, 0.63837
2025-06-14 20:59:49.238000,f8:a2:fd:ea:fb:80, -0.161, 0.938, -0.155, 7.69, 3.113, -3.479, 98.427, 12.222, -131.221, -26.240, -41.513, 44.020, 31.02, -0.20395, -0.36823, 0.64435, 0.63837
2025-06-14 20:59:49.358000,f8:a2:fd:ea:fb:80, -0.125, 0.975, -0.145, 20.203, 4.7, -7.935, 100.063, 12.519, -131.188, -26.240, -41.513, 44.020, 31.02, -0.18515, -0.38, 0.66708, 0.61334
2025-06-14 20:59:49.449000,f8:a2:fd:ea:fb:80, -0.406, 1.015, -0.161, 65.308, 4.639, -22.766, 104.288, 13.7, -131.067, -26.240, -41.513, 44.020, 31.02, -0.18515, -0.38, 0.66708, 0.61334
2025-06-14 20:59:49.539000,f8:a2:fd:ea:fb:80, 0.086, 1.47, -0.112, 115.723, -14.709, -42.603, 113.351, 16.842, -131.314, -21.533, -29.873, 45.733, 31.02, -0.18515, -0.38, 0.66708, 0.61334
2025-06-14 20:59:49.658000,f8:a2:fd:ea:fb:80, -0.178, 1.02, -0.738, 133.484, -47.119, -49.744, 125.327, 24.137, -134.956, -21.533, -29.873, 45.733, 31.02, -0.01721, -0.42145, 0.76013, 0.49414
2025-06-14 20:59:49.749000,f8:a2:fd:ea:fb:80, -0.22, 0.508, 0.071, -2.808, -33.997, 21.362, 131.089, 26.938, -137.296, -21.533, -29.873, 45.733, 31.02, -0.01721, -0.42145, 0.76013, 0.49414
2025-06-14 20:59:49.844000,f8:a2:fd:ea:fb:80, -0.37, 0.614, -0.105, -145.386, 15.381, 80.322, 120.948, 23.362, -142.339, -14.513, -24.940, 56.667, 31.02, -0.01721, -0.42145, 0.76013, 0.49414
2025-06-14 20:59:49.987000,f8:a2:fd:ea:fb:80, -0.498, 1.034, -0.597, -195.618, -31.982, 92.712, 101.794, 15.82, -147.849, -14.513, -24.940, 56.667, 31.02, -0.05942, -0.30917, 0.72595, 0.61139
2025-06-14 20:59:50.049000,f8:a2:fd:ea:fb:80, -0.05, 0.931, -0.989, -109.131, 17.517, 41.809, 85.529, 9.355, -147.799, -14.513, -24.940, 56.667, 31.02, -0.05942, -0.30917, 0.72595, 0.61139
2025-06-14 20:59:50.137000,f8:a2:fd:ea:fb:80, -0.284, 1.536, 0.216, 31.982, 40.833, -1.892, 85.611, 10.031, -143.289, -25.080, -50.073, 47.193, 31.02, -0.18634, -0.31277, 0.62643, 0.68912
2025-06-14 20:59:50.257000,f8:a2:fd:ea:fb:80, -0.26, 1.05, -0.103, 26.917, -5.554, 12.695, 90.972, 11.426, -136.95, -25.080, -50.073, 47.193, 31.02, -0.18634, -0.31277, 0.62643, 0.68912
2025-06-14 20:59:50.381000,f8:a2:fd:ea:fb:80, -0.077, 0.98, -0.075, 13.672, 9.766, 1.282, 93.647, 10.887, -136.258, -25.080, -50.073, 47.193, 31.02, -0.18634, -0.31277, 0.62643, 0.68912
2025-06-14 20:59:50.439000,f8:a2:fd:ea:fb:80, -0.136, 0.955, -0.113, 10.742, -11.353, -1.831, 94.883, 10.975, -136.994, -27.573, -45.053, 46.287, 31.02, -0.18634, -0.31277, 0.62643, 0.68912
2025-06-14 20:59:50.588000,f8:a2:fd:ea:fb:80, -0.17, 0.987, -0.136, 15.747, -9.399, -3.357, 96.147, 11.107, -138.285, -27.573, -45.053, 46.287, 31.02, -0.17184, -0.32474, 0.66678, 0.64828
2025-06-14 20:59:50.649000,f8:a2:fd:ea:fb:80, -0.263, 0.984, -0.105, 21.118, -13.367, -10.193, 97.641, 11.662, -139.477, -27.573, -45.053, 46.287, 31.02, -0.17184, -0.32474, 0.66678, 0.64828
2025-06-14 20:59:50.770000,f8:a2:fd:ea:fb:80, -0.222, 1, -0.143, 75.623, 2.869, -26.978, 102.244, 13.359, -139.856, -21.700, -34.460, 45.887, 31.02, -0.17184, -0.32474, 0.66678, 0.64828
2025-06-14 20:59:50.888000,f8:a2:fd:ea:fb:80, -0.058, 1.456, 0.012, 140.015, -51.636, -48.767, 112.137, 17.54, -140.125, -21.700, -34.460, 45.887, 31.02, -0.10452, -0.34747, 0.71942, 0.59216
2025-06-14 20:59:50.979000,f8:a2:fd:ea:fb:80, -0.063, 1.236, -0.873, 127.441, 17.822, -73.242, 125.046, 25.433, -143.608, -21.700, -34.460, 45.887, 31.02, -0.10452, -0.34747, 0.71942, 0.59216
2025-06-14 20:59:51.068000,f8:a2:fd:ea:fb:80, -0.135, 0.577, 0.033, -11.658, -1.77, -2.197, 130.38, 25.549, -140.18, -13.873, -19.273, 54.693, 31.02, -0.10452, -0.34747, 0.71942, 0.59216
2025-06-14 20:59:51.189000,f8:a2:fd:ea:fb:80, -0.42, 0.616, -0.123, -153.931, 27.71, 48.34, 118.971, 21.978, -141.531, -13.873, -19.273, 54.693, 31.02, -0.04764, -0.35544, 0.74283, 0.56525
2025-06-14 20:59:51.280000,f8:a2:fd:ea:fb:80, -0.504, 1.052, -0.557, -216.309, -32.471, 71.777, 97.828, 14.777, -143.74, -13.873, -19.273, 54.693, 31.02, -0.04764, -0.35544, 0.74283, 0.56525
2025-06-14 20:59:51.429000,f8:a2:fd:ea:fb:80, -0.239, 1.012, -1.053, -124.512, 4.822, 39.734, 81.112, 9.646, -143.036, -25.240, -51.333, 43.933, 31.02, -0.04764, -0.35544, 0.74283, 0.56525
2025-06-14 20:59:51.489000,f8:a2:fd:ea:fb:80, -0.178, 0.936, -0.067, 18.066, 119.019, -16.846, 84.534, 10.541, -141.163, -25.240, -51.333, 43.933, 31.02, -0.18909, -0.29163, 0.60867, 0.71317
2025-06-14 20:59:51.578000,f8:a2:fd:ea:fb:80, -0.106, 1.034, -0.05, 28.992, 21.423, 5.676, 90.401, 11.755, -134.247, -25.240, -51.333, 43.933, 31.02, -0.18909, -0.29163, 0.60867, 0.71317
2025-06-14 20:59:51.668000,f8:a2:fd:ea:fb:80, -0.092, 1.048, -0.117, 22.644, 7.202, -1.465, 94.087, 11.31, -131.473, -28.480, -44.973, 43.793, 31.02, -0.18909, -0.29163, 0.60867, 0.71317
2025-06-14 20:59:51.788000,f8:a2:fd:ea:fb:80, -0.125, 0.971, -0.122, 11.475, -17.944, -0.916, 95.449, 11.431, -132.171, -28.480, -44.973, 43.793, 31.02, -0.2001, -0.35757, 0.6488, 0.64111
2025-06-14 20:59:51.879000,f8:a2:fd:ea:fb:80, -0.102, 0.988, -0.12, 17.883, -2.319, -6.531, 96.608, 11.635, -133.781, -28.480, -44.973, 43.793, 31.02, -0.2001, -0.35757, 0.6488, 0.64111
2025-06-14 20:59:51.998000,f8:a2:fd:ea:fb:80, -0.231, 0.999, -0.133, 62.317, 9.399, -21.24, 100.355, 12.623, -134.116, -23.787, -35.533, 43.847, 31.02, -0.2001, -0.35757, 0.6488, 0.64111
2025-06-14 20:59:52.088000,f8:a2:fd:ea:fb:80, -0.26, 1.179, -0.181, 118.225, -12.146, -41.748, 108.831, 15.178, -133.693, -23.787, -35.533, 43.847, 31.02, -0.12799, -0.38763, 0.71094, 0.57254
2025-06-14 20:59:52.179000,f8:a2:fd:ea:fb:80, -0.213, 1.332, -0.396, 161.621, -58.533, -72.51, 121.459, 21.819, -137.153, -23.787, -35.533, 43.847, 31.02, -0.12799, -0.38763, 0.71094, 0.57254
2025-06-14 20:59:52.301000,f8:a2:fd:ea:fb:80, -0.143, 0.591, -0.497, 55.359, 11.169, -29.663, 132.325, 26.032, -135.939, -14.847, -20.013, 54.413, 31.02, -0.12799, -0.38763, 0.71094, 0.57254
2025-06-14 20:59:52.389000,f8:a2:fd:ea:fb:80, -0.481, 0.407, -0.064, -101.501, 12.268, 38.94, 127.859, 24.813, -138.252, -14.847, -20.013, 54.413, 31.02, 0.0274, -0.40076, 0.78601, 0.46979
2025-06-14 20:59:52.478000,f8:a2:fd:ea:fb:80, -0.573, 0.733, -0.158, -224.976, -6.287, 96.069, 108.748, 18.144, -142.361, -14.847, -20.013, 54.413, 31.02, 0.0274, -0.40076, 0.78601, 0.46979
2025-06-14 20:59:52.569000,f8:a2:fd:ea:fb:80, -0.435, 1.156, -1.126, -192.566, -7.263, 66.101, 86.072, 11.673, -146.788, -22.840, -49.473, 48.267, 31.02, 0.0274, -0.40076, 0.78601, 0.46979
2025-06-14 20:59:52.688000,f8:a2:fd:ea:fb:80, -0.139, 0.905, -0.699, 45.532, -19.531, 2.93, 81.238, 9.575, -145.212, -22.840, -49.473, 48.267, 31.02, -0.17502, -0.25327, 0.59827, 0.73972
2025-06-14 20:59:52.779000,f8:a2:fd:ea:fb:80, -0.116, 0.914, -0.023, 37.903, 18.799, 5.432, 87.188, 11.459, -137.659, -22.840, -49.473, 48.267, 31.02, -0.17502, -0.25327, 0.59827, 0.73972
2025-06-14 20:59:52.870000,f8:a2:fd:ea:fb:80, -0.134, 1.021, -0.079, 12.573, 10.498, 6.714, 90.302, 10.871, -136.516, -22.840, -49.473, 48.267, 31.02, -0.17502, -0.25327, 0.59827, 0.73972
2025-06-14 20:59:52.989000,f8:a2:fd:ea:fb:80, -0.104, 0.954, -0.04, 18.555, -6.104, -4.028, 92.214, 10.898, -137.543, -28.080, -48.820, 45.707, 31.02, -0.1814, -0.32321, 0.65213, 0.66125
2025-06-14 20:59:53.080000,f8:a2:fd:ea:fb:80, -0.147, 0.982, -0.088, 23.193, 16.113, -5.432, 94.653, 11.091, -137.203, -28.080, -48.820, 45.707, 31.02, -0.1814, -0.32321, 0.65213, 0.66125
2025-06-14 20:59:53.169000,f8:a2:fd:ea:fb:80, -0.266, 0.943, -0.13, 40.894, 4.578, -12.268, 97.954, 11.728, -136.516, -28.080, -48.820, 45.707, 31.02, -0.1814, -0.32321, 0.65213, 0.66125
2025-06-14 20:59:53.289000,f8:a2:fd:ea:fb:80, -0.333, 1.063, -0.175, 89.478, -8.85, -35.339, 103.376, 13.535, -138.444, -22.013, -34.520, 48.827, 31.02, -0.07602, -0.36212, 0.73981, 0.56186
2025-06-14 20:59:53.379000,f8:a2:fd:ea:fb:80, -0.205, 1.582, 0.177, 170.593, -52.246, -64.758, 114.741, 18.358, -139.603, -22.013, -34.520, 48.827, 31.02, -0.07602, -0.36212, 0.73981, 0.56186
2025-06-14 20:59:53.469000,f8:a2:fd:ea:fb:80, -0.213, 0.861, -0.387, 74.097, 56.58, -53.955, 128.095, 24.686, -138.757, -22.013, -34.520, 48.827, 31.02, -0.07602, -0.36212, 0.73981, 0.56186
2025-06-14 20:59:53.589000,f8:a2:fd:ea:fb:80, -0.239, 0.396, -0.015, -59.204, -9.033, 8.179, 129.353, 24.62, -136.675, -15.293, -21.400, 56.120, 31.02, -0.07602, -0.36212, 0.73981, 0.56186
2025-06-14 20:59:53.678000,f8:a2:fd:ea:fb:80, -0.351, 0.604, -0.056, -178.04, -17.151, 71.289, 115.164, 21.676, -140.455, -15.293, -21.400, 56.120, 31.02, -0.03687, -0.3688, 0.73975, 0.56149
2025-06-14 20:59:53.769000,f8:a2:fd:ea:fb:80, -0.35, 1.213, -0.925, -205.017, -38.025, 85.388, 93.345, 14.881, -146.772, -15.293, -21.400, 56.120, 31.02, -0.03687, -0.3688, 0.73975, 0.56149
2025-06-14 20:59:53.889000,f8:a2:fd:ea:fb:80, -0.495, 0.895, -1.234, -29.297, -18.127, 26.672, 81.101, 9.728, -146.876, -15.293, -21.400, 56.120, 31.02, -0.03687, -0.3688, 0.73975, 0.56149
2025-06-14 20:59:53.979000,f8:a2:fd:ea:fb:80, -0.198, 0.971, -0.402, 31.311, 82.947, -12.512, 86.017, 11.448, -140.812, -22.560, -53.587, 46.260, 31.02, -0.18637, -0.32281, 0.62628, 0.6846
2025-06-14 20:59:54.069000,f8:a2:fd:ea:fb:80, -0.172, 0.984, -0.066, 40.894, 2.747, 7.507, 91.214, 11.953, -137.115, -22.560, -53.587, 46.260, 31.02, -0.18637, -0.32281, 0.62628, 0.6846
2025-06-14 20:59:54.189000,f8:a2:fd:ea:fb:80, -0.151, 1.02, -0.142, 26.917, 13.367, -5.249, 95.438, 11.766, -134.522, -22.560, -53.587, 46.260, 31.02, -0.18637, -0.32281, 0.62628, 0.6846
2025-06-14 20:59:54.278000,f8:a2:fd:ea:fb:80, -0.146, 0.95, -0.155, 8.789, -2.319, -0.488, 97.048, 11.832, -134.703, -25.447, -44.147, 47.573, 31.02, -0.18637, -0.32281, 0.62628, 0.6846
2025-06-14 20:59:54.369000,f8:a2:fd:ea:fb:80, -0.165, 0.974, -0.152, 13.062, 0, -5.737, 98.289, 12.025, -135.308, -25.447, -44.147, 47.573, 31.02, -0.17441, -0.34924, 0.66928, 0.63211
2025-06-14 20:59:54.488000,f8:a2:fd:ea:fb:80, -0.249, 0.948, -0.135, 43.03, -1.587, -18.555, 100.898, 12.892, -135.489, -25.447, -44.147, 47.573, 31.02, -0.17441, -0.34924, 0.66928, 0.63211
2025-06-14 20:59:54.580000,f8:a2:fd:ea:fb:80, -0.356, 1.198, -0.174, 95.337, -12.146, -40.894, 107.765, 15.584, -135.242, -19.553, -31.360, 47.507, 31.02, -0.17441, -0.34924, 0.66928, 0.63211
2025-06-14 20:59:54.699000,f8:a2:fd:ea:fb:80, -0.182, 1.44, 0.009, 155.273, -60.425, -65.796, 119.724, 21.775, -137.664, -19.553, -31.360, 47.507, 31.02, -0.03769, -0.39404, 0.75299, 0.52557
2025-06-14 20:59:54.818000,f8:a2:fd:ea:fb:80, -0.167, 0.606, -0.362, 58.777, 25.574, -33.386, 130.347, 25.274, -135.104, -19.553, -31.360, 47.507, 31.02, -0.03769, -0.39404, 0.75299, 0.52557
2025-06-14 20:59:54.878000,f8:a2:fd:ea:fb:80, -0.65, 0.388, 0.017, -101.929, 6.165, 25.94, 124.783, 24.252, -137.368, -16.620, -28.573, 55.520, 31.02, -0.03769, -0.39404, 0.75299, 0.52557
2025-06-14 20:59:54.999000,f8:a2:fd:ea:fb:80, -0.509, 0.695, -0.278, -212.524, -20.996, 80.627, 104.958, 17.919, -141.537, -16.620, -28.573, 55.520, 31.02, -0.09387, -0.32788, 0.69193, 0.63623
2025-06-14 20:59:55.119000,f8:a2:fd:ea:fb:80, -0.255, 1.139, -0.888, -177.551, -2.319, 66.223, 84.902, 11.426, -145.338, -16.620, -28.573, 55.520, 31.02, -0.09387, -0.32788, 0.69193, 0.63623
2025-06-14 20:59:55.209000,f8:a2:fd:ea:fb:80, -0.004, 1.441, 0.479, 37.598, 16.907, -10.376, 82.315, 10.085, -143.146, -27.020, -53.320, 42.547, 31.02, -0.09387, -0.32788, 0.69193, 0.63623
2025-06-14 20:59:55.300000,f8:a2:fd:ea:fb:80, -0.142, 1.063, -0.217, 44.373, 23.315, 7.202, 88.495, 12.283, -134.286, -27.020, -53.320, 42.547, 31.02, -0.21158, -0.35165, 0.61838, 0.6701
2025-06-14 20:59:55.419000,f8:a2:fd:ea:fb:80, -0.154, 1.008, -0.073, 26.123, 9.094, 3.906, 92.78, 11.662, -131.116, -27.020, -53.320, 42.547, 31.02, -0.21158, -0.35165, 0.61838, 0.6701
2025-06-14 20:59:55.508000,f8:a2:fd:ea:fb:80, -0.157, 0.981, -0.156, 39.795, 16.418, -9.766, 96.465, 11.81, -130.078, -29.247, -45.027, 43.547, 31.02, -0.21158, -0.35165, 0.61838, 0.6701
2025-06-14 20:59:55.600000,f8:a2:fd:ea:fb:80, -0.171, 0.962, -0.207, 35.4, 11.78, -11.108, 100.393, 12.354, -129.249, -29.247, -45.027, 43.547, 31.02, -0.19315, -0.39697, 0.66653, 0.60062
2025-06-14 20:59:55.721000,f8:a2:fd:ea:fb:80, -0.221, 0.968, -0.261, 38.696, 7.385, -16.052, 104.145, 13.222, -128.447, -29.247, -45.027, 43.547, 31.02, -0.19315, -0.39697, 0.66653, 0.60062
2025-06-14 20:59:55.810000,f8:a2:fd:ea:fb:80, -0.291, 1.056, -0.231, 66.528, -0.732, -26.794, 108.995, 14.837, -127.716, -25.320, -33.647, 44.353, 31.02, -0.19315, -0.39697, 0.66653, 0.60062
2025-06-14 20:59:55.899000,f8:a2:fd:ea:fb:80, -0.242, 1.487, 0.041, 140.259, -73.975, -45.349, 117.746, 19.171, -130.441, -25.320, -33.647, 44.353, 31.02, -0.06689, -0.43173, 0.73755, 0.51483
2025-06-14 20:59:56.049000,f8:a2:fd:ea:fb:80, -0.248, 0.97, -0.356, 115.601, -56.763, -30.823, 128.677, 25.236, -133.544, -25.320, -33.647, 44.353, 31.02, -0.06689, -0.43173, 0.73755, 0.51483
2025-06-14 20:59:56.110000,f8:a2:fd:ea:fb:80, -0.341, 0.438, 0.032, -31.067, -14.099, 27.954, 130.177, 27.213, -138.235, -25.320, -33.647, 44.353, 31.02, -0.06689, -0.43173, 0.73755, 0.51483
2025-06-14 20:59:56.201000,f8:a2:fd:ea:fb:80, -0.458, 0.625, -0.106, -154.907, -21.545, 79.529, 116.757, 22.374, -142.311, -16.440, -27.007, 57.333, 31.02, -0.06689, -0.43173, 0.73755, 0.51483
2025-06-14 20:59:56.319000,f8:a2:fd:ea:fb:80, -0.379, 1.099, -0.637, -214.294, -11.78, 75.012, 95.795, 15.881, -146.689, -16.440, -27.007, 57.333, 31.02, -0.06534, -0.31839, 0.70688, 0.62814
2025-06-14 20:59:56.409000,f8:a2:fd:ea:fb:80, 0.055, 1.01, -0.816, -116.089, 2.014, 44.189, 79.689, 10.75, -145.547, -16.440, -27.007, 57.333, 31.02, -0.06534, -0.31839, 0.70688, 0.62814
2025-06-14 20:59:56.505000,f8:a2:fd:ea:fb:80, -0.173, 1.535, 0.773, 41.382, 15.869, 3.113, 81.892, 10.662, -144.196, -25.953, -52.967, 44.353, 31.02, -0.06534, -0.31839, 0.70688, 0.62814
2025-06-14 20:59:56.620000,f8:a2:fd:ea:fb:80, -0.135, 1.035, -0.1, 19.775, 35.95, 7.629, 87.44, 12.228, -137.862, -25.953, -52.967, 44.353, 31.02, -0.18958, -0.31888, 0.61356, 0.69702
2025-06-14 20:59:56.710000,f8:a2:fd:ea:fb:80, -0.162, 1.009, -0.043, 24.902, 21.423, 4.578, 90.764, 11.558, -136.143, -25.953, -52.967, 44.353, 31.02, -0.18958, -0.31888, 0.61356, 0.69702
2025-06-14 20:59:56.799000,f8:a2:fd:ea:fb:80, -0.144, 0.992, -0.112, 26.062, 8.118, -3.174, 93.889, 11.596, -135.209, -28.160, -45.873, 46.020, 31.02, -0.18958, -0.31888, 0.61356, 0.69702
2025-06-14 20:59:56.921000,f8:a2:fd:ea:fb:80, -0.159, 0.964, -0.134, 27.954, 3.479, -4.333, 96.636, 11.728, -135.187, -28.160, -45.873, 46.020, 31.02, -0.18201, -0.34564, 0.66019, 0.64142
2025-06-14 20:59:57.009000,f8:a2:fd:ea:fb:80, -0.193, 0.975, -0.207, 32.959, 2.502, -11.597, 99.712, 12.299, -135.055, -28.160, -45.873, 46.020, 31.02, -0.18201, -0.34564, 0.66019, 0.64142
2025-06-14 20:59:57.161000,f8:a2:fd:ea:fb:80, -0.282, 1.006, -0.215, 54.199, -7.812, -20.691, 103.574, 13.579, -135.209, -24.140, -34.900, 46.633, 31.02, -0.18201, -0.34564, 0.66019, 0.64142
2025-06-14 20:59:57.221000,f8:a2:fd:ea:fb:80, -0.09, 1.42, -0.042, 116.089, -18.982, -39.734, 110.978, 16.507, -135.709, -24.140, -34.900, 46.633, 31.02, -0.10516, -0.38168, 0.72241, 0.56677
2025-06-14 20:59:57.339000,f8:a2:fd:ea:fb:80, -0.241, 1.222, -0.725, 125.427, 15.137, -76.904, 123.409, 22.874, -137.417, -24.140, -34.900, 46.633, 31.02, -0.10516, -0.38168, 0.72241, 0.56677
2025-06-14 20:59:57.400000,f8:a2:fd:ea:fb:80, -0.227, 0.523, -0.513, 21.545, 6.409, -17.456, 131.792, 25.812, -135.379, -15.193, -21.340, 55.480, 31.02, -0.10516, -0.38168, 0.72241, 0.56677
2025-06-14 20:59:57.524000,f8:a2:fd:ea:fb:80, -0.42, 0.45, -0.165, -117.798, 14.893, 43.274, 125.173, 24.137, -137.812, -15.193, -21.340, 55.480, 31.02, -0.00375, -0.39532, 0.7674, 0.50467
2025-06-14 20:59:57.609000,f8:a2:fd:ea:fb:80, -0.466, 0.863, -0.288, -209.839, -1.038, 80.994, 106.848, 18.215, -141.987, -15.193, -21.340, 55.480, 31.02, -0.00375, -0.39532, 0.7674, 0.50467
2025-06-14 20:59:57.700000,f8:a2:fd:ea:fb:80, -0.384, 1.142, -0.767, -179.443, -15.503, 66.528, 86.71, 11.898, -144.899, -23.273, -49.300, 47.713, 31.02, -0.00375, -0.39532, 0.7674, 0.50467
2025-06-14 20:59:57.819000,f8:a2:fd:ea:fb:80, -0.235, 0.799, -0.983, 28.198, 28.503, -3.723, 80.244, 10.102, -141.998, -23.273, -49.300, 47.713, 31.02, -0.19385, -0.28134, 0.59064, 0.73099
2025-06-14 20:59:57.909000,f8:a2:fd:ea:fb:80, -0.032, 0.863, -0.04, 33.386, 39.49, -3.479, 86.265, 12.074, -135.736, -23.273, -49.300, 47.713, 31.02, -0.19385, -0.28134, 0.59064, 0.73099
2025-06-14 20:59:58.000000,f8:a2:fd:ea:fb:80, -0.134, 1.071, -0.01, 31.311, -1.282, 4.211, 89.896, 11.525, -134.412, -29.033, -50.087, 43.607, 31.02, -0.19385, -0.28134, 0.59064, 0.73099
2025-06-14 20:59:58.149000,f8:a2:fd:ea:fb:80, -0.13, 1.02, -0.119, 29.724, 21.851, -5.005, 93.461, 11.618, -132.111, -29.033, -50.087, 43.607, 31.02, -0.2092, -0.36008, 0.63586, 0.64972
2025-06-14 20:59:58.209000,f8:a2:fd:ea:fb:80, -0.16, 0.966, -0.168, 24.231, 10.681, -5.676, 96.669, 11.871, -131.314, -29.033, -50.087, 43.607, 31.02, -0.2092, -0.36008, 0.63586, 0.64972
2025-06-14 20:59:58.300000,f8:a2:fd:ea:fb:80, -0.161, 0.994, -0.13, 28.015, 1.282, -8.728, 99.053, 12.277, -131.105, -27.400, -41.867, 44.433, 31.02, -0.2092, -0.36008, 0.63586, 0.64972
2025-06-14 20:59:58.420000,f8:a2:fd:ea:fb:80, -0.304, 1.055, -0.144, 67.322, 4.028, -24.658, 103.793, 13.661, -130.858, -27.400, -41.867, 44.433, 31.02, -0.17462, -0.38824, 0.67596, 0.60144
2025-06-14 20:59:58.539000,f8:a2:fd:ea:fb:80, -0.133, 1.538, 0.022, 139.954, -38.635, -42.725, 113.835, 17.281, -131.896, -27.400, -41.867, 44.433, 31.02, -0.17462, -0.38824, 0.67596, 0.60144
2025-06-14 20:59:58.630000,f8:a2:fd:ea:fb:80, -0.203, 1.13, -0.61, 132.507, -45.776, -46.875, 126.76, 24.269, -135.148, -17.073, -24.033, 54.007, 31.02, -0.17462, -0.38824, 0.67596, 0.60144
2025-06-14 20:59:58.720000,f8:a2:fd:ea:fb:80, -0.219, 0.639, 0.065, 8.118, -30.396, 19.47, 131.418, 26.043, -137.812, -17.073, -24.033, 54.007, 31.02, 0.03418, -0.39084, 0.79129, 0.46887
2025-06-14 20:59:58.810000,f8:a2:fd:ea:fb:80, -0.501, 0.589, -0.012, -171.753, -4.883, 75.623, 119.685, 21.879, -141.724, -17.073, -24.033, 54.007, 31.02, 0.03418, -0.39084, 0.79129, 0.46887
2025-06-14 20:59:58.899000,f8:a2:fd:ea:fb:80, -0.415, 1.198, -0.865, -217.957, -42.48, 76.05, 96.872, 14.903, -147.601, -20.020, -45.553, 52.833, 31.02, 0.03418, -0.39084, 0.79129, 0.46887
2025-06-14 20:59:59.079000,f8:a2:fd:ea:fb:80, -0.551, 0.896, -1.047, -58.716, -14.038, 29.846, 81.716, 10.168, -147.085, -20.020, -45.553, 52.833, 31.02, -0.16043, -0.24805, 0.60355, 0.74051
2025-06-14 20:59:59.109000,f8:a2:fd:ea:fb:80, -0.167, 1.078, -0.004, 24.658, 135.193, -22.583, 85.237, 11.03, -142.317, -20.020, -45.553, 52.833, 31.02, -0.16043, -0.24805, 0.60355, 0.74051
2025-06-14 20:59:59.229000,f8:a2:fd:ea:fb:80, -0.143, 0.997, -0.051, 40.833, 16.418, 6.226, 91.159, 12.195, -136.78, -27.587, -50.907, 46.493, 31.02, -0.16043, -0.24805, 0.60355, 0.74051
2025-06-14 20:59:59.349000,f8:a2:fd:ea:fb:80, -0.147, 0.985, -0.141, 25.33, 5.615, -4.028, 95.449, 12.079, -134.083, -27.587, -50.907, 46.493, 31.02, -0.19025, -0.3497, 0.64706, 0.65015
2025-06-14 20:59:59.439000,f8:a2:fd:ea:fb:80, -0.146, 0.972, -0.166, 17.212, -8.911, -2.686, 97.372, 12.277, -133.775, -27.587, -50.907, 46.493, 31.02, -0.19025, -0.3497, 0.64706, 0.65015
2025-06-14 20:59:59.530000,f8:a2:fd:ea:fb:80, -0.211, 0.962, -0.155, 27.161, 23.438, -12.024, 99.448, 12.596, -133.352, -27.160, -42.540, 47.507, 31.02, -0.19025, -0.3497, 0.64706, 0.65015
2025-06-14 20:59:59.649000,f8:a2:fd:ea:fb:80, -0.267, 1.013, -0.277, 58.96, 6.897, -21.362, 104.117, 13.733, -132.006, -27.160, -42.540, 47.507, 31.02, -0.16071, -0.38657, 0.68658, 0.59433
2025-06-14 20:59:59.742000,f8:a2:fd:ea:fb:80, -0.172, 1.561, -0.094, 108.704, -35.217, -35.034, 111.352, 16.348, -133.451, -27.160, -42.540, 47.507, 31.02, -0.16071, -0.38657, 0.68658, 0.59433
2025-06-14 20:59:59.830000,f8:a2:fd:ea:fb:80, -0.14, 1.036, -0.783, 130.554, -42.908, -59.814, 122.86, 22.286, -135.494, -17.540, -24.920, 54.940, 31.02, -0.16071, -0.38657, 0.68658, 0.59433
2025-06-14 20:59:59.951000,f8:a2:fd:ea:fb:80, -0.146, 0.606, -0.205, 22.461, 4.15, -16.418, 130.397, 24.862, -134.022, -17.540, -24.920, 54.940, 31.02, 0.02029, -0.42944, 0.78098, 0.45291
2025-06-14 21:00:00.040000,f8:a2:fd:ea:fb:80, -0.394, 0.549, -0.161, -110.168, -3.235, 31.372, 123.365, 23.857, -136.774, -17.540, -24.920, 54.940, 31.02, 0.02029, -0.42944, 0.78098, 0.45291
2025-06-14 21:00:00.131000,f8:a2:fd:ea:fb:80, -0.546, 0.849, -0.285, -195.557, -26.184, 77.393, 104.722, 18.583, -141.658, -19.513, -41.893, 54.000, 31.02, 0.02029, -0.42944, 0.78098, 0.45291
2025-06-14 21:00:00.250000,f8:a2:fd:ea:fb:80, 0.058, 1.015, -0.987, -143.738, -17.517, 61.523, 86.517, 11.92, -144.943, -19.513, -41.893, 54.000, 31.02, -0.15024, -0.27737, 0.62714, 0.71207
2025-06-14 21:00:00.339000,f8:a2:fd:ea:fb:80, -0.251, 1.638, -0.276, 47.302, -25.391, 19.104, 84.963, 10.338, -143.828, -19.513, -41.893, 54.000, 31, -0.15024, -0.27737, 0.62714, 0.71207
2025-06-14 21:00:00.429000,f8:a2:fd:ea:fb:80, -0.22, 0.995, -0.07, 38.574, 15.32, 7.874, 90.895, 12.014, -136.802, -19.513, -41.893, 54.000, 31, -0.15024, -0.27737, 0.62714, 0.71207
2025-06-14 21:00:00.610000,f8:a2:fd:ea:fb:80, -0.176, 0.946, -0.083, 14.893, 33.936, 3.052, 94.18, 11.442, -134.654, -28.053, -48.253, 47.027, 31, -0.18906, -0.34802, 0.65778, 0.64056
2025-06-14 21:00:00.641000,f8:a2:fd:ea:fb:80, -0.132, 0.992, -0.162, 20.081, -10.01, -1.038, 96.498, 11.382, -134.539, -28.053, -48.253, 47.027, 31, -0.18906, -0.34802, 0.65778, 0.64056
2025-06-14 21:00:00.731000,f8:a2:fd:ea:fb:80, -0.152, 0.975, -0.15, 15.076, -3.601, -4.089, 97.949, 11.486, -135.582, -28.053, -48.253, 47.027, 31, -0.18906, -0.34802, 0.65778, 0.64056
2025-06-14 21:00:00.850000,f8:a2:fd:ea:fb:80, -0.239, 0.952, -0.142, 35.095, 4.822, -14.404, 100.003, 11.959, -135.709, -24.380, -38.707, 47.893, 31, -0.14752, -0.36676, 0.69891, 0.59592
2025-06-14 21:00:01.000000,f8:a2:fd:ea:fb:80, -0.274, 1.065, -0.219, 68.237, 0.732, -26.917, 105.298, 13.563, -134.879, -24.380, -38.707, 47.893, 31, -0.14752, -0.36676, 0.69891, 0.59592
2025-06-14 21:00:01.060000,f8:a2:fd:ea:fb:80, -0.105, 1.56, 0.148, 158.264, -87.341, -53.833, 114.274, 17.792, -137.252, -24.380, -38.707, 47.893, 31, -0.14752, -0.36676, 0.69891, 0.59592
2025-06-14 21:00:01.150000,f8:a2:fd:ea:fb:80, -0.105, 1.001, -0.461, 94.177, 33.813, -58.167, 126.716, 24.62, -138.345, -14.747, -23.480, 53.940, 31, 0.03003, -0.41656, 0.78879, 0.45087
2025-06-14 21:00:01.240000,f8:a2:fd:ea:fb:80, -0.167, 0.43, 0.003, -27.222, -19.47, 0, 130.144, 25.153, -136.307, -14.747, -23.480, 53.940, 31, 0.03003, -0.41656, 0.78879, 0.45087
2025-06-14 21:00:01.329000,f8:a2:fd:ea:fb:80, -0.257, 0.637, -0.06, -161.621, 0.732, 58.716, 118.032, 22.247, -138.499, -14.747, -23.480, 53.940, 31, 0.03003, -0.41656, 0.78879, 0.45087
2025-06-14 21:00:01.457000,f8:a2:fd:ea:fb:80, -0.426, 1.179, -0.715, -210.205, -57.129, 87.585, 96.746, 15.189, -143.251, -21.547, -43.173, 52.273, 31, 0.03003, -0.41656, 0.78879, 0.45087
2025-06-14 21:00:01.541000,f8:a2:fd:ea:fb:80, 0.002, 0.978, -0.953, -95.703, -14.954, 46.692, 80.453, 8.361, -144.948, -21.547, -43.173, 52.273, 31, -0.19067, -0.24451, 0.59177, 0.74402
2025-06-14 21:00:01.630000,f8:a2:fd:ea:fb:80, -0.106, 1.242, 0.319, 10.864, 93.628, -12.329, 82.359, 9.245, -140.532, -21.547, -43.173, 52.273, 31, -0.19067, -0.24451, 0.59177, 0.74402
2025-06-14 21:00:01.751000,f8:a2:fd:ea:fb:80, -0.141, 1.076, -0.118, 37.72, 55.908, -0.122, 89.105, 11.299, -132.731, -30.860, -50.840, 41.867, 31, -0.19067, -0.24451, 0.59177, 0.74402
2025-06-14 21:00:01.840000,f8:a2:fd:ea:fb:80, -0.14, 0.996, -0.125, 40.466, 11.597, -4.395, 94.356, 11.321, -129.183, -30.860, -50.840, 41.867, 31, -0.22604, -0.36978, 0.62671, 0.64752
2025-06-14 21:00:01.930000,f8:a2:fd:ea:fb:80, -0.104, 0.972, -0.205, 18.005, 5.676, -6.287, 97.416, 11.799, -128.068, -30.860, -50.840, 41.867, 31, -0.22604, -0.36978, 0.62671, 0.64752
2025-06-14 21:00:02.049000,f8:a2:fd:ea:fb:80, -0.164, 0.988, -0.156, 27.71, -11.353, -7.08, 99.344, 12.2, -128.683, -30.980, -43.893, 43.260, 31, -0.19315, -0.39767, 0.66522, 0.60159
2025-06-14 21:00:02.140000,f8:a2:fd:ea:fb:80, -0.301, 0.939, -0.212, 47.791, 1.77, -14.526, 102.876, 13.03, -128.606, -30.980, -43.893, 43.260, 31, -0.19315, -0.39767, 0.66522, 0.60159
2025-06-14 21:00:02.230000,f8:a2:fd:ea:fb:80, -0.356, 1.072, -0.124, 104.187, -41.077, -31.86, 109.737, 15.579, -129.869, -30.980, -43.893, 43.260, 31, -0.19315, -0.39767, 0.66522, 0.60159
2025-06-14 21:00:02.351000,f8:a2:fd:ea:fb:80, -0.191, 1.346, -0.141, 145.142, -39.185, -59.631, 122.086, 21.511, -132.599, -22.640, -28.847, 51.567, 31, 0.01038, -0.43655, 0.77469, 0.45724
2025-06-14 21:00:02.439000,f8:a2:fd:ea:fb:80, -0.181, 0.547, -0.448, 67.871, -18.86, -18.127, 131.182, 25.038, -133.094, -22.640, -28.847, 51.567, 31, 0.01038, -0.43655, 0.77469, 0.45724
2025-06-14 21:00:02.531000,f8:a2:fd:ea:fb:80, -0.554, 0.469, -0.125, -105.286, -12.39, 47.607, 125.508, 24.642, -137.697, -22.640, -28.847, 51.567, 31, 0.01038, -0.43655, 0.77469, 0.45724
2025-06-14 21:00:02.650000,f8:a2:fd:ea:fb:80, -0.527, 0.8, -0.225, -201.111, -20.508, 79.59, 107.54, 18.765, -143.102, -18.547, -33.773, 56.940, 31, 0.01038, -0.43655, 0.77469, 0.45724
2025-06-14 21:00:02.800000,f8:a2:fd:ea:fb:80, -0.366, 1.058, -1.064, -153.748, 7.507, 45.166, 87.473, 12.596, -145.833, -18.547, -33.773, 56.940, 31, -0.11847, -0.28696, 0.65677, 0.68713
2025-06-14 21:00:02.830000,f8:a2:fd:ea:fb:80, -0.271, 0.821, -0.453, 40.405, -1.709, -2.502, 83.546, 12.041, -141.861, -18.547, -33.773, 56.940, 31, -0.11847, -0.28696, 0.65677, 0.68713
2025-06-14 21:00:02.950000,f8:a2:fd:ea:fb:80, -0.116, 0.966, -0.097, 31.921, 30.945, 8.911, 89.484, 13.266, -136.362, -27.220, -51.700, 45.427, 31, -0.11847, -0.28696, 0.65677, 0.68713
2025-06-14 21:00:03.040000,f8:a2:fd:ea:fb:80, -0.258, 1.061, -0.078, 25.574, 52.612, 4.517, 93.818, 12.48, -133.066, -27.220, -51.700, 45.427, 31, -0.19363, -0.35052, 0.63275, 0.66266
2025-06-14 21:00:03.131000,f8:a2:fd:ea:fb:80, -0.168, 1.003, -0.112, 12.39, -10.62, 3.296, 96.465, 11.97, -131.594, -27.220, -51.700, 45.427, 31, -0.19363, -0.35052, 0.63275, 0.66266
2025-06-14 21:00:03.249000,f8:a2:fd:ea:fb:80, -0.201, 0.944, -0.148, 14.709, -16.296, 1.831, 97.339, 11.744, -133.352, -28.393, -43.880, 46.153, 31, -0.18326, -0.35638, 0.6666, 0.62845
2025-06-14 21:00:03.371000,f8:a2:fd:ea:fb:80, -0.166, 0.964, -0.142, 25.635, -6.653, -5.493, 99.031, 11.854, -134.143, -28.393, -43.880, 46.153, 31, -0.18326, -0.35638, 0.6666, 0.62845
2025-06-14 21:00:03.461000,f8:a2:fd:ea:fb:80, -0.209, 1.03, -0.176, 69.214, -0.122, -20.142, 103.53, 12.969, -134.286, -28.393, -43.880, 46.153, 31, -0.18326, -0.35638, 0.6666, 0.62845
2025-06-14 21:00:03.579000,f8:a2:fd:ea:fb:80, -0.147, 1.678, 0, 133.179, -44.556, -33.813, 112.824, 15.881, -135.89, -23.313, -32.367, 48.153, 31, -0.00974, -0.37836, 0.77582, 0.50476
2025-06-14 21:00:03.731000,f8:a2:fd:ea:fb:80, -0.176, 1.21, -0.637, 119.446, -18.005, -63.782, 125.469, 23.522, -139.818, -23.313, -32.367, 48.153, 31, -0.00974, -0.37836, 0.77582, 0.50476
2025-06-14 21:00:03.760000,f8:a2:fd:ea:fb:80, -0.122, 0.583, 0.098, -31.982, 1.343, -1.221, 130.155, 23.763, -136.362, -23.313, -32.367, 48.153, 31, -0.00974, -0.37836, 0.77582, 0.50476
2025-06-14 21:00:03.879000,f8:a2:fd:ea:fb:80, -0.319, 0.584, -0.085, -161.133, -19.104, 55.664, 117.059, 21.632, -140.054, -16.260, -26.527, 56.680, 31, -0.08353, -0.32999, 0.70547, 0.62155
2025-06-14 21:00:03.971000,f8:a2:fd:ea:fb:80, -0.522, 1.151, -0.773, -211.121, -53.284, 83.984, 95.037, 14.332, -145.497, -16.260, -26.527, 56.680, 31, -0.08353, -0.32999, 0.70547, 0.62155
2025-06-14 21:00:04.060000,f8:a2:fd:ea:fb:80, 0.432, 0.965, -0.974, -85.327, -28.076, 40.344, 80.579, 8.102, -146.832, -24.493, -53.073, 45.920, 31, -0.08353, -0.32999, 0.70547, 0.62155
2025-06-14 21:00:04.180000,f8:a2:fd:ea:fb:80, -0.11, 1.663, 0.406, 22.461, 58.899, -2.197, 84.227, 9.569, -144.245, -24.493, -53.073, 45.920, 31, -0.1908, -0.30188, 0.61371, 0.70407
2025-06-14 21:00:04.301000,f8:a2:fd:ea:fb:80, -0.23, 1.062, -0.162, 32.227, 65.125, -3.357, 90.555, 11.97, -135.851, -24.493, -53.073, 45.920, 31, -0.1908, -0.30188, 0.61371, 0.70407
2025-06-14 21:00:04.360000,f8:a2:fd:ea:fb:80, -0.129, 0.994, -0.145, 29.297, 20.691, -2.014, 95.378, 12.041, -131.885, -24.493, -53.073, 45.920, 31, -0.1908, -0.30188, 0.61371, 0.70407
2025-06-14 21:00:04.480000,f8:a2:fd:ea:fb:80, -0.089, 0.959, -0.156, 6.714, 1.404, -2.747, 96.932, 12.118, -131.523, -29.113, -46.100, 44.807, 31, -0.19266, -0.37018, 0.65518, 0.62967
2025-06-14 21:00:04.571000,f8:a2:fd:ea:fb:80, -0.307, 0.988, -0.119, 19.531, 11.292, -10.193, 97.993, 12.398, -131.808, -29.113, -46.100, 44.807, 31, -0.19266, -0.37018, 0.65518, 0.62967
2025-06-14 21:00:04.661000,f8:a2:fd:ea:fb:80, -0.337, 0.896, -0.156, 49.5, 20.752, -31.189, 101.415, 13.453, -130.139, -29.113, -46.100, 44.807, 31, -0.19266, -0.37018, 0.65518, 0.62967
2025-06-14 21:00:04.780000,f8:a2:fd:ea:fb:80, -0.006, 1.657, -0.01, 118.53, -27.893, -47.119, 109.314, 16.826, -129.749, -24.293, -35.727, 47.027, 31, -0.00064, -0.409, 0.75259, 0.51596
2025-06-14 21:00:04.871000,f8:a2:fd:ea:fb:80, -0.124, 1.318, -0.856, 141.418, 15.808, -60.669, 122.487, 25.274, -136.807, -24.293, -35.727, 47.027, 31, -0.00064, -0.409, 0.75259, 0.51596
2025-06-14 21:00:04.961000,f8:a2:fd:ea:fb:80, -0.246, 0.562, -0.099, 24.109, -31.006, 14.954, 129.891, 27.186, -137.126, -24.293, -35.727, 47.027, 31, -0.00064, -0.409, 0.75259, 0.51596
2025-06-14 21:00:05.081000,f8:a2:fd:ea:fb:80, -0.434, 0.531, -0.073, -129.883, 27.161, 74.402, 121.476, 23.088, -141.674, -15.347, -25.680, 59.013, 31, -0.06491, -0.31534, 0.72638, 0.60715
2025-06-14 21:00:05.171000,f8:a2:fd:ea:fb:80, -0.387, 0.87, -0.507, -194.885, -21.057, 89.6, 103.348, 15.991, -146.31, -15.347, -25.680, 59.013, 31, -0.06491, -0.31534, 0.72638, 0.60715
2025-06-14 21:00:05.260000,f8:a2:fd:ea:fb:80, -0.279, 1.086, -0.941, -136.108, 7.263, 37.537, 85.825, 9.97, -146.261, -15.347, -25.680, 59.013, 31, -0.06491, -0.31534, 0.72638, 0.60715
2025-06-14 21:00:05.381000,f8:a2:fd:ea:fb:80, -0.199, 1.455, 0.354, 43.335, 0.977, 1.282, 85.748, 9.954, -143.992, -25.693, -50.740, 48.140, 31, -0.06491, -0.31534, 0.72638, 0.60715
2025-06-14 21:00:05.471000,f8:a2:fd:ea:fb:80, -0.195, 1.03, -0.089, 25.513, 11.047, 11.292, 90.961, 11.519, -138.422, -25.693, -50.740, 48.140, 31, -0.18091, -0.31903, 0.64117, 0.67401
2025-06-14 21:00:05.561000,f8:a2:fd:ea:fb:80, -0.201, 0.988, -0.126, 28.809, 27.832, -0.61, 94.911, 11.03, -136.11, -25.693, -50.740, 48.140, 31, -0.18091, -0.31903, 0.64117, 0.67401
2025-06-14 21:00:05.681000,f8:a2:fd:ea:fb:80, -0.106, 0.962, -0.169, 8.789, -10.01, -0.61, 96.954, 11.129, -135.862, -28.813, -44.073, 48.967, 31, -0.172, -0.33395, 0.67297, 0.63712
2025-06-14 21:00:05.826000,f8:a2:fd:ea:fb:80, -0.178, 0.972, -0.119, 14.343, -10.437, -2.319, 97.745, 11.217, -137.203, -28.813, -44.073, 48.967, 31, -0.172, -0.33395, 0.67297, 0.63712
2025-06-14 21:00:05.861000,f8:a2:fd:ea:fb:80, -0.236, 0.965, -0.152, 25.391, -4.883, -8.484, 99.646, 11.607, -137.411, -28.813, -44.073, 48.967, 31, -0.172, -0.33395, 0.67297, 0.63712
2025-06-14 21:00:05.981000,f8:a2:fd:ea:fb:80, -0.32, 1, -0.207, 69.092, -4.639, -24.78, 104.584, 13.304, -137.752, -24.047, -34.353, 49.547, 31, -0.07883, -0.35742, 0.7395, 0.56488
2025-06-14 21:00:06.071000,f8:a2:fd:ea:fb:80, -0.207, 1.603, 0.119, 148.987, -99.243, -45.837, 113.676, 18.232, -141.537, -24.047, -34.353, 49.547, 31, -0.07883, -0.35742, 0.7395, 0.56488
2025-06-14 21:00:06.162000,f8:a2:fd:ea:fb:80, -0.173, 1.182, -0.643, 104.37, 83.435, -72.266, 127.568, 24.571, -141.542, -24.047, -34.353, 49.547, 31, -0.07883, -0.35742, 0.7395, 0.56488
2025-06-14 21:00:06.283000,f8:a2:fd:ea:fb:80, -0.222, 0.464, 0.016, -73.975, 16.846, 3.357, 129.968, 24.758, -139.296, -14.533, -19.207, 57.680, 31, -0.07883, -0.35742, 0.7395, 0.56488
2025-06-14 21:00:06.371000,f8:a2:fd:ea:fb:80, -0.372, 0.709, -0.062, -208.618, 23.865, 71.411, 114.571, 20.825, -141.037, -14.533, -19.207, 57.680, 31, -0.01169, -0.3764, 0.76196, 0.52679
2025-06-14 21:00:06.460000,f8:a2:fd:ea:fb:80, -0.369, 1.24, -1.002, -225.586, -14.832, 76.05, 91.258, 13.513, -145.267, -14.533, -19.207, 57.680, 31, -0.01169, -0.3764, 0.76196, 0.52679
2025-06-14 21:00:06.581000,f8:a2:fd:ea:fb:80, -0.654, 0.8, -1.274, 5.005, -27.893, 26.367, 78.684, 8.773, -143.893, -24.620, -54.453, 43.893, 31, -0.1976, -0.28696, 0.60303, 0.71753
2025-06-14 21:00:06.671000,f8:a2:fd:ea:fb:80, -0.198, 1.03, -0.33, 40.527, 106.995, -7.385, 85.27, 11.063, -135.829, -24.620, -54.453, 43.893, 31, -0.1976, -0.28696, 0.60303, 0.71753
2025-06-14 21:00:06.761000,f8:a2:fd:ea:fb:80, -0.159, 1.057, -0.115, 47.058, 19.653, 8.057, 91.978, 11.245, -131.556, -24.620, -54.453, 43.893, 31, -0.1976, -0.28696, 0.60303, 0.71753
2025-06-14 21:00:06.882000,f8:a2:fd:ea:fb:80, -0.105, 0.997, -0.183, 18.799, 1.953, -4.639, 96.037, 11.091, -130.699, -30.860, -48.393, 45.407, 31, -0.1976, -0.28696, 0.60303, 0.71753
2025-06-14 21:00:06.970000,f8:a2:fd:ea:fb:80, -0.193, 0.958, -0.145, 17.212, -15.686, -5.005, 97.652, 11.508, -131.803, -30.860, -48.393, 45.407, 31, -0.1976, -0.36578, 0.65729, 0.62848
2025-06-14 21:00:07.062000,f8:a2:fd:ea:fb:80, -0.227, 0.973, -0.18, 26.062, -4.517, -11.475, 99.668, 12.173, -132.495, -30.860, -48.393, 45.407, 31, -0.1976, -0.36578, 0.65729, 0.62848
2025-06-14 21:00:07.212000,f8:a2:fd:ea:fb:80, -0.386, 1.063, -0.194, 67.688, -2.075, -26.062, 104.052, 13.705, -132.517, -25.733, -38.720, 48.367, 31, -0.11426, -0.39926, 0.71628, 0.56067
2025-06-14 21:00:07.271000,f8:a2:fd:ea:fb:80, -0.102, 1.654, 0.108, 158.325, -60.486, -52.734, 114.357, 18.051, -133.934, -25.733, -38.720, 48.367, 31, -0.11426, -0.39926, 0.71628, 0.56067
2025-06-14 21:00:07.364000,f8:a2:fd:ea:fb:80, -0.133, 1.026, -0.52, 110.168, 9.033, -53.772, 127.546, 24.917, -135.143, -25.733, -38.720, 48.367, 31, -0.11426, -0.39926, 0.71628, 0.56067
2025-06-14 21:00:07.480000,f8:a2:fd:ea:fb:80, -0.204, 0.451, -0.027, -26.367, -22.4, 9.277, 130.38, 25.516, -134.775, -16.160, -23.027, 57.927, 31, -0.00226, -0.40436, 0.76318, 0.50394
2025-06-14 21:00:07.571000,f8:a2:fd:ea:fb:80, -0.438, 0.581, -0.033, -156.921, -17.578, 69.153, 117.246, 22.379, -139.021, -16.160, -23.027, 57.927, 31, -0.00226, -0.40436, 0.76318, 0.50394
2025-06-14 21:00:07.662000,f8:a2:fd:ea:fb:80, -0.321, 1.145, -0.73, -206.97, -70.984, 89.966, 94.96, 15.304, -146.475, -16.160, -23.027, 57.927, 31, -0.00226, -0.40436, 0.76318, 0.50394
2025-06-14 21:00:07.810000,f8:a2:fd:ea:fb:80, -0.394, 1.019, -1.128, -72.815, 6.958, 33.63, 81.414, 10.349, -144.305, -22.313, -51.480, 48.287, 31, -0.17673, -0.26801, 0.60373, 0.72961
2025-06-14 21:00:07.901000,f8:a2:fd:ea:fb:80, -0.148, 1.058, -0.322, 10.925, 145.02, -12.573, 86.144, 11.717, -138.422, -22.313, -51.480, 48.287, 31, -0.17673, -0.26801, 0.60373, 0.72961
2025-06-14 21:00:07.991000,f8:a2:fd:ea:fb:80, -0.115, 0.988, -0.043, 31.006, 19.226, 8.423, 91.187, 11.854, -135.005, -29.900, -50.053, 45.360, 31, -0.17673, -0.26801, 0.60373, 0.72961
2025-06-14 21:00:08.111000,f8:a2:fd:ea:fb:80, -0.146, 1.037, -0.139, 22.339, 10.376, -2.563, 94.807, 11.624, -132.995, -29.900, -50.053, 45.360, 31, -0.1987, -0.35831, 0.64801, 0.64194
2025-06-14 21:00:08.202000,f8:a2:fd:ea:fb:80, -0.17, 0.974, -0.126, 16.418, -2.258, -3.235, 96.905, 11.805, -133.028, -29.900, -50.053, 45.360, 31, -0.1987, -0.35831, 0.64801, 0.64194
2025-06-14 21:00:08.294000,f8:a2:fd:ea:fb:80, -0.128, 0.969, -0.145, 20.935, 0.061, -7.996, 98.712, 12.063, -132.918, -29.900, -50.053, 45.360, 31, -0.1987, -0.35831, 0.64801, 0.64194
2025-06-14 21:00:08.412000,f8:a2:fd:ea:fb:80, -0.283, 1, -0.132, 60.059, 1.892, -25.513, 102.03, 13.233, -132.753, -27.613, -42.740, 47.533, 31, -0.14227, -0.39014, 0.69705, 0.58444
2025-06-14 21:00:08.501000,f8:a2:fd:ea:fb:80, -0.117, 1.49, -0.015, 127.808, -54.321, -44.739, 109.907, 16.496, -133.489, -27.613, -42.740, 47.533, 31, -0.14227, -0.39014, 0.69705, 0.58444
2025-06-14 21:00:08.651000,f8:a2:fd:ea:fb:80, -0.143, 1.089, -0.933, 133.667, -17.883, -66.833, 122.075, 23.89, -137.461, -15.767, -24.133, 57.453, 31, -0.14227, -0.39014, 0.69705, 0.58444
2025-06-14 21:00:08.743000,f8:a2:fd:ea:fb:80, -0.184, 0.549, 0.009, 16.541, -37.537, 4.639, 129.424, 25.51, -135.989, -15.767, -24.133, 57.453, 31, -0.14227, -0.39014, 0.69705, 0.58444
2025-06-14 21:00:08.801000,f8:a2:fd:ea:fb:80, -0.354, 0.544, -0.08, -131.897, -2.625, 55.054, 120.449, 23.604, -139.949, -15.767, -24.133, 57.453, 31, -0.01523, -0.37656, 0.75394, 0.53802
2025-06-14 21:00:08.890000,f8:a2:fd:ea:fb:80, -0.408, 0.963, -0.543, -197.266, -72.998, 90.393, 100.519, 16.985, -145.816, -15.767, -24.133, 57.453, 31, -0.01523, -0.37656, 0.75394, 0.53802
2025-06-14 21:00:09.015000,f8:a2:fd:ea:fb:80, -0.552, 1.029, -1.165, -116.089, 23.987, 42.053, 82.93, 10.673, -147.052, -22.693, -53.633, 47.173, 31, -0.01523, -0.37656, 0.75394, 0.53802
2025-06-14 21:00:09.101000,f8:a2:fd:ea:fb:80, -0.098, 1.402, 0.5, 6.409, 107.849, -14.282, 85.314, 11.047, -142.696, -22.693, -53.633, 47.173, 31, -0.18115, -0.30103, 0.61505, 0.70578
2025-06-14 21:00:09.191000,f8:a2:fd:ea:fb:80, -0.17, 1.015, -0.044, 27.1, -0.977, 10.071, 90.104, 12.025, -137.609, -22.693, -53.633, 47.173, 31, -0.18115, -0.30103, 0.61505, 0.70578
2025-06-14 21:00:09.314000,f8:a2:fd:ea:fb:80, -0.143, 1.017, -0.094, 26.733, 12.512, -3.784, 93.68, 11.7, -134.94, -28.067, -49.107, 47.387, 31, -0.18875, -0.35019, 0.65192, 0.64545
2025-06-14 21:00:09.402000,f8:a2:fd:ea:fb:80, -0.164, 0.959, -0.155, 15.32, -7.019, -1.831, 95.74, 11.898, -134.39, -28.067, -49.107, 47.387, 31, -0.18875, -0.35019, 0.65192, 0.64545
2025-06-14 21:00:09.492000,f8:a2:fd:ea:fb:80, -0.205, 0.967, -0.125, 26.611, 5.188, -7.324, 97.828, 12.151, -134.643, -28.067, -49.107, 47.387, 31, -0.18875, -0.35019, 0.65192, 0.64545
2025-06-14 21:00:09.611000,f8:a2:fd:ea:fb:80, -0.206, 1.013, -0.19, 50.72, 10.01, -20.386, 102.118, 13.233, -133.77, -25.313, -39.527, 48.647, 31, -0.18875, -0.35019, 0.65192, 0.64545
2025-06-14 21:00:09.701000,f8:a2:fd:ea:fb:80, -0.237, 1.162, -0.191, 84.595, -11.658, -40.161, 108.71, 16.062, -133.066, -25.313, -39.527, 48.647, 31, -0.11526, -0.39844, 0.7113, 0.56738
2025-06-14 21:00:09.791000,f8:a2:fd:ea:fb:80, -0.275, 1.344, -0.069, 153.87, -50.903, -64.88, 120.394, 22.928, -136.923, -25.313, -39.527, 48.647, 31, -0.11526, -0.39844, 0.7113, 0.56738
2025-06-14 21:00:09.913000,f8:a2:fd:ea:fb:80, -0.185, 0.714, -0.397, 77.148, 20.813, -31.189, 131.385, 27.109, -135.544, -14.393, -22.147, 57.760, 31, -0.11526, -0.39844, 0.7113, 0.56738
2025-06-14 21:00:10.062000,f8:a2:fd:ea:fb:80, -0.578, 0.422, -0.075, -112.366, 4.15, 46.387, 126.249, 25.955, -138.499, -14.393, -22.147, 57.760, 31, 0.03989, -0.40735, 0.78098, 0.47162
2025-06-14 21:00:10.091000,f8:a2:fd:ea:fb:80, -0.436, 0.787, -0.312, -202.881, -60.425, 88.928, 106.743, 19.446, -144.218, -14.393, -22.147, 57.760, 31, 0.03989, -0.40735, 0.78098, 0.47162
2025-06-14 21:00:10.213000,f8:a2:fd:ea:fb:80, -0.713, 1.202, -1.019, -177.246, 18.921, 56.824, 85.287, 12.442, -147.695, -19.773, -50.973, 49.887, 31, 0.03989, -0.40735, 0.78098, 0.47162
2025-06-14 21:00:10.302000,f8:a2:fd:ea:fb:80, -0.126, 1.184, 0.069, 50.72, 18.127, -9.094, 81.37, 11.102, -143.41, -19.773, -50.973, 49.887, 31, -0.17636, -0.2785, 0.59607, 0.73206
2025-06-14 21:00:10.393000,f8:a2:fd:ea:fb:80, -0.039, 0.978, -0.001, 50.72, -8.606, 11.963, 87.924, 13.557, -134.687, -19.773, -50.973, 49.887, 31, -0.17636, -0.2785, 0.59607, 0.73206
2025-06-14 21:00:10.515000,f8:a2:fd:ea:fb:80, -0.188, 1.038, -0.111, 33.447, 19.836, 4.089, 92.411, 12.783, -132.567, -29.173, -51.733, 44.613, 31, -0.17636, -0.2785, 0.59607, 0.73206
2025-06-14 21:00:10.601000,f8:a2:fd:ea:fb:80, -0.145, 1, -0.172, 21.118, 1.099, -3.113, 95.905, 12.673, -131.1, -29.173, -51.733, 44.613, 31, -0.20215, -0.37112, 0.63873, 0.64288
2025-06-14 21:00:10.692000,f8:a2:fd:ea:fb:80, -0.156, 0.977, -0.137, 12.573, 0.122, -2.563, 97.476, 12.684, -130.952, -29.173, -51.733, 44.613, 31, -0.20215, -0.37112, 0.63873, 0.64288
2025-06-14 21:00:10.813000,f8:a2:fd:ea:fb:80, -0.236, 0.943, -0.167, 30.334, 8.423, -10.132, 99.679, 12.925, -130.375, -28.273, -44.320, 46.093, 31, -0.20215, -0.37112, 0.63873, 0.64288
2025-06-14 21:00:10.903000,f8:a2:fd:ea:fb:80, -0.43, 1.071, -0.247, 71.045, 1.282, -26.306, 105.057, 14.387, -129.452, -28.273, -44.320, 46.093, 31, -0.17627, -0.39923, 0.67282, 0.59726
2025-06-14 21:00:10.992000,f8:a2:fd:ea:fb:80, -0.169, 1.62, -0.013, 138.062, -43.762, -42.297, 114.769, 18.358, -131.133, -28.273, -44.320, 46.093, 31, -0.17627, -0.39923, 0.67282, 0.59726
2025-06-14 21:00:11.142000,f8:a2:fd:ea:fb:80, -0.19, 1.032, -0.567, 113.22, -0.854, -45.898, 126.491, 25.236, -134.852, -17.507, -26.333, 56.320, 31, -0.17627, -0.39923, 0.67282, 0.59726
2025-06-14 21:00:11.201000,f8:a2:fd:ea:fb:80, -0.36, 0.493, 0.043, -18.616, -29.419, 23.682, 128.985, 26.779, -137.928, -17.507, -26.333, 56.320, 31, 0.03574, -0.39505, 0.77966, 0.48447
2025-06-14 21:00:11.294000,f8:a2:fd:ea:fb:80, -0.507, 0.6, -0.021, -162.109, 16.846, 75.745, 116.301, 22.154, -141.982, -17.507, -26.333, 56.320, 31, 0.03574, -0.39505, 0.77966, 0.48447
2025-06-14 21:00:11.412000,f8:a2:fd:ea:fb:80, -0.385, 0.972, -0.822, -184.143, -28.015, 78.43, 96.553, 15.864, -147.98, -19.473, -46.433, 53.847, 31, 0.03574, -0.39505, 0.77966, 0.48447
2025-06-14 21:00:11.503000,f8:a2:fd:ea:fb:80, -0.671, 0.923, -0.865, -78.674, 12.146, 20.081, 84.963, 12.486, -143.344, -19.473, -46.433, 53.847, 31, -0.16168, -0.28738, 0.6113, 0.71933
2025-06-14 21:00:11.592000,f8:a2:fd:ea:fb:80, -0.087, 1.611, 0.622, 22.766, 82.764, -11.353, 88.412, 13.173, -138.461, -19.473, -46.433, 53.847, 31, -0.16168, -0.28738, 0.6113, 0.71933
2025-06-14 21:00:11.711000,f8:a2:fd:ea:fb:80, -0.085, 1.025, -0.068, 26.306, 7.507, 12.695, 93.252, 13.381, -133.907, -28.347, -51.267, 45.693, 31, -0.19089, -0.36362, 0.64639, 0.64297
2025-06-14 21:00:11.832000,f8:a2:fd:ea:fb:80, -0.152, 1.021, -0.209, 30.029, 11.719, -1.831, 97.048, 12.7, -132.402, -28.347, -51.267, 45.693, 31, -0.19089, -0.36362, 0.64639, 0.64297
2025-06-14 21:00:11.893000,f8:a2:fd:ea:fb:80, -0.171, 0.976, -0.2, 14.404, -8.362, -0.793, 99.3, 12.728, -132.264, -28.347, -51.267, 45.693, 31, -0.19089, -0.36362, 0.64639, 0.64297
2025-06-14 21:00:12.042000,f8:a2:fd:ea:fb:80, -0.158, 0.96, -0.196, 16.357, -5.798, -3.845, 100.58, 12.859, -132.984, -27.887, -44.000, 48.173, 31, -0.17044, -0.37128, 0.67621, 0.61298
2025-06-14 21:00:12.131000,f8:a2:fd:ea:fb:80, -0.233, 0.966, -0.205, 35.278, 3.235, -14.16, 102.843, 13.354, -132.841, -27.887, -44.000, 48.173, 31, -0.17044, -0.37128, 0.67621, 0.61298
2025-06-14 21:00:12.222000,f8:a2:fd:ea:fb:80, -0.338, 1.045, -0.185, 68.787, -7.69, -26.306, 107.551, 14.98, -132.852, -22.933, -32.160, 49.180, 31, -0.17044, -0.37128, 0.67621, 0.61298
2025-06-14 21:00:12.342000,f8:a2:fd:ea:fb:80, -0.169, 1.368, 0.019, 132.324, -68.726, -49.438, 116.312, 18.979, -133.621, -22.933, -32.160, 49.180, 31, -0.03699, -0.41119, 0.75104, 0.51514
2025-06-14 21:00:12.431000,f8:a2:fd:ea:fb:80, -0.125, 1.115, -0.657, 110.657, -21.973, -51.636, 127.145, 25.95, -135.533, -22.933, -32.160, 49.180, 31, -0.03699, -0.41119, 0.75104, 0.51514
2025-06-14 21:00:12.553000,f8:a2:fd:ea:fb:80, -0.248, 0.598, 0.079, -10.01, -32.532, 26.184, 131.539, 27.328, -136.791, -13.760, -21.413, 57.707, 31, -0.03699, -0.41119, 0.75104, 0.51514
2025-06-14 21:00:12.642000,f8:a2:fd:ea:fb:80, -0.365, 0.655, -0.054, -147.461, -15.991, 78.674, 119.438, 23.527, -142.608, -13.760, -21.413, 57.707, 31, 0.00485, -0.36505, 0.76559, 0.5296
2025-06-14 21:00:12.732000,f8:a2:fd:ea:fb:80, -0.414, 1.118, -0.723, -209.961, -17.029, 82.764, 98.421, 16.046, -147.717, -13.760, -21.413, 57.707, 31, 0.00485, -0.36505, 0.76559, 0.5296
2025-06-14 21:00:12.822000,f8:a2:fd:ea:fb:80, -0.034, 1.015, -1.02, -116.394, 13.611, 32.41, 82.419, 11.036, -144.706, -23.920, -54.027, 44.473, 31, 0.00485, -0.36505, 0.76559, 0.5296
2025-06-14 21:00:12.942000,f8:a2:fd:ea:fb:80, -0.132, 1.656, 0.564, 30.518, 31.311, 8.667, 84.309, 11.464, -140.466, -23.920, -54.027, 44.473, 31, -0.1871, -0.29724, 0.6044, 0.715
2025-06-14 21:00:13.033000,f8:a2:fd:ea:fb:80, -0.221, 1.031, -0.128, 27.771, 27.405, 10.071, 89.967, 12.656, -134.566, -23.920, -54.027, 44.473, 31, -0.1871, -0.29724, 0.6044, 0.715
2025-06-14 21:00:13.152000,f8:a2:fd:ea:fb:80, -0.271, 0.979, -0.085, 30.09, 36.133, -1.709, 94.07, 12.09, -131.995, -29.520, -49.227, 44.907, 31, -0.1871, -0.29724, 0.6044, 0.715
2025-06-14 21:00:13.242000,f8:a2:fd:ea:fb:80, -0.121, 0.967, -0.106, 28.076, -8.362, -3.174, 97.306, 12.222, -130.847, -29.520, -49.227, 44.907, 31, -0.20047, -0.37439, 0.64957, 0.63055
2025-06-14 21:00:13.333000,f8:a2:fd:ea:fb:80, -0.133, 0.973, -0.184, 30.273, 6.592, -6.348, 100.135, 12.513, -131.061, -29.520, -49.227, 44.907, 31, -0.20047, -0.37439, 0.64957, 0.63055
2025-06-14 21:00:13.451000,f8:a2:fd:ea:fb:80, -0.226, 1.013, -0.212, 37.903, 2.38, -10.742, 103.541, 13.068, -130.847, -26.687, -39.567, 46.840, 31, -0.20047, -0.37439, 0.64957, 0.63055
2025-06-14 21:00:13.543000,f8:a2:fd:ea:fb:80, -0.373, 1.079, -0.219, 72.998, -2.563, -22.034, 108.984, 14.485, -130.831, -26.687, -39.567, 46.840, 31, -0.14633, -0.40253, 0.70386, 0.56662
2025-06-14 21:00:13.632000,f8:a2:fd:ea:fb:80, -0.248, 1.349, -0.084, 142.334, -62.805, -52.856, 118.812, 18.842, -133.187, -26.687, -39.567, 46.840, 31, -0.14633, -0.40253, 0.70386, 0.56662
2025-06-14 21:00:13.722000,f8:a2:fd:ea:fb:80, -0.225, 0.636, -0.324, 88.44, -42.419, -32.471, 129.507, 24.236, -133.391, -17.347, -23.020, 55.660, 31, -0.14633, -0.40253, 0.70386, 0.56662
2025-06-14 21:00:13.934000,f8:a2:fd:ea:fb:80, -0.413, 0.429, 0.136, -76.477, -14.221, 31.189, 128.458, 25.203, -137.291, -17.347, -23.020, 55.660, 31, 0.03021, -0.41003, 0.785, 0.46329
2025-06-14 21:00:13.934000,f8:a2:fd:ea:fb:80, -0.407, 0.728, -0.109, -201.355, -29.846, 90.332, 111.66, 20.539, -142.487, -17.347, -23.020, 55.660, 31, 0.03021, -0.41003, 0.785, 0.46329
2025-06-14 21:00:14.023000,f8:a2:fd:ea:fb:80, -0.386, 1.25, -0.877, -196.716, -7.69, 75.867, 89.352, 13.634, -148.096, -19.693, -50.027, 50.693, 31, 0.03021, -0.41003, 0.785, 0.46329
2025-06-14 21:00:14.143000,f8:a2:fd:ea:fb:80, -0.391, 0.749, -1.094, 24.841, -6.348, 10.559, 80.848, 10.184, -146.525, -19.693, -50.027, 50.693, 31, -0.16315, -0.24957, 0.59787, 0.74399
2025-06-14 21:00:14.263000,f8:a2:fd:ea:fb:80, -0.125, 1.02, -0.045, 50.537, 25.208, -7.935, 87.001, 12.217, -138.999, -19.693, -50.027, 50.693, 31, -0.16315, -0.24957, 0.59787, 0.74399
2025-06-14 21:00:14.322000,f8:a2:fd:ea:fb:80, -0.138, 1.079, -0.05, 34.058, 12.878, 6.165, 91.637, 12.068, -135.84, -27.887, -50.400, 46.153, 31, -0.16315, -0.24957, 0.59787, 0.74399
2025-06-14 21:00:14.442000,f8:a2:fd:ea:fb:80, -0.116, 1.003, -0.154, 23.193, 19.043, -3.845, 95.707, 11.992, -132.83, -27.887, -50.400, 46.153, 31, -0.19598, -0.36176, 0.6496, 0.63922
2025-06-14 21:00:14.532000,f8:a2:fd:ea:fb:80, -0.124, 0.96, -0.172, 15.93, -1.038, -2.991, 97.614, 12.057, -132.759, -27.887, -50.400, 46.153, 31, -0.19598, -0.36176, 0.6496, 0.63922
2025-06-14 21:00:14.624000,f8:a2:fd:ea:fb:80, -0.221, 0.96, -0.166, 28.87, -0.854, -10.986, 99.651, 12.546, -133.072, -25.887, -42.987, 47.660, 31, -0.19598, -0.36176, 0.6496, 0.63922
2025-06-14 21:00:14.742000,f8:a2:fd:ea:fb:80, -0.269, 1.079, -0.159, 78.491, 8.789, -30.029, 104.865, 14.233, -132.847, -25.887, -42.987, 47.660, 31, -0.15564, -0.38101, 0.68762, 0.59805
2025-06-14 21:00:14.832000,f8:a2:fd:ea:fb:80, -0.067, 1.735, 0.146, 159.18, -57.312, -51.514, 115.955, 18.463, -133.934, -25.887, -42.987, 47.660, 31, -0.15564, -0.38101, 0.68762, 0.59805
2025-06-14 21:00:14.922000,f8:a2:fd:ea:fb:80, -0.112, 1.02, -0.44, 113.464, -31.738, -42.969, 129.133, 25.834, -136.005, -14.607, -22.873, 57.433, 31, -0.15564, -0.38101, 0.68762, 0.59805
2025-06-14 21:00:15.042000,f8:a2:fd:ea:fb:80, -0.284, 0.328, 0.04, -44.25, -5.615, 20.325, 130.204, 26.142, -137.258, -14.607, -22.873, 57.433, 31, 0.0441, -0.41309, 0.78915, 0.45224
2025-06-14 21:00:15.132000,f8:a2:fd:ea:fb:80, -0.332, 0.574, -0.102, -181.091, -14.465, 70.679, 114.115, 21.451, -140.63, -14.607, -22.873, 57.433, 31, 0.0441, -0.41309, 0.78915, 0.45224
2025-06-14 21:00:15.222000,f8:a2:fd:ea:fb:80, -0.383, 1.219, -0.792, -220.459, -31.006, 73.853, 91.34, 14.799, -145.569, -19.867, -49.113, 50.820, 31, 0.0441, -0.41309, 0.78915, 0.45224
2025-06-14 21:00:15.343000,f8:a2:fd:ea:fb:80, -0.652, 0.884, -0.907, -44.067, -17.944, 30.396, 79.744, 10.157, -144.575, -19.867, -49.113, 50.820, 31, -0.18008, -0.26184, 0.5896, 0.74249
2025-06-14 21:00:15.462000,f8:a2:fd:ea:fb:80, -0.12, 1.199, -0.054, 13.733, 144.348, -21.301, 85.567, 12.667, -136.351, -19.867, -49.113, 50.820, 31, -0.18008, -0.26184, 0.5896, 0.74249
2025-06-14 21:00:15.553000,f8:a2:fd:ea:fb:80, -0.123, 0.994, -0.044, 23.804, 56.946, 3.174, 91.483, 13.442, -129.43, -19.867, -49.113, 50.820, 31, -0.18008, -0.26184, 0.5896, 0.74249
2025-06-14 21:00:15.642000,f8:a2:fd:ea:fb:80, -0.106, 1.024, -0.162, 36.987, 0.366, 0.671, 95.669, 12.986, -126.628, -31.160, -49.673, 43.073, 31, -0.18008, -0.26184, 0.5896, 0.74249
2025-06-14 21:00:15.734000,f8:a2:fd:ea:fb:80, -0.143, 0.981, -0.199, 21.057, -7.751, -0.488, 98.514, 12.92, -127.859, -31.160, -49.673, 43.073, 31, -0.20413, -0.39606, 0.64868, 0.61691
2025-06-14 21:00:15.823000,f8:a2:fd:ea:fb:80, -0.141, 0.95, -0.195, 25.024, -5.127, -6.592, 100.481, 13.178, -128.815, -31.160, -49.673, 43.073, 31, -0.20413, -0.39606, 0.64868, 0.61691
2025-06-14 21:00:15.973000,f8:a2:fd:ea:fb:80, -0.503, 1.033, -0.175, 63.171, -0.488, -19.226, 104.194, 14.013, -128.837, -31.160, -49.673, 43.073, 31, -0.20413, -0.39606, 0.64868, 0.61691
2025-06-14 21:00:16.034000,f8:a2:fd:ea:fb:80, -0.102, 1.703, 0.098, 150.208, -68.115, -46.143, 113.362, 17.205, -130.622, -21.360, -31.500, 53.893, 31, -0.20413, -0.39606, 0.64868, 0.61691
2025-06-14 21:00:16.181000,f8:a2:fd:ea:fb:80, -0.215, 0.997, -0.574, 100.769, 7.812, -43.396, 125.228, 24.28, -134.94, -21.360, -31.500, 53.893, 31, -0.20413, -0.39606, 0.64868, 0.61691
2025-06-14 21:00:16.303000,f8:a2:fd:ea:fb:80, -0.227, 0.486, 0.01, -22.766, -23.071, 10.742, 128.469, 25.906, -136.45, -21.360, -31.500, 53.893, 31, 0.00745, -0.42581, 0.76968, 0.47549
2025-06-14 21:00:16.363000,f8:a2:fd:ea:fb:80, -0.282, 0.638, -0.181, -144.958, -11.902, 57.312, 117.043, 23.412, -139.988, -21.360, -31.500, 53.893, 31, 0.00745, -0.42581, 0.76968, 0.47549
2025-06-14 21:00:16.453000,f8:a2:fd:ea:fb:80, -0.473, 1.075, -0.575, -182.861, -35.339, 78.979, 98.168, 17.6, -146.146, -17.980, -47.927, 52.887, 31, 0.00745, -0.42581, 0.76968, 0.47549
2025-06-14 21:00:16.603000,f8:a2:fd:ea:fb:80, -0.521, 1.006, -0.689, -95.032, -66.467, 58.96, 83.65, 11.019, -147.189, -17.980, -47.927, 52.887, 31, -0.14993, -0.2356, 0.61176, 0.74005
2025-06-14 21:00:16.663000,f8:a2:fd:ea:fb:80, 0.051, 0.912, -0.288, 44.922, 45.776, -12.817, 84.216, 9.772, -147.728, -17.980, -47.927, 52.887, 31, -0.14993, -0.2356, 0.61176, 0.74005
2025-06-14 21:00:16.753000,f8:a2:fd:ea:fb:80, -0.102, 1.039, -0.205, 43.213, 18.86, 3.418, 90.06, 12.014, -140.043, -17.980, -47.927, 52.887, 31, -0.14993, -0.2356, 0.61176, 0.74005
2025-06-14 21:00:16.872000,f8:a2:fd:ea:fb:80, -0.22, 1.071, -0.052, 32.532, 29.175, 1.648, 94.548, 11.673, -136.511, -26.647, -51.140, 47.947, 31, -0.17953, -0.34531, 0.66174, 0.64072
2025-06-14 21:00:16.963000,f8:a2:fd:ea:fb:80, -0.102, 0.995, -0.183, 18.799, 13.062, -9.338, 97.537, 11.992, -134.857, -26.647, -51.140, 47.947, 31, -0.17953, -0.34531, 0.66174, 0.64072
2025-06-14 21:00:17.053000,f8:a2:fd:ea:fb:80, -0.209, 0.959, -0.148, 17.395, 8.301, -6.348, 99.283, 12.338, -134.681, -26.620, -43.587, 49.320, 31, -0.17953, -0.34531, 0.66174, 0.64072
2025-06-14 21:00:17.173000,f8:a2:fd:ea:fb:80, -0.168, 1.006, -0.212, 32.654, 12.207, -12.329, 102.332, 12.865, -133.627, -26.620, -43.587, 49.320, 31, -0.16049, -0.37509, 0.68921, 0.59866
2025-06-14 21:00:17.263000,f8:a2:fd:ea:fb:80, -0.386, 1.077, -0.17, 75.5, 3.54, -21.851, 107.732, 14.156, -132.814, -26.620, -43.587, 49.320, 31, -0.16049, -0.37509, 0.68921, 0.59866
2025-06-14 21:00:17.354000,f8:a2:fd:ea:fb:80, -0.003, 1.513, -0.003, 150.574, -29.541, -55.908, 119.213, 18.067, -133.89, -21.380, -27.627, 54.353, 31, -0.16049, -0.37509, 0.68921, 0.59866
2025-06-14 21:00:17.472000,f8:a2:fd:ea:fb:80, -0.096, 0.54, -0.481, 79.773, -32.715, -38.513, 130.336, 23.994, -134.094, -21.380, -27.627, 54.353, 31, 0.01355, -0.42654, 0.78336, 0.45178
2025-06-14 21:00:17.563000,f8:a2:fd:ea:fb:80, -0.294, 0.368, 0.057, -102.722, 21.667, 22.583, 128.304, 23.945, -135.22, -21.380, -27.627, 54.353, 31, 0.01355, -0.42654, 0.78336, 0.45178
2025-06-14 21:00:17.653000,f8:a2:fd:ea:fb:80, -0.411, 0.728, -0.222, -190.796, -28.931, 70.679, 111.621, 19.764, -138.093, -20.193, -38.600, 55.193, 31, 0.01355, -0.42654, 0.78336, 0.45178
2025-06-14 21:00:17.772000,f8:a2:fd:ea:fb:80, -0.293, 1.14, -0.81, -185.364, -3.784, 49.683, 91.044, 14.639, -141.713, -20.193, -38.600, 55.193, 31, -0.14197, -0.31638, 0.63928, 0.68625
2025-06-14 21:00:17.863000,f8:a2:fd:ea:fb:80, -0.462, 0.779, -0.938, 10.315, -50.842, 20.264, 82.288, 12.101, -141.443, -20.193, -38.600, 55.193, 31, -0.14197, -0.31638, 0.63928, 0.68625
2025-06-14 21:00:17.954000,f8:a2:fd:ea:fb:80, -0.146, 0.943, -0.098, 61.157, 52.429, -8.24, 87.902, 12.568, -136.686, -26.387, -55.047, 43.840, 31, -0.14197, -0.31638, 0.63928, 0.68625
2025-06-14 21:00:18.073000,f8:a2:fd:ea:fb:80, -0.072, 1.011, -0.129, 30.334, -1.892, 11.658, 93.263, 12.283, -134.099, -26.387, -55.047, 43.840, 31, -0.19476, -0.34946, 0.63574, 0.66006
2025-06-14 21:00:18.170000,f8:a2:fd:ea:fb:80, -0.1, 1.007, -0.172, 24.841, 23.315, -3.723, 96.4, 11.739, -132.468, -26.387, -55.047, 43.840, 31, -0.19476, -0.34946, 0.63574, 0.66006
2025-06-14 21:00:18.254000,f8:a2:fd:ea:fb:80, -0.208, 0.983, -0.14, 20.752, -6.531, -1.953, 98.745, 11.832, -131.984, -27.247, -46.067, 47.627, 31, -0.19476, -0.34946, 0.63574, 0.66006
2025-06-14 21:00:18.373000,f8:a2:fd:ea:fb:80, -0.164, 0.979, -0.189, 24.963, -5.615, -8.24, 100.849, 12.272, -132.621, -27.247, -46.067, 47.627, 31, -0.17981, -0.37012, 0.67377, 0.61368
2025-06-14 21:00:18.464000,f8:a2:fd:ea:fb:80, -0.271, 0.993, -0.135, 56.946, 1.587, -23.01, 104.469, 13.541, -132.77, -27.247, -46.067, 47.627, 31, -0.17981, -0.37012, 0.67377, 0.61368
2025-06-14 21:00:18.583000,f8:a2:fd:ea:fb:80, -0.134, 1.642, -0.001, 132.935, -27.039, -44.067, 113.632, 16.76, -133.599, -19.707, -30.513, 52.413, 31, -0.17981, -0.37012, 0.67377, 0.61368
2025-06-14 21:00:18.673000,f8:a2:fd:ea:fb:80, -0.16, 1.172, -0.522, 125.305, -20.386, -61.523, 127.024, 23.978, -135.736, -19.707, -30.513, 52.413, 31, 0.02246, -0.41769, 0.78189, 0.46213
2025-06-14 21:00:18.793000,f8:a2:fd:ea:fb:80, -0.247, 0.538, -0.058, 0.671, -16.785, 0.488, 131.946, 25.516, -135.676, -19.707, -30.513, 52.413, 31, 0.02246, -0.41769, 0.78189, 0.46213
2025-06-14 21:00:18.854000,f8:a2:fd:ea:fb:80, -0.416, 0.491, -0.081, -148.132, 8.423, 44.373, 120.789, 21.874, -137.269, -19.707, -30.513, 52.413, 31, 0.02246, -0.41769, 0.78189, 0.46213
2025-06-14 21:00:18.974000,f8:a2:fd:ea:fb:80, -0.546, 1.002, -0.491, -214.539, -32.593, 74.463, 99.641, 15.864, -141.57, -19.253, -34.073, 56.553, 31, 0.02246, -0.41769, 0.78189, 0.46213
2025-06-14 21:00:19.064000,f8:a2:fd:ea:fb:80, 0.02, 1.072, -0.899, -125.671, -42.908, 55.42, 82.359, 9.866, -143.141, -19.253, -34.073, 56.553, 31, -0.15283, -0.29742, 0.63742, 0.69409
2025-06-14 21:00:19.152000,f8:a2:fd:ea:fb:80, -0.139, 1.426, 0.783, 18.494, 24.353, -8.667, 83.002, 9.827, -143.322, -19.253, -34.073, 56.553, 31, -0.15283, -0.29742, 0.63742, 0.69409
2025-06-14 21:00:19.275000,f8:a2:fd:ea:fb:80, -0.125, 1.021, -0.06, 29.785, 41.382, -1.404, 88.198, 11.997, -135.439, -28.333, -53.673, 42.907, 31, -0.20563, -0.34872, 0.62744, 0.66507
2025-06-14 21:00:19.393000,f8:a2:fd:ea:fb:80, -0.199, 0.986, -0.094, 33.203, 32.776, -3.174, 92.681, 11.86, -132.616, -28.333, -53.673, 42.907, 31, -0.20563, -0.34872, 0.62744, 0.66507
2025-06-14 21:00:19.453000,f8:a2:fd:ea:fb:80, -0.167, 0.975, -0.141, 16.357, 3.662, -3.296, 95.784, 12.129, -130.946, -28.333, -53.673, 42.907, 31, -0.20563, -0.34872, 0.62744, 0.66507
2025-06-14 21:00:19.572000,f8:a2:fd:ea:fb:80, -0.171, 0.956, -0.143, 16.052, 2.869, -4.578, 97.476, 12.222, -131.243, -29.740, -47.287, 45.200, 31, -0.19479, -0.37497, 0.65601, 0.62527
2025-06-14 21:00:19.694000,f8:a2:fd:ea:fb:80, -0.26, 0.986, -0.146, 40.955, 8.057, -8.362, 100.168, 12.497, -131.232, -29.740, -47.287, 45.200, 31, -0.19479, -0.37497, 0.65601, 0.62527
2025-06-14 21:00:19.754000,f8:a2:fd:ea:fb:80, -0.32, 1.115, -0.195, 89.417, -22.156, -24.719, 106.309, 14.161, -131.759, -29.740, -47.287, 45.200, 31, -0.19479, -0.37497, 0.65601, 0.62527
2025-06-14 21:00:19.874000,f8:a2:fd:ea:fb:80, -0.147, 1.503, 0.13, 166.809, -90.576, -47.119, 117.081, 19.314, -136.269, -20.607, -30.560, 53.553, 31, -0.19479, -0.37497, 0.65601, 0.62527
2025-06-14 21:00:19.963000,f8:a2:fd:ea:fb:80, -0.254, 0.716, -0.403, 88.806, 4.517, -32.776, 128.628, 25.192, -137.867, -20.607, -30.560, 53.553, 31, 0.03317, -0.40482, 0.78799, 0.46259
2025-06-14 21:00:20.053000,f8:a2:fd:ea:fb:80, -0.385, 0.414, 0.069, -68.604, 0.366, 38.94, 128.079, 25.373, -141.603, -20.607, -30.560, 53.553, 31, 0.03317, -0.40482, 0.78799, 0.46259
2025-06-14 21:00:20.175000,f8:a2:fd:ea:fb:80, -0.474, 0.764, -0.062, -203.186, -4.089, 88.806, 111.006, 19.078, -145.294, -14.980, -30.293, 59.873, 31, -0.09555, -0.27908, 0.67993, 0.67123
2025-06-14 21:00:20.294000,f8:a2:fd:ea:fb:80, -0.467, 1.21, -0.927, -219.666, 8.118, 67.505, 88.451, 12.371, -148.107, -14.980, -30.293, 59.873, 31, -0.09555, -0.27908, 0.67993, 0.67123
2025-06-14 21:00:20.383000,f8:a2:fd:ea:fb:80, -0.25, 0.733, -1.191, 12.878, 13.245, -1.587, 80.837, 10.289, -146.986, -14.980, -30.293, 59.873, 31, -0.09555, -0.27908, 0.67993, 0.67123
2025-06-14 21:00:20.533000,f8:a2:fd:ea:fb:80, -0.009, 0.905, 0.012, 31.86, 48.767, -5.127, 86.342, 12.041, -140.312, -25.347, -54.467, 45.833, 31, -0.09555, -0.27908, 0.67993, 0.67123
2025-06-14 21:00:20.593000,f8:a2:fd:ea:fb:80, -0.17, 1.083, -0.058, 40.344, -14.893, 2.319, 90.659, 11.761, -139.252, -25.347, -54.467, 45.833, 31, -0.17514, -0.31378, 0.63806, 0.68088
2025-06-14 21:00:20.684000,f8:a2:fd:ea:fb:80, -0.149, 0.958, -0.161, 21.606, 18.188, -5.981, 94.021, 12.123, -138.016, -25.347, -54.467, 45.833, 31, -0.17514, -0.31378, 0.63806, 0.68088
2025-06-14 21:00:20.803000,f8:a2:fd:ea:fb:80, -0.186, 0.988, -0.13, 26.306, 12.878, -7.812, 96.982, 12.448, -136.368, -24.820, -44.540, 50.080, 31, -0.17514, -0.31378, 0.63806, 0.68088
2025-06-14 21:00:20.894000,f8:a2:fd:ea:fb:80, -0.262, 0.962, -0.163, 30.212, 11.169, -10.742, 99.932, 12.964, -135.577, -24.820, -44.540, 50.080, 31, -0.15848, -0.35852, 0.6803, 0.6192
2025-06-14 21:00:20.984000,f8:a2:fd:ea:fb:80, -0.333, 1.002, -0.209, 51.758, -0.427, -23.987, 104.167, 14.414, -134.813, -24.820, -44.540, 50.080, 31, -0.15848, -0.35852, 0.6803, 0.6192
2025-06-14 21:00:21.133000,f8:a2:fd:ea:fb:80, -0.243, 1.479, 0.056, 136.719, -51.27, -49.622, 112.352, 18.237, -136.692, -17.387, -30.373, 53.613, 31, -0.15848, -0.35852, 0.6803, 0.6192
2025-06-14 21:00:21.254000,f8:a2:fd:ea:fb:80, -0.174, 1.079, -0.629, 111.084, -15.808, -66.895, 124.557, 25.153, -137.933, -17.387, -30.373, 53.613, 31, 0.03271, -0.41125, 0.77579, 0.47733
2025-06-14 21:00:21.283000,f8:a2:fd:ea:fb:80, -0.158, 0.573, 0.075, -12.756, -14.404, 5.981, 130.671, 26.768, -136.176, -17.387, -30.373, 53.613, 31, 0.03271, -0.41125, 0.77579, 0.47733
2025-06-14 21:00:21.434000,f8:a2:fd:ea:fb:80, -0.247, 0.626, -0.067, -165.649, 14.771, 66.589, 120.053, 23.099, -138.818, -17.580, -34.487, 57.040, 31, 0.03271, -0.41125, 0.77579, 0.47733
2025-06-14 21:00:21.494000,f8:a2:fd:ea:fb:80, -0.52, 1.183, -0.676, -206.177, -65.063, 94.727, 98.366, 15.617, -145.272, -17.580, -34.487, 57.040, 31, -0.11133, -0.289, 0.67126, 0.67334
2025-06-14 21:00:21.614000,f8:a2:fd:ea:fb:80, -0.222, 0.94, -0.97, -99.792, -17.883, 43.152, 81.755, 8.586, -145.975, -17.580, -34.487, 57.040, 31, -0.11133, -0.289, 0.67126, 0.67334
2025-06-14 21:00:21.734000,f8:a2:fd:ea:fb:80, -0.143, 1.278, 0.441, 20.691, 101.624, -19.836, 83.381, 9.432, -142.02, -28.107, -54.480, 42.300, 31, -0.11133, -0.289, 0.67126, 0.67334
2025-06-14 21:00:21.824000,f8:a2:fd:ea:fb:80, -0.101, 1.045, -0.027, 42.969, 8.24, 6.104, 89.297, 11.343, -134.264, -28.107, -54.480, 42.300, 31, -0.20978, -0.33969, 0.62277, 0.67279
2025-06-14 21:00:21.884000,f8:a2:fd:ea:fb:80, -0.106, 1.03, -0.062, 36.682, -15.442, -3.357, 93.862, 11.201, -132.061, -28.107, -54.480, 42.300, 31, -0.20978, -0.33969, 0.62277, 0.67279
2025-06-14 21:00:22.002000,f8:a2:fd:ea:fb:80, -0.142, 1.004, -0.118, 21.667, -12.512, -4.578, 96.411, 11.613, -132.709, -29.233, -46.413, 47.173, 31, -0.20978, -0.33969, 0.62277, 0.67279
2025-06-14 21:00:22.098000,f8:a2:fd:ea:fb:80, -0.141, 0.962, -0.15, 31.006, 2.502, -9.338, 98.745, 12.036, -133.253, -29.233, -46.413, 47.173, 31, -0.17581, -0.36942, 0.67484, 0.61411
2025-06-14 21:00:22.185000,f8:a2:fd:ea:fb:80, -0.258, 0.998, -0.23, 58.35, 13.672, -20.935, 103.64, 13.101, -132.193, -29.233, -46.413, 47.173, 31, -0.17581, -0.36942, 0.67484, 0.61411
2025-06-14 21:00:22.345000,f8:a2:fd:ea:fb:80, -0.315, 1.297, -0.231, 93.567, -16.479, -37.415, 110.693, 15.59, -131.913, -23.400, -33.567, 52.900, 31, -0.17581, -0.36942, 0.67484, 0.61411
2025-06-14 21:00:22.394000,f8:a2:fd:ea:fb:80, -0.233, 1.229, -0.486, 140.625, -40.405, -61.707, 122.151, 22.615, -136.588, -23.400, -33.567, 52.900, 31, -0.00049, -0.40683, 0.76816, 0.49429
2025-06-14 21:00:22.483000,f8:a2:fd:ea:fb:80, -0.122, 0.627, -0.402, 61.523, 6.714, -16.418, 131.391, 25.988, -137.466, -23.400, -33.567, 52.900, 31, -0.00049, -0.40683, 0.76816, 0.49429
2025-06-14 21:00:22.604000,f8:a2:fd:ea:fb:80, -0.522, 0.473, -0.054, -110.107, 31.25, 37.476, 125.464, 23.967, -140.147, -16.393, -27.773, 60.327, 31, -0.00049, -0.40683, 0.76816, 0.49429
2025-06-14 21:00:22.724000,f8:a2:fd:ea:fb:80, -0.452, 0.875, -0.229, -208.069, -33.63, 71.777, 105.496, 17.496, -143.223, -16.393, -27.773, 60.327, 31, -0.08255, -0.32178, 0.70435, 0.62723
2025-06-14 21:00:22.784000,f8:a2:fd:ea:fb:80, -0.21, 1.074, -1.175, -173.523, 22.766, 57.251, 85.545, 11.635, -144.877, -16.393, -27.773, 60.327, 31, -0.08255, -0.32178, 0.70435, 0.62723
2025-06-14 21:00:22.903000,f8:a2:fd:ea:fb:80, -0.261, 2.104, 0.737, 49.866, -10.742, -1.831, 83.447, 10.437, -143.35, -24.593, -54.760, 45.327, 31, -0.08255, -0.32178, 0.70435, 0.62723
2025-06-14 21:00:22.994000,f8:a2:fd:ea:fb:80, -0.128, 0.945, -0.086, 38.635, -4.272, 8.423, 89.698, 11.981, -137.697, -24.593, -54.760, 45.327, 31, -0.18762, -0.31921, 0.62109, 0.69067
2025-06-14 21:00:23.114000,f8:a2:fd:ea:fb:80, -0.209, 1.028, -0.1, 30.273, -17.273, -0.244, 93.461, 11.536, -137.137, -24.593, -54.760, 45.327, 31, -0.18762, -0.31921, 0.62109, 0.69067
2025-06-14 21:00:23.205000,f8:a2:fd:ea:fb:80, -0.129, 0.936, -0.144, 9.644, -16.663, -1.77, 95.175, 11.821, -137.785, -26.713, -47.953, 50.907, 31, -0.18762, -0.31921, 0.62109, 0.69067
2025-06-14 21:00:23.323000,f8:a2:fd:ea:fb:80, -0.162, 0.991, -0.111, 18.127, 2.014, -7.507, 96.4, 12.112, -138.164, -26.713, -47.953, 50.907, 31, -0.16083, -0.33478, 0.67084, 0.64182
2025-06-14 21:00:23.413000,f8:a2:fd:ea:fb:80, -0.173, 0.958, -0.099, 46.57, 11.963, -21.667, 99.525, 13.09, -137.296, -26.713, -47.953, 50.907, 31, -0.16083, -0.33478, 0.67084, 0.64182
2025-06-14 21:00:23.504000,f8:a2:fd:ea:fb:80, -0.2, 1.516, -0.142, 119.141, -27.039, -41.809, 107.49, 15.985, -137.098, -26.713, -47.953, 50.907, 31, -0.16083, -0.33478, 0.67084, 0.64182
2025-06-14 21:00:23.624000,f8:a2:fd:ea:fb:80, -0.149, 1.219, -0.544, 153.381, -30.273, -83.862, 120.85, 22.78, -140.18, -18.753, -31.580, 57.733, 31, -0.16083, -0.33478, 0.67084, 0.64182
2025-06-14 21:00:23.684000,f8:a2:fd:ea:fb:80, -0.139, 0.596, -0.17, 19.592, 9.949, -21.179, 130.408, 24.846, -135.236, -18.753, -31.580, 57.733, 31, 0.02448, -0.41153, 0.78314, 0.46545
2025-06-14 21:00:23.805000,f8:a2:fd:ea:fb:80, -0.439, 0.387, -0.091, -127.686, 2.258, 33.142, 122.882, 23.698, -137.027, -18.753, -31.580, 57.733, 31, 0.02448, -0.41153, 0.78314, 0.46545
2025-06-14 21:00:23.895000,f8:a2:fd:ea:fb:80, -0.461, 0.754, -0.594, -188.293, -73.608, 84.106, 102.398, 18.105, -143.306, -18.007, -44.167, 55.567, 31, 0.02448, -0.41153, 0.78314, 0.46545
2025-06-14 21:00:23.985000,f8:a2:fd:ea:fb:80, -0.073, 1.043, -1.307, -88.928, 12.634, 42.48, 87.319, 12.909, -145.64, -18.007, -44.167, 55.567, 31, -0.13525, -0.28036, 0.63348, 0.70831
2025-06-14 21:00:24.103000,f8:a2:fd:ea:fb:80, -0.282, 1.321, -0.117, 7.568, 121.338, -7.568, 90.714, 13.414, -140.559, -18.007, -44.167, 55.567, 31, -0.13525, -0.28036, 0.63348, 0.70831
2025-06-14 21:00:24.194000,f8:a2:fd:ea:fb:80, -0.128, 0.919, -0.168, 24.353, 35.522, 9.705, 96.301, 13.76, -133.423, -28.200, -50.287, 48.487, 31, -0.13525, -0.28036, 0.63348, 0.70831
2025-06-14 21:00:24.313000,f8:a2:fd:ea:fb:80, -0.15, 0.986, -0.231, 28.015, -0.366, -1.831, 99.761, 13.134, -132.215, -28.200, -50.287, 48.487, 31, -0.1781, -0.37708, 0.66705, 0.61728
2025-06-14 21:00:24.404000,f8:a2:fd:ea:fb:80, -0.164, 0.986, -0.237, 11.902, -8.24, -4.028, 101.343, 13.453, -132.567, -28.200, -50.287, 48.487, 31, -0.1781, -0.37708, 0.66705, 0.61728
2025-06-14 21:00:24.495000,f8:a2:fd:ea:fb:80, -0.141, 0.944, -0.237, 11.414, -3.113, -6.531, 102.453, 13.837, -133.297, -26.260, -42.460, 50.700, 31, -0.1781, -0.37708, 0.66705, 0.61728
2025-06-14 21:00:24.618000,f8:a2:fd:ea:fb:80, -0.348, 0.931, -0.236, 33.203, 6.104, -16.174, 104.87, 14.656, -133.033, -26.260, -42.460, 50.700, 31, -0.14407, -0.38757, 0.69333, 0.59009
2025-06-14 21:00:24.735000,f8:a2:fd:ea:fb:80, -0.142, 1.141, -0.153, 95.093, -4.761, -36.194, 111.456, 16.87, -132.682, -26.260, -42.460, 50.700, 31, -0.14407, -0.38757, 0.69333, 0.59009
2025-06-14 21:00:24.824000,f8:a2:fd:ea:fb:80, -0.088, 1.283, -0.515, 117.249, 17.822, -64.514, 123.541, 22.89, -133.303, -17.853, -25.820, 57.153, 31, -0.14407, -0.38757, 0.69333, 0.59009
2025-06-14 21:00:24.914000,f8:a2:fd:ea:fb:80, -0.171, 0.594, -0.021, 13.672, -36.499, 2.808, 131.006, 26.34, -133.121, -17.853, -25.820, 57.153, 31, 0.02795, -0.42432, 0.77429, 0.46854
2025-06-14 21:00:25.034000,f8:a2:fd:ea:fb:80, -0.305, 0.48, -0.154, -147.461, 22.461, 59.082, 122.322, 24.005, -136.994, -17.853, -25.820, 57.153, 31, 0.02795, -0.42432, 0.77429, 0.46854
2025-06-14 21:00:25.125000,f8:a2:fd:ea:fb:80, -0.415, 0.985, -0.699, -192.566, -40.466, 82.642, 102.898, 17.166, -142.465, -22.020, -47.667, 51.653, 31, 0.02795, -0.42432, 0.77429, 0.46854
2025-06-14 21:00:25.244000,f8:a2:fd:ea:fb:80, -0.545, 1.043, -0.862, -105.286, -12.207, 48.096, 87.023, 11.19, -144.641, -22.020, -47.667, 51.653, 31, -0.17105, -0.26779, 0.61847, 0.71863
2025-06-14 21:00:25.333000,f8:a2:fd:ea:fb:80, -0.001, 0.834, -0.532, 19.592, 19.043, -3.052, 85.809, 9.937, -143.372, -22.020, -47.667, 51.653, 31, -0.17105, -0.26779, 0.61847, 0.71863
2025-06-14 21:00:25.424000,f8:a2:fd:ea:fb:80, -0.193, 1.021, -0.341, 56.458, -1.77, 3.357, 91.269, 11.964, -135.791, -22.020, -47.667, 51.653, 31, -0.17105, -0.26779, 0.61847, 0.71863
2025-06-14 21:00:25.515000,f8:a2:fd:ea:fb:80, -0.241, 1.062, -0.091, 29.175, 37.415, -0.916, 95.548, 11.75, -133.347, -29.193, -49.667, 46.860, 31, -0.19229, -0.36578, 0.6601, 0.6272
2025-06-14 21:00:25.634000,f8:a2:fd:ea:fb:80, -0.152, 0.987, -0.215, 13.733, 7.019, -4.211, 98.668, 11.849, -132.001, -29.193, -49.667, 46.860, 31, -0.19229, -0.36578, 0.6601, 0.6272
2025-06-14 21:00:25.725000,f8:a2:fd:ea:fb:80, -0.148, 0.962, -0.173, 10.925, -8.057, -2.136, 99.739, 12.008, -132.72, -29.640, -49.667, 46.860, 31, -0.19229, -0.36578, 0.6601, 0.6272
2025-06-14 21:00:25.815000,f8:a2:fd:ea:fb:80, -0.217, 0.973, -0.176, 27.71, 7.141, -8.545, 101.64, 12.393, -132.951, -29.640, -42.480, 48.260, 31, -0.15976, -0.37888, 0.69281, 0.59229
2025-06-14 21:00:25.934000,f8:a2:fd:ea:fb:80, -0.163, 1.062, -0.207, 72.388, -5.005, -23.682, 106.644, 13.722, -132.764, -29.640, -42.480, 48.260, 31, -0.15976, -0.37888, 0.69281, 0.59229
2025-06-14 21:00:26.024000,f8:a2:fd:ea:fb:80, -0.13, 1.723, 0.183, 170.471, -82.825, -58.044, 117.087, 19.292, -136.95, -17.840, -24.333, 57.593, 31, -0.15976, -0.37888, 0.69281, 0.59229
2025-06-14 21:00:26.114000,f8:a2:fd:ea:fb:80, -0.198, 0.947, -0.368, 96.924, 44.373, -46.509, 130.04, 24.725, -136.335, -17.840, -24.333, 57.593, 31, 0.03149, -0.41751, 0.79352, 0.44147
2025-06-14 21:00:26.235000,f8:a2:fd:ea:fb:80, -0.456, 0.363, 0.083, -72.021, 17.334, 15.869, 128.71, 24.208, -137.148, -17.840, -24.333, 57.593, 31, 0.03149, -0.41751, 0.79352, 0.44147
2025-06-14 21:00:26.324000,f8:a2:fd:ea:fb:80, -0.579, 0.599, -0.139, -197.815, -17.395, 76.355, 110.731, 19.177, -140.449, -19.207, -43.140, 55.467, 31, 0.03149, -0.41751, 0.79352, 0.44147
2025-06-14 21:00:26.414000,f8:a2:fd:ea:fb:80, -0.386, 1.044, -1.019, -185.059, 2.502, 57.129, 89.621, 13.843, -145.448, -19.207, -43.140, 55.467, 31, -0.15039, -0.28564, 0.61792, 0.71683
2025-06-14 21:00:26.534000,f8:a2:fd:ea:fb:80, -0.091, 0.586, -1.509, 13.306, 37.415, 6.592, 85.759, 13.195, -141.279, -19.207, -43.140, 55.467, 31, -0.15039, -0.28564, 0.61792, 0.71683
2025-06-14 21:00:26.626000,f8:a2:fd:ea:fb:80, -0.275, 0.996, -0.169, 43.823, 19.165, 14.587, 92.73, 14.134, -133.198, -28.220, -50.767, 48.087, 31, -0.15039, -0.28564, 0.61792, 0.71683
2025-06-14 21:00:26.716000,f8:a2:fd:ea:fb:80, -0.272, 0.948, -0.172, 24.353, -2.197, 4.944, 96.817, 13.046, -131.336, -28.220, -50.767, 48.087, 31, -0.19083, -0.37411, 0.65189, 0.63129
2025-06-14 21:00:26.835000,f8:a2:fd:ea:fb:80, -0.128, 0.978, -0.161, 11.353, -14.465, -1.892, 98.388, 12.903, -132.149, -28.220, -50.767, 48.087, 31, -0.19083, -0.37411, 0.65189, 0.63129
2025-06-14 21:00:26.955000,f8:a2:fd:ea:fb:80, -0.19, 0.961, -0.199, 21.118, -5.493, -6.226, 99.976, 13.26, -133.121, -26.760, -44.333, 51.007, 31, -0.19083, -0.37411, 0.65189, 0.63129
2025-06-14 21:00:27.015000,f8:a2:fd:ea:fb:80, -0.348, 0.976, -0.206, 36.377, 9.216, -15.747, 102.645, 13.876, -133.275, -26.760, -44.333, 51.007, 31, -0.15857, -0.37738, 0.68222, 0.60574
2025-06-14 21:00:27.163000,f8:a2:fd:ea:fb:80, -0.066, 1.035, -0.225, 72.449, -5.554, -32.288, 108.023, 15.738, -132.968, -26.760, -44.333, 51.007, 31, -0.15857, -0.37738, 0.68222, 0.60574
2025-06-14 21:00:27.224000,f8:a2:fd:ea:fb:80, -0.185, 1.312, -0.093, 148.315, -92.346, -59.326, 117.136, 21.736, -136.609, -14.267, -26.073, 58.760, 31, -0.15857, -0.37738, 0.68222, 0.60574
2025-06-14 21:00:27.314000,f8:a2:fd:ea:fb:80, -0.24, 0.896, -0.386, 92.896, 18.433, -34.729, 128.666, 27.285, -136.615, -14.267, -26.073, 58.760, 31, 0.05099, -0.42136, 0.78256, 0.45535
2025-06-14 21:00:27.434000,f8:a2:fd:ea:fb:80, -0.442, 0.42, -0.002, -63.171, 7.69, 30.151, 128.672, 26.988, -138.724, -14.267, -26.073, 58.760, 31, 0.05099, -0.42136, 0.78256, 0.45535
2025-06-14 21:00:27.524000,f8:a2:fd:ea:fb:80, -0.452, 0.645, -0.135, -191.956, 0, 92.651, 112.533, 20.308, -142.635, -17.373, -40.700, 57.613, 31, 0.05099, -0.42136, 0.78256, 0.45535
2025-06-14 21:00:27.614000,f8:a2:fd:ea:fb:80, -0.707, 1.079, -0.937, -213.745, 18.066, 72.51, 90.714, 12.816, -145.651, -17.373, -40.700, 57.613, 31, -0.15771, -0.27432, 0.62283, 0.71542
2025-06-14 21:00:27.733000,f8:a2:fd:ea:fb:80, -0.369, 0.695, -1.313, -2.136, 10.925, 10.315, 81.859, 10.239, -142.855, -17.373, -40.700, 57.613, 31, -0.15771, -0.27432, 0.62283, 0.71542
2025-06-14 21:00:27.825000,f8:a2:fd:ea:fb:80, -0.077, 0.958, -0.134, 39.307, 31.616, -8.85, 88.198, 12.612, -136.989, -27.393, -53.380, 45.987, 31, -0.15771, -0.27432, 0.62283, 0.71542
2025-06-14 21:00:27.915000,f8:a2:fd:ea:fb:80, -0.22, 1.083, -0.084, 24.78, 36.438, 0.671, 92.582, 12.349, -134.83, -27.393, -53.380, 45.987, 31, -0.19397, -0.35117, 0.63797, 0.65723
2025-06-14 21:00:28.064000,f8:a2:fd:ea:fb:80, -0.088, 0.981, -0.155, 21.179, 19.958, -6.287, 96.251, 12.612, -131.847, -27.393, -53.380, 45.987, 31, -0.19397, -0.35117, 0.63797, 0.65723
2025-06-14 21:00:28.124000,f8:a2:fd:ea:fb:80, -0.163, 0.967, -0.149, 16.724, 1.831, -4.456, 97.982, 12.711, -131.732, -28.927, -46.847, 48.460, 31, -0.19397, -0.35117, 0.63797, 0.65723
2025-06-14 21:00:28.215000,f8:a2:fd:ea:fb:80, -0.15, 0.996, -0.172, 28.748, 2.258, -10.62, 100.415, 13.233, -131.715, -28.927, -46.847, 48.460, 31, -0.17496, -0.38187, 0.67026, 0.61172
2025-06-14 21:00:28.335000,f8:a2:fd:ea:fb:80, -0.333, 1.058, -0.173, 68.054, -2.075, -22.339, 105.112, 14.612, -131.902, -28.927, -46.847, 48.460, 31, -0.17496, -0.38187, 0.67026, 0.61172
2025-06-14 21:00:28.425000,f8:a2:fd:ea:fb:80, -0.103, 1.489, 0.149, 150.696, -18.921, -59.265, 115.148, 18.292, -132.556, -20.933, -29.993, 56.513, 31, -0.17496, -0.38187, 0.67026, 0.61172
2025-06-14 21:00:28.576000,f8:a2:fd:ea:fb:80, -0.2, 0.852, -0.374, 94.055, -25.757, -43.762, 128.029, 24.236, -132.473, -20.933, -29.993, 56.513, 31, 0.01276, -0.44016, 0.77222, 0.45789
2025-06-14 21:00:28.636000,f8:a2:fd:ea:fb:80, -0.336, 0.415, 0.122, -74.219, 11.963, 16.174, 128.919, 25.269, -133.726, -20.933, -29.993, 56.513, 31, 0.01276, -0.44016, 0.77222, 0.45789
2025-06-14 21:00:28.724000,f8:a2:fd:ea:fb:80, -0.363, 0.637, -0.023, -197.815, -25.33, 74.768, 113.258, 20.934, -136.675, -20.033, -42.160, 54.727, 31, 0.01276, -0.44016, 0.77222, 0.45789
2025-06-14 21:00:28.815000,f8:a2:fd:ea:fb:80, -0.401, 1.182, -0.997, -214.294, 14.221, 60.364, 90.522, 14.958, -141.021, -20.033, -42.160, 54.727, 31, -0.1658, -0.31363, 0.61179, 0.70694
2025-06-14 21:00:28.964000,f8:a2:fd:ea:fb:80, -0.423, 0.783, -1.093, -6.958, -50.415, 25.574, 79.931, 11.008, -141.103, -20.033, -42.160, 54.727, 31, -0.1658, -0.31363, 0.61179, 0.70694
2025-06-14 21:00:29.056000,f8:a2:fd:ea:fb:80, -0.192, 1.04, -0.708, 44.189, 62.134, -2.808, 85.605, 12.09, -137.73, -20.033, -42.160, 54.727, 31, -0.1658, -0.31363, 0.61179, 0.70694
2025-06-14 21:00:29.146000,f8:a2:fd:ea:fb:80, -0.123, 1.04, -0.133, 31.311, 17.883, 7.385, 91.187, 12.068, -134.632, -27.307, -55.600, 42.987, 31, -0.1658, -0.31363, 0.61179, 0.70694
2025-06-14 21:00:29.265000,f8:a2:fd:ea:fb:80, -0.113, 1.008, -0.134, 23.865, 23.56, -4.272, 94.735, 11.849, -132.446, -27.307, -55.600, 42.987, 31, -0.20233, -0.35587, 0.63885, 0.65128
2025-06-14 21:00:29.354000,f8:a2:fd:ea:fb:80, -0.154, 0.985, -0.14, 21.423, 4.517, -3.296, 97.262, 11.926, -131.347, -27.307, -55.600, 42.987, 31, -0.20233, -0.35587, 0.63885, 0.65128
2025-06-14 21:00:29.534000,f8:a2:fd:ea:fb:80, -0.215, 1.008, -0.134, 30.457, 2.502, -9.583, 99.745, 12.239, -131.199, -28.933, -46.347, 48.487, 31, -0.20233, -0.35587, 0.63885, 0.65128
2025-06-14 21:00:29.564000,f8:a2:fd:ea:fb:80, -0.187, 0.967, -0.234, 47.363, -6.165, -18.433, 103.464, 13.37, -131.287, -28.933, -46.347, 48.487, 31, -0.20233, -0.35587, 0.63885, 0.65128
2025-06-14 21:00:29.656000,f8:a2:fd:ea:fb:80, -0.251, 1.389, -0.155, 107.117, -43.762, -33.264, 110.231, 16.254, -133.27, -28.933, -46.347, 48.487, 31, -0.09509, -0.39728, 0.72632, 0.5527
2025-06-14 21:00:29.746000,f8:a2:fd:ea:fb:80, -0.215, 1.155, -0.711, 152.954, -56.702, -70.19, 122.69, 23.643, -138.345, -28.933, -46.347, 48.487, 31, -0.09509, -0.39728, 0.72632, 0.5527
2025-06-14 21:00:29.927000,f8:a2:fd:ea:fb:80, -0.109, 0.591, -0.062, 29.968, -15.564, -9.888, 131.001, 25.159, -135.363, -28.933, -46.347, 48.487, 31, -0.09509, -0.39728, 0.72632, 0.5527
2025-06-14 21:00:30.015000,f8:a2:fd:ea:fb:80, -0.276, 0.437, -0.123, -130.554, 8.24, 40.771, 121.635, 22.956, -138.362, -15.093, -23.453, 60.727, 31, -0.09509, -0.39728, 0.72632, 0.5527
2025-06-14 21:00:30.046000,f8:a2:fd:ea:fb:80, -0.419, 0.955, -0.475, -194.336, -80.078, 85.327, 100.563, 16.518, -144.613, -15.093, -23.453, 60.727, 31, -0.09509, -0.39728, 0.72632, 0.5527
2025-06-14 21:00:30.194000,f8:a2:fd:ea:fb:80, -0.662, 1.022, -1.046, -145.874, -0.854, 61.951, 82.535, 9.234, -144.844, -15.093, -23.453, 60.727, 31, -0.17557, -0.2562, 0.60843, 0.73022
2025-06-14 21:00:30.256000,f8:a2:fd:ea:fb:80, -0.211, 1.83, 0.792, 36.682, 21.667, -28.687, 82.634, 9.163, -142.976, -15.093, -23.453, 60.727, 31, -0.17557, -0.2562, 0.60843, 0.73022
2025-06-14 21:00:30.348000,f8:a2:fd:ea:fb:80, -0.066, 0.978, 0.04, 41.199, -25.208, 5.249, 87.968, 11.36, -136.939, -27.933, -54.220, 43.280, 31, -0.19678, -0.32883, 0.63251, 0.67303
2025-06-14 21:00:30.466000,f8:a2:fd:ea:fb:80, -0.147, 1.027, -0.129, 33.813, 2.686, -6.592, 92.104, 11.239, -135.439, -27.933, -54.220, 43.280, 31, -0.19678, -0.32883, 0.63251, 0.67303
2025-06-14 21:00:30.556000,f8:a2:fd:ea:fb:80, -0.195, 0.957, -0.109, 14.221, -1.099, -4.028, 94.73, 11.689, -133.792, -29.827, -48.820, 47.313, 31, -0.19678, -0.32883, 0.63251, 0.67303
2025-06-14 21:00:30.644000,f8:a2:fd:ea:fb:80, -0.124, 0.953, -0.107, 20.508, 0.488, -5.554, 96.482, 11.898, -133.753, -29.827, -48.820, 47.313, 31, -0.18384, -0.35651, 0.66068, 0.6344
2025-06-14 21:00:30.766000,f8:a2:fd:ea:fb:80, -0.303, 0.979, -0.132, 52.429, 1.709, -17.456, 99.849, 12.656, -133.923, -29.827, -48.820, 47.313, 31, -0.18384, -0.35651, 0.66068, 0.6344
2025-06-14 21:00:30.856000,f8:a2:fd:ea:fb:80, -0.349, 1.303, -0.209, 107.727, -16.296, -31.006, 107.825, 15.018, -134.236, -23.120, -34.007, 55.980, 31, -0.18384, -0.35651, 0.66068, 0.6344
2025-06-14 21:00:30.946000,f8:a2:fd:ea:fb:80, -0.102, 1.331, -0.17, 146.973, -66.65, -63.171, 119.515, 20.836, -138.296, -23.120, -34.007, 55.980, 31, 0.00189, -0.39771, 0.77267, 0.49466
2025-06-14 21:00:31.065000,f8:a2:fd:ea:fb:80, -0.188, 0.483, -0.544, 57.495, 14.282, -30.457, 129.38, 25.527, -136.527, -23.120, -34.007, 55.980, 31, 0.00189, -0.39771, 0.77267, 0.49466
2025-06-14 21:00:31.245000,f8:a2:fd:ea:fb:80, -0.545, 0.777, -0.244, -185.242, -44.373, 89.172, 107.825, 19.869, -145.959, -14.093, -27.600, 61.487, 31, 0.00189, -0.39771, 0.77267, 0.49466
2025-06-14 21:00:31.245000,f8:a2:fd:ea:fb:80, -0.57, 0.403, 0.101, -87.463, -18.25, 33.63, 125.81, 25.153, -139.351, -14.093, -27.600, 61.487, 31, 0.00189, -0.39771, 0.77267, 0.49466
2025-06-14 21:00:31.366000,f8:a2:fd:ea:fb:80, -0.402, 1.049, -0.812, -173.401, 27.405, 64.941, 88.808, 13.2, -149.183, -14.093, -27.600, 61.487, 31, -0.03995, -0.32581, 0.72781, 0.60202
2025-06-14 21:00:31.455000,f8:a2:fd:ea:fb:80, -0.313, 0.693, -1.011, 18.066, 31.86, -4.822, 83.837, 11.915, -145.75, -14.093, -27.600, 61.487, 31.04, -0.03995, -0.32581, 0.72781, 0.60202
2025-06-14 21:00:31.545000,f8:a2:fd:ea:fb:80, 0.021, 0.933, -0.077, 39.795, 27.832, -3.235, 89.242, 13.524, -138.68, -14.093, -27.600, 61.487, 31.04, -0.03995, -0.32581, 0.72781, 0.60202
2025-06-14 21:00:31.694000,f8:a2:fd:ea:fb:80, -0.255, 1.1, -0.14, 13.55, 20.874, 10.681, 92.681, 12.607, -138.027, -25.800, -53.133, 48.287, 31.04, -0.17709, -0.3399, 0.65198, 0.65414
2025-06-14 21:00:31.758000,f8:a2:fd:ea:fb:80, -0.207, 1, -0.067, 15.259, 18.921, -2.319, 95.197, 12.327, -135.934, -25.800, -53.133, 48.287, 31.04, -0.17709, -0.3399, 0.65198, 0.65414
2025-06-14 21:00:31.875000,f8:a2:fd:ea:fb:80, -0.157, 0.957, -0.13, 13.55, -4.944, -1.343, 96.784, 12.371, -135.934, -25.800, -53.133, 48.287, 31.04, -0.17709, -0.3399, 0.65198, 0.65414
2025-06-14 21:00:31.965000,f8:a2:fd:ea:fb:80, -0.212, 0.987, -0.131, 27.283, -0.549, -11.169, 98.849, 12.788, -135.928, -24.547, -45.220, 50.500, 31.04, -0.14709, -0.36359, 0.68652, 0.61215
2025-06-14 21:00:32.055000,f8:a2:fd:ea:fb:80, -0.345, 1.015, -0.177, 61.157, 14.526, -32.227, 103.601, 14.584, -135.209, -24.547, -45.220, 50.500, 31.04, -0.14709, -0.36359, 0.68652, 0.61215
2025-06-14 21:00:32.145000,f8:a2:fd:ea:fb:80, -0.124, 1.493, 0.042, 138.428, -36.255, -60.303, 112.945, 18.677, -134.429, -24.547, -45.220, 50.500, 31.04, -0.14709, -0.36359, 0.68652, 0.61215
2025-06-14 21:00:32.265000,f8:a2:fd:ea:fb:80, -0.042, 1.254, -0.649, 121.887, 20.752, -68.237, 125.491, 27.328, -137.444, -13.140, -26.173, 58.493, 31.04, -0.14709, -0.36359, 0.68652, 0.61215
2025-06-14 21:00:32.385000,f8:a2:fd:ea:fb:80, -0.149, 0.483, -0.015, -3.235, -11.414, 14.038, 132.308, 27.922, -135.797, -13.140, -26.173, 58.493, 31.04, 0.05188, -0.43091, 0.78305, 0.44534
2025-06-14 21:00:32.445000,f8:a2:fd:ea:fb:80, -0.311, 0.577, 0.01, -174.011, 38.33, 78.308, 121.69, 22.994, -138.625, -13.140, -26.173, 58.493, 31.04, 0.05188, -0.43091, 0.78305, 0.44534
2025-06-14 21:00:32.566000,f8:a2:fd:ea:fb:80, -0.462, 1.126, -0.77, -216.248, -46.143, 89.844, 99.8, 15.309, -144.267, -19.773, -42.433, 55.427, 31.04, -0.1676, -0.26727, 0.6218, 0.71674
2025-06-14 21:00:32.655000,f8:a2:fd:ea:fb:80, -0.212, 0.979, -1.057, -103.21, -27.161, 42.786, 82.288, 9.113, -144.146, -19.773, -42.433, 55.427, 31.04, -0.1676, -0.26727, 0.6218, 0.71674
2025-06-14 21:00:32.744000,f8:a2:fd:ea:fb:80, -0.083, 1.352, 0.527, 41.199, 84.656, -22.4, 84.375, 9.767, -141.515, -19.773, -42.433, 55.427, 31.04, -0.1676, -0.26727, 0.6218, 0.71674
2025-06-14 21:00:32.865000,f8:a2:fd:ea:fb:80, -0.121, 1.044, -0.089, 39.551, 29.053, -1.038, 91.368, 11.821, -134.67, -28.713, -53.193, 43.467, 31.04, -0.20865, -0.36725, 0.63974, 0.64203
2025-06-14 21:00:32.985000,f8:a2:fd:ea:fb:80, -0.11, 0.982, -0.173, 39.246, 39.429, -9.705, 96.79, 11.904, -129.787, -28.713, -53.193, 43.467, 31.04, -0.20865, -0.36725, 0.63974, 0.64203
2025-06-14 21:00:33.078000,f8:a2:fd:ea:fb:80, -0.163, 1.007, -0.191, 22.461, -8.118, -4.883, 99.877, 12.255, -128.359, -28.713, -53.193, 43.467, 31.04, -0.20865, -0.36725, 0.63974, 0.64203
2025-06-14 21:00:33.166000,f8:a2:fd:ea:fb:80, -0.139, 0.952, -0.209, 19.836, 1.587, -6.897, 101.569, 12.607, -128.298, -32.673, -47.640, 45.780, 31.04, -0.18719, -0.40195, 0.67252, 0.59244
2025-06-14 21:00:33.286000,f8:a2:fd:ea:fb:80, -0.271, 1.023, -0.241, 44.434, -11.23, -10.803, 104.672, 13.25, -128.804, -32.673, -47.640, 45.780, 31.04, -0.18719, -0.40195, 0.67252, 0.59244
2025-06-14 21:00:33.376000,f8:a2:fd:ea:fb:80, -0.107, 1.115, -0.201, 100.83, -46.997, -25.635, 110.951, 15.491, -131.111, -32.673, -47.640, 45.780, 31.04, -0.18719, -0.40195, 0.67252, 0.59244
2025-06-14 21:00:33.497000,f8:a2:fd:ea:fb:80, -0.22, 1.163, -0.428, 136.536, -40.588, -53.04, 121.904, 21.127, -134.769, -25.167, -33.540, 55.507, 31.04, 0.02267, -0.41736, 0.78214, 0.46201
2025-06-14 21:00:33.616000,f8:a2:fd:ea:fb:80, -0.212, 0.674, -0.271, 61.218, -23.376, -18.555, 130.748, 25.681, -136.34, -25.167, -33.540, 55.507, 31.04, 0.02267, -0.41736, 0.78214, 0.46201
2025-06-14 21:00:33.706000,f8:a2:fd:ea:fb:80, -0.483, 0.49, -0.052, -114.319, 17.517, 40.1, 123.481, 23.687, -139.499, -25.167, -33.540, 55.507, 31.04, 0.02267, -0.41736, 0.78214, 0.46201
2025-06-14 21:00:33.796000,f8:a2:fd:ea:fb:80, -0.479, 0.86, -0.253, -198.181, -36.743, 67.566, 103.645, 18.001, -143.525, -18.913, -47.453, 52.647, 31.04, 0.02267, -0.41736, 0.78214, 0.46201
2025-06-14 21:00:33.885000,f8:a2:fd:ea:fb:80, -0.504, 1.007, -0.859, -175.537, 16.418, 43.457, 84.342, 13.046, -142.207, -18.913, -47.453, 52.647, 31.04, -0.17929, -0.27567, 0.58401, 0.74207
2025-06-14 21:00:33.975000,f8:a2:fd:ea:fb:80, -0.002, 1.109, 0.096, 53.284, 0.061, -11.536, 82.057, 11.662, -143.207, -18.913, -47.453, 52.647, 31.04, -0.17929, -0.27567, 0.58401, 0.74207
2025-06-14 21:00:34.103000,f8:a2:fd:ea:fb:80, -0.103, 0.914, -0.011, 51.514, 14.465, 10.498, 88.462, 13.359, -135.643, -27.187, -54.700, 44.260, 31.04, -0.17929, -0.27567, 0.58401, 0.74207
2025-06-14 21:00:34.186000,f8:a2:fd:ea:fb:80, -0.171, 1.004, -0.128, 32.776, 29.053, 2.808, 93.9, 12.59, -131.924, -27.187, -54.700, 44.260, 31.04, -0.20435, -0.36905, 0.63681, 0.64529
2025-06-14 21:00:34.275000,f8:a2:fd:ea:fb:80, -0.142, 0.958, -0.206, 16.968, -4.517, -2.075, 96.921, 12.448, -130.715, -27.187, -54.700, 44.260, 31.04, -0.20435, -0.36905, 0.63681, 0.64529
2025-06-14 21:00:34.396000,f8:a2:fd:ea:fb:80, -0.177, 0.976, -0.169, 20.996, -3.296, -4.089, 98.602, 12.519, -131.567, -29.347, -48.367, 48.613, 31.04, -0.17737, -0.37885, 0.67191, 0.61111
2025-06-14 21:00:34.516000,f8:a2:fd:ea:fb:80, -0.226, 0.964, -0.216, 39.368, 4.883, -11.047, 101.646, 13.052, -131.803, -29.347, -48.367, 48.613, 31.04, -0.17737, -0.37885, 0.67191, 0.61111
2025-06-14 21:00:34.576000,f8:a2:fd:ea:fb:80, -0.345, 1.08, -0.199, 68.054, -16.235, -19.958, 106.397, 14.315, -131.863, -29.347, -48.367, 48.613, 31.04, -0.17737, -0.37885, 0.67191, 0.61111
2025-06-14 21:00:34.696000,f8:a2:fd:ea:fb:80, -0.107, 1.556, 0.116, 158.508, -71.655, -49.011, 115.834, 18.512, -135.527, -23.347, -35.367, 56.393, 31.04, -0.00241, -0.40012, 0.76892, 0.49857
2025-06-14 21:00:34.786000,f8:a2:fd:ea:fb:80, -0.183, 0.864, -0.396, 75.256, 54.26, -55.725, 127.722, 24.538, -135.791, -23.347, -35.367, 56.393, 31.04, -0.00241, -0.40012, 0.76892, 0.49857
2025-06-14 21:00:34.876000,f8:a2:fd:ea:fb:80, -0.419, 0.44, 0.053, -78.125, 18.188, 11.23, 128.04, 24.186, -134.572, -23.347, -35.367, 56.393, 31.04, -0.00241, -0.40012, 0.76892, 0.49857
2025-06-14 21:00:34.996000,f8:a2:fd:ea:fb:80, -0.402, 0.704, -0.102, -194.519, -20.142, 71.228, 111.275, 19.731, -137.296, -18.087, -30.847, 59.553, 31.04, -0.10507, -0.33527, 0.67972, 0.64377
2025-06-14 21:00:35.116000,f8:a2:fd:ea:fb:80, -0.291, 1.093, -0.942, -184.509, 4.395, 62.805, 90.319, 13.958, -142.883, -18.087, -30.847, 59.553, 31.04, -0.10507, -0.33527, 0.67972, 0.64377
2025-06-14 21:00:35.176000,f8:a2:fd:ea:fb:80, -0.314, 0.847, -0.987, -8.911, -28.32, 21.545, 82.117, 10.657, -142.152, -24.020, -56.227, 43.340, 31.04, -0.10507, -0.33527, 0.67972, 0.64377
2025-06-14 21:00:35.295000,f8:a2:fd:ea:fb:80, -0.156, 1.117, -0.134, 7.263, 153.259, -19.104, 87.49, 12.096, -137.148, -24.020, -56.227, 43.340, 31.04, -0.20319, -0.34048, 0.61295, 0.68335
2025-06-14 21:00:35.386000,f8:a2:fd:ea:fb:80, -0.091, 0.999, -0.108, 28.748, 32.898, 6.775, 92.604, 12.409, -132.352, -24.020, -56.227, 43.340, 31.04, -0.20319, -0.34048, 0.61295, 0.68335
2025-06-14 21:00:35.477000,f8:a2:fd:ea:fb:80, -0.164, 0.988, -0.151, 22.705, 5.615, -6.531, 96.075, 12.266, -130.232, -30.467, -51.000, 45.473, 31.04, -0.20319, -0.34048, 0.61295, 0.68335
2025-06-14 21:00:35.630000,f8:a2:fd:ea:fb:80, -0.118, 0.95, -0.126, 19.165, -12.268, -2.563, 97.778, 12.618, -130.562, -30.467, -51.000, 45.473, 31.04, -0.19876, -0.37894, 0.64938, 0.62857
2025-06-14 21:00:35.686000,f8:a2:fd:ea:fb:80, -0.133, 0.949, -0.157, 23.804, 5.798, -6.897, 99.959, 12.958, -130.781, -30.467, -51.000, 45.473, 31.04, -0.19876, -0.37894, 0.64938, 0.62857
2025-06-14 21:00:35.777000,f8:a2:fd:ea:fb:80, -0.596, 0.981, -0.216, 43.823, 4.028, -20.569, 103.497, 13.87, -129.902, -28.240, -44.473, 49.793, 31.04, -0.19876, -0.37894, 0.64938, 0.62857
2025-06-14 21:00:35.896000,f8:a2:fd:ea:fb:80, -0.208, 1.683, 0.146, 166.87, -78.796, -44.617, 113.439, 17.397, -132.193, -28.240, -44.473, 49.793, 31.04, -0.1152, -0.40997, 0.71548, 0.55374
2025-06-14 21:00:35.985000,f8:a2:fd:ea:fb:80, -0.205, 0.937, -0.519, 105.347, 31.433, -39.917, 126.782, 23.615, -135.22, -28.240, -44.473, 49.793, 31.04, -0.1152, -0.40997, 0.71548, 0.55374
2025-06-14 21:00:36.079000,f8:a2:fd:ea:fb:80, -0.238, 0.385, -0.014, -37.476, 4.028, 7.568, 130.166, 24.17, -136.357, -15.893, -23.940, 61.387, 31.04, -0.1152, -0.40997, 0.71548, 0.55374
2025-06-14 21:00:36.197000,f8:a2:fd:ea:fb:80, -0.328, 0.578, -0.01, -174.744, -5.31, 58.228, 117.949, 20.539, -137.444, -15.893, -23.940, 61.387, 31.04, -0.03317, -0.3959, 0.75833, 0.51669
2025-06-14 21:00:36.286000,f8:a2:fd:ea:fb:80, -0.42, 1.156, -0.913, -212.524, -12.024, 73.059, 96.158, 15.293, -144.371, -15.893, -23.940, 61.387, 31.04, -0.03317, -0.3959, 0.75833, 0.51669
2025-06-14 21:00:36.376000,f8:a2:fd:ea:fb:80, -0.601, 0.797, -1.127, -20.569, -18.188, 23.438, 84.161, 11.475, -144.042, -22.127, -55.900, 45.513, 31.04, -0.03317, -0.3959, 0.75833, 0.51669
2025-06-14 21:00:36.495000,f8:a2:fd:ea:fb:80, -0.097, 0.852, -0.167, 25.635, 98.267, -23.621, 89.302, 12.722, -138.741, -22.127, -55.900, 45.513, 31.04, -0.17035, -0.30652, 0.62656, 0.69595
2025-06-14 21:00:36.586000,f8:a2:fd:ea:fb:80, -0.093, 1.043, -0.15, 31.189, 16.602, 7.629, 94.263, 12.859, -134.753, -22.127, -55.900, 45.513, 31.04, -0.17035, -0.30652, 0.62656, 0.69595
2025-06-14 21:00:36.677000,f8:a2:fd:ea:fb:80, -0.102, 0.982, -0.194, 13.611, 19.165, -5.249, 97.531, 12.722, -132.215, -28.573, -50.840, 48.093, 31.04, -0.17035, -0.30652, 0.62656, 0.69595
2025-06-14 21:00:36.797000,f8:a2:fd:ea:fb:80, -0.17, 0.988, -0.137, 17.09, 9.46, -4.883, 99.086, 12.881, -132.138, -28.573, -50.840, 48.093, 31.04, -0.18396, -0.37198, 0.6604, 0.62573
2025-06-14 21:00:36.892000,f8:a2:fd:ea:fb:80, -0.179, 0.958, -0.224, 22.339, 5.981, -8.667, 101.305, 13.277, -132.1, -28.573, -50.840, 48.093, 31.04, -0.18396, -0.37198, 0.6604, 0.62573
2025-06-14 21:00:37.045000,f8:a2:fd:ea:fb:80, -0.389, 0.994, -0.176, 53.65, 4.028, -21.667, 104.87, 14.321, -131.594, -26.240, -43.300, 51.627, 31.04, -0.18396, -0.37198, 0.6604, 0.62573
2025-06-14 21:00:37.132000,f8:a2:fd:ea:fb:80, -0.083, 1.543, -0.071, 126.221, -36.804, -44.189, 113.483, 17.452, -132.116, -26.240, -43.300, 51.627, 31.04, -0.09366, -0.41241, 0.72678, 0.54111
2025-06-14 21:00:37.186000,f8:a2:fd:ea:fb:80, -0.074, 0.964, -1.006, 116.821, -9.155, -67.017, 125.096, 25.153, -135.643, -26.240, -43.300, 51.627, 31.04, -0.09366, -0.41241, 0.72678, 0.54111
2025-06-14 21:00:37.306000,f8:a2:fd:ea:fb:80, -0.125, 0.557, 0, 6.592, -11.841, 4.028, 130.875, 25.845, -133.687, -14.600, -25.300, 60.913, 31.04, -0.09366, -0.41241, 0.72678, 0.54111
2025-06-14 21:00:37.427000,f8:a2:fd:ea:fb:80, -0.347, 0.535, -0.099, -136.78, 2.808, 55.542, 120.361, 22.994, -137.384, -14.600, -25.300, 60.913, 31.04, -0.02481, -0.39539, 0.75113, 0.52795
2025-06-14 21:00:37.517000,f8:a2:fd:ea:fb:80, -0.466, 0.96, -0.63, -187.561, -54.932, 86.243, 100.184, 16.743, -144.756, -14.600, -25.300, 60.913, 31.04, -0.02481, -0.39539, 0.75113, 0.52795
2025-06-14 21:00:37.606000,f8:a2:fd:ea:fb:80, -0.417, 0.954, -0.926, -110.352, -6.958, 44.739, 85.391, 11.041, -144.569, -22.480, -54.933, 46.460, 31.04, -0.02481, -0.39539, 0.75113, 0.52795
2025-06-14 21:00:37.726000,f8:a2:fd:ea:fb:80, -0.154, 1.331, 0.639, 11.292, 101.013, -21.79, 86.545, 11.239, -141.751, -22.480, -54.933, 46.460, 31.04, -0.18674, -0.32321, 0.6189, 0.69101
2025-06-14 21:00:37.816000,f8:a2:fd:ea:fb:80, -0.138, 0.986, -0.141, 34.058, 11.169, 7.874, 91.615, 12.761, -135.291, -22.480, -54.933, 46.460, 31.04, -0.18674, -0.32321, 0.6189, 0.69101
2025-06-14 21:00:37.937000,f8:a2:fd:ea:fb:80, -0.172, 1.018, -0.181, 33.813, 16.174, -5.066, 96.092, 12.255, -132.374, -22.480, -54.933, 46.460, 31.04, -0.18674, -0.32321, 0.6189, 0.69101
2025-06-14 21:00:38.026000,f8:a2:fd:ea:fb:80, -0.129, 0.95, -0.174, 9.216, -6.897, 0.183, 98.168, 12.321, -131.473, -28.993, -48.533, 48.313, 31.04, -0.18674, -0.32321, 0.6189, 0.69101
2025-06-14 21:00:38.116000,f8:a2:fd:ea:fb:80, -0.137, 0.958, -0.188, 18.982, -2.563, -4.333, 99.289, 12.387, -132.396, -28.993, -48.533, 48.313, 31.04, -0.18204, -0.37051, 0.66772, 0.61935
2025-06-14 21:00:38.237000,f8:a2:fd:ea:fb:80, -0.266, 0.986, -0.229, 38.818, 6.226, -12.695, 102.162, 12.876, -132.215, -28.993, -48.533, 48.313, 31.04, -0.18204, -0.37051, 0.66772, 0.61935
2025-06-14 21:00:38.386000,f8:a2:fd:ea:fb:80, -0.363, 1.064, -0.145, 89.478, -19.226, -27.222, 108.023, 14.628, -132.578, -23.353, -34.647, 53.627, 31.04, -0.18204, -0.37051, 0.66772, 0.61935
2025-06-14 21:00:38.445000,f8:a2:fd:ea:fb:80, -0.277, 1.494, 0.076, 154.297, -72.632, -58.533, 119.092, 20.078, -135.176, -23.353, -34.647, 53.627, 31.04, -0.01971, -0.40683, 0.76196, 0.50339
2025-06-14 21:00:38.506000,f8:a2:fd:ea:fb:80, -0.146, 0.736, -0.458, 85.022, 6.104, -41.504, 130.501, 26.543, -136.225, -23.353, -34.647, 53.627, 31.04, -0.01971, -0.40683, 0.76196, 0.50339
2025-06-14 21:00:38.630000,f8:a2:fd:ea:fb:80, -0.451, 0.418, -0.02, -71.96, 10.986, 31.982, 129.622, 25.95, -137.939, -23.353, -34.647, 53.627, 31.04, -0.01971, -0.40683, 0.76196, 0.50339
2025-06-14 21:00:38.717000,f8:a2:fd:ea:fb:80, -0.469, 0.696, -0.104, -185.547, -11.23, 78.552, 113.297, 19.957, -141.328, -16.287, -38.007, 58.680, 31.04, -0.01971, -0.40683, 0.76196, 0.50339
2025-06-14 21:00:38.809000,f8:a2:fd:ea:fb:80, -0.354, 1.143, -0.831, -202.82, 2.563, 71.838, 92.071, 13.244, -146.442, -16.287, -38.007, 58.680, 31.04, -0.15634, -0.27457, 0.62366, 0.7149
2025-06-14 21:00:38.926000,f8:a2:fd:ea:fb:80, -0.59, 0.849, -1.01, -36.133, 1.221, 12.634, 81.832, 10.728, -142.674, -16.287, -38.007, 58.680, 31.04, -0.15634, -0.27457, 0.62366, 0.7149
2025-06-14 21:00:39.017000,f8:a2:fd:ea:fb:80, -0.106, 1.014, -0.696, 36.499, 67.017, -15.32, 87.308, 12.574, -138.444, -25.960, -55.660, 44.940, 31.04, -0.15634, -0.27457, 0.62366, 0.7149
2025-06-14 21:00:39.107000,f8:a2:fd:ea:fb:80, -0.107, 0.969, -0.12, 36.743, 20.63, 5.981, 92.796, 12.865, -134.808, -25.960, -55.660, 44.940, 31.04, -0.1908, -0.35156, 0.63571, 0.6601
2025-06-14 21:00:39.227000,f8:a2:fd:ea:fb:80, -0.181, 1.022, -0.16, 22.949, 20.02, -2.258, 96.817, 12.557, -131.001, -25.960, -55.660, 44.940, 31.04, -0.1908, -0.35156, 0.63571, 0.6601
2025-06-14 21:00:39.318000,f8:a2:fd:ea:fb:80, -0.182, 0.972, -0.166, 8.24, -4.028, -1.038, 98.405, 12.64, -130.704, -28.907, -48.540, 47.787, 31.04, -0.1908, -0.35156, 0.63571, 0.6601
2025-06-14 21:00:39.406000,f8:a2:fd:ea:fb:80, -0.204, 0.968, -0.167, 18.738, 1.343, -6.958, 99.794, 12.903, -131.05, -28.907, -48.540, 47.787, 31.04, -0.18628, -0.38101, 0.66229, 0.61755
2025-06-14 21:00:39.527000,f8:a2:fd:ea:fb:80, -0.217, 1.007, -0.186, 56.519, 5.798, -22.644, 103.195, 13.854, -130.715, -28.907, -48.540, 47.787, 31.04, -0.18628, -0.38101, 0.66229, 0.61755
2025-06-14 21:00:39.619000,f8:a2:fd:ea:fb:80, -0.013, 1.668, -0.04, 131.958, -30.884, -41.321, 111.281, 16.837, -131.38, -22.693, -34.953, 54.040, 31.04, -0.18628, -0.38101, 0.66229, 0.61755
2025-06-14 21:00:39.707000,f8:a2:fd:ea:fb:80, -0.114, 1.049, -0.964, 140.381, -45.654, -59.082, 123.536, 24.461, -136.494, -22.693, -34.953, 54.040, 31.04, 0.00714, -0.41257, 0.76453, 0.49512
2025-06-14 21:00:39.827000,f8:a2:fd:ea:fb:80, -0.247, 0.51, 0.082, -6.226, -13.611, 18.738, 130.292, 26.01, -136.478, -22.693, -34.953, 54.040, 31.04, 0.00714, -0.41257, 0.76453, 0.49512
2025-06-14 21:00:39.918000,f8:a2:fd:ea:fb:80, -0.29, 0.562, -0.02, -164.124, 27.405, 65.369, 120.075, 22.011, -139.581, -17.020, -31.947, 59.420, 31.04, 0.00714, -0.41257, 0.76453, 0.49512
2025-06-14 21:00:40.006000,f8:a2:fd:ea:fb:80, -0.377, 1.02, -0.691, -191.772, -42.358, 86.182, 99.976, 15.93, -146.19, -17.020, -31.947, 59.420, 31.04, -0.08353, -0.30579, 0.69983, 0.64005
2025-06-14 21:00:40.132000,f8:a2:fd:ea:fb:80, -0.346, 1.032, -0.905, -94.543, -18.738, 47.852, 84.985, 9.712, -146.656, -17.020, -31.947, 59.420, 31.04, -0.08353, -0.30579, 0.69983, 0.64005
2025-06-14 21:00:40.277000,f8:a2:fd:ea:fb:80, -0.129, 1.766, 0.38, 32.349, 64.453, -23.01, 85.979, 9.278, -144.783, -25.080, -53.067, 46.413, 31.04, -0.08353, -0.30579, 0.69983, 0.64005
2025-06-14 21:00:40.306000,f8:a2:fd:ea:fb:80, -0.186, 0.947, -0.083, 34.302, 17.761, 5.31, 91.368, 11.596, -136.73, -25.080, -53.067, 46.413, 31.04, -0.189, -0.32806, 0.63565, 0.67267
2025-06-14 21:00:40.456000,f8:a2:fd:ea:fb:80, -0.136, 1.013, -0.115, 41.931, 15.442, -0.793, 96.163, 11.261, -132.907, -25.080, -53.067, 46.413, 31.04, -0.189, -0.32806, 0.63565, 0.67267
2025-06-14 21:00:40.546000,f8:a2:fd:ea:fb:80, -0.156, 0.994, -0.224, 21.179, -4.028, -4.7, 99.185, 11.481, -132.27, -30.507, -45.933, 49.140, 31.04, -0.189, -0.32806, 0.63565, 0.67267
2025-06-14 21:00:40.637000,f8:a2:fd:ea:fb:80, -0.241, 0.968, -0.203, 15.32, -10.925, -4.578, 100.734, 11.849, -133.077, -30.507, -45.933, 49.140, 31.04, -0.189, -0.32806, 0.63565, 0.67267
2025-06-14 21:00:40.727000,f8:a2:fd:ea:fb:80, -0.211, 0.96, -0.202, 29.663, -8.057, -11.658, 102.689, 12.541, -133.737, -30.507, -45.933, 49.140, 31.04, -0.16852, -0.36688, 0.68494, 0.60641
2025-06-14 21:00:40.817000,f8:a2:fd:ea:fb:80, -0.216, 1.079, -0.196, 81.665, -0.061, -24.597, 108.155, 14.172, -133.242, -30.507, -45.933, 49.140, 31.04, -0.16852, -0.36688, 0.68494, 0.60641
2025-06-14 21:00:40.907000,f8:a2:fd:ea:fb:80, -0.083, 1.513, 0.121, 158.752, -62.256, -50.781, 118.998, 18.902, -135.775, -21.213, -29.133, 56.753, 31.04, -0.16852, -0.36688, 0.68494, 0.60641
2025-06-14 21:00:41.056000,f8:a2:fd:ea:fb:80, -0.181, 0.929, -0.332, 95.947, 9.949, -54.016, 131.32, 24.659, -134.918, -21.213, -29.133, 56.753, 31.04, 0.02701, -0.42581, 0.79037, 0.43948
2025-06-14 21:00:41.117000,f8:a2:fd:ea:fb:80, -0.293, 0.407, 0.03, -72.937, 7.263, 16.846, 130.117, 23.994, -134.621, -21.213, -29.133, 56.753, 31.04, 0.02701, -0.42581, 0.79037, 0.43948
2025-06-14 21:00:41.208000,f8:a2:fd:ea:fb:80, -0.425, 0.64, -0.036, -192.688, -25.513, 80.444, 112.181, 19.325, -139.345, -18.613, -36.340, 57.840, 31.04, 0.02701, -0.42581, 0.79037, 0.43948
2025-06-14 21:00:41.327000,f8:a2:fd:ea:fb:80, -0.306, 1.03, -0.977, -214.111, -1.16, 58.655, 90.044, 13.255, -142.531, -18.613, -36.340, 57.840, 31.04, -0.1601, -0.29788, 0.62436, 0.70407
2025-06-14 21:00:41.417000,f8:a2:fd:ea:fb:80, -0.399, 0.717, -1.116, 11.902, 6.897, 5.249, 81.519, 11.519, -140.224, -18.613, -36.340, 57.840, 31.04, -0.1601, -0.29788, 0.62436, 0.70407
2025-06-14 21:00:41.507000,f8:a2:fd:ea:fb:80, -0.1, 1.006, -0.062, 53.833, 40.466, -1.282, 87.764, 13.068, -134.72, -26.220, -57.400, 41.447, 31.04, -0.1601, -0.29788, 0.62436, 0.70407
2025-06-14 21:00:41.658000,f8:a2:fd:ea:fb:80, -0.254, 1.075, -0.136, 23.254, 41.565, 4.028, 93.587, 12.513, -133.38, -26.220, -57.400, 41.447, 31.04, -0.19812, -0.35797, 0.63681, 0.65341
2025-06-14 21:00:41.747000,f8:a2:fd:ea:fb:80, -0.174, 0.995, -0.146, 17.273, 1.099, -4.028, 96.619, 12.332, -132.237, -26.220, -57.400, 41.447, 31.04, -0.19812, -0.35797, 0.63681, 0.65341
2025-06-14 21:00:41.868000,f8:a2:fd:ea:fb:80, -0.187, 0.965, -0.13, 16.724, -1.282, -3.784, 98.383, 12.502, -132.572, -27.953, -49.087, 49.540, 31.04, -0.19812, -0.35797, 0.63681, 0.65341
2025-06-14 21:00:41.957000,f8:a2:fd:ea:fb:80, -0.199, 0.974, -0.186, 29.053, 6.104, -10.864, 100.778, 12.942, -132.545, -27.953, -49.087, 49.540, 31.04, -0.16296, -0.38223, 0.68289, 0.60071
2025-06-14 21:00:42.047000,f8:a2:fd:ea:fb:80, -0.352, 1.001, -0.239, 52.063, -5.676, -19.836, 104.799, 14.189, -132.479, -27.953, -49.087, 49.540, 31.04, -0.16296, -0.38223, 0.68289, 0.60071
2025-06-14 21:00:42.137000,f8:a2:fd:ea:fb:80, 0.048, 1.516, -0.088, 113.159, -41.138, -36.438, 111.874, 17.012, -133.907, -27.953, -49.087, 49.540, 31.04, -0.16296, -0.38223, 0.68289, 0.60071
2025-06-14 21:00:42.257000,f8:a2:fd:ea:fb:80, -0.184, 1.098, -0.932, 132.996, -26.184, -78.735, 123.755, 25.203, -139.955, -12.927, -25.920, 62.367, 31.04, 0.04736, -0.4209, 0.78845, 0.44592
2025-06-14 21:00:42.347000,f8:a2:fd:ea:fb:80, -0.186, 0.589, -0.079, 17.334, 3.906, -13.123, 132.056, 26.752, -135.901, -12.927, -25.920, 62.367, 31.04, 0.04736, -0.4209, 0.78845, 0.44592
2025-06-14 21:00:42.437000,f8:a2:fd:ea:fb:80, -0.504, 0.449, -0.135, -135.864, 2.136, 38.513, 123.113, 24.51, -137.439, -12.927, -25.920, 62.367, 31.04, 0.04736, -0.4209, 0.78845, 0.44592
2025-06-14 21:00:42.557000,f8:a2:fd:ea:fb:80, -0.497, 0.915, -0.5, -192.139, -50.537, 84.9, 102.59, 17.836, -143.168, -17.227, -45.093, 55.213, 31.04, 0.04736, -0.4209, 0.78845, 0.44592
2025-06-14 21:00:42.647000,f8:a2:fd:ea:fb:80, -0.269, 1.079, -0.853, -144.714, -28.381, 61.829, 84.919, 11.052, -143.503, -17.227, -45.093, 55.213, 31.04, -0.16519, -0.28043, 0.61923, 0.71448
2025-06-14 21:00:42.736000,f8:a2:fd:ea:fb:80, -0.078, 1.49, 0.113, 41.565, 1.16, -2.441, 83.463, 9.437, -143.278, -17.227, -45.093, 55.213, 31.04, -0.16519, -0.28043, 0.61923, 0.71448
2025-06-14 21:00:42.856000,f8:a2:fd:ea:fb:80, -0.092, 1.001, -0.06, 35.034, 8.484, 8.24, 88.781, 11.47, -135.709, -27.473, -54.093, 43.913, 31.04, -0.20102, -0.33237, 0.63571, 0.66699
2025-06-14 21:00:42.947000,f8:a2:fd:ea:fb:80, -0.153, 0.985, -0.066, 21.118, 12.695, 3.296, 91.983, 10.778, -135.165, -27.473, -54.093, 43.913, 31.04, -0.20102, -0.33237, 0.63571, 0.66699
2025-06-14 21:00:43.037000,f8:a2:fd:ea:fb:80, -0.105, 0.944, -0.142, 28.32, 14.282, -8.057, 95.273, 11.036, -134.066, -27.473, -54.093, 43.913, 31.04, -0.20102, -0.33237, 0.63571, 0.66699
2025-06-14 21:00:43.159000,f8:a2:fd:ea:fb:80, -0.188, 0.973, -0.145, 27.527, -2.991, -6.165, 97.993, 11.393, -134.637, -28.913, -47.180, 50.060, 31.04, -0.20102, -0.33237, 0.63571, 0.66699
2025-06-14 21:00:43.253000,f8:a2:fd:ea:fb:80, -0.224, 0.963, -0.233, 38.391, 3.174, -16.296, 101.299, 12.228, -134.473, -28.913, -47.180, 50.060, 31.04, -0.16394, -0.3624, 0.68619, 0.60895
2025-06-14 21:00:43.337000,f8:a2:fd:ea:fb:80, -0.398, 1.115, -0.151, 82.764, -14.954, -27.588, 106.496, 14.117, -134.901, -28.913, -47.180, 50.060, 31.04, -0.16394, -0.3624, 0.68619, 0.60895
2025-06-14 21:00:43.487000,f8:a2:fd:ea:fb:80, -0.174, 1.377, 0.01, 143.555, -64.148, -53.894, 116.526, 18.704, -137.521, -19.547, -30.920, 59.213, 31.04, 0.02109, -0.40042, 0.77988, 0.48053
2025-06-14 21:00:43.577000,f8:a2:fd:ea:fb:80, -0.162, 0.822, -0.459, 82.825, 8.484, -52.673, 127.623, 25.384, -138.043, -19.547, -30.920, 59.213, 31.04, 0.02109, -0.40042, 0.77988, 0.48053
2025-06-14 21:00:43.638000,f8:a2:fd:ea:fb:80, -0.316, 0.414, 0.005, -50.11, -21.179, 13.733, 129.578, 26.115, -136.818, -19.547, -30.920, 59.213, 31.04, 0.02109, -0.40042, 0.77988, 0.48053
2025-06-14 21:00:43.757000,f8:a2:fd:ea:fb:80, -0.398, 0.671, -0.167, -157.776, -34.912, 74.158, 115.779, 23.055, -141.894, -13.313, -29.640, 61.613, 31.04, -0.07367, -0.31207, 0.69165, 0.64703
2025-06-14 21:00:43.847000,f8:a2:fd:ea:fb:80, -0.325, 1.078, -0.694, -187.256, 3.967, 72.51, 96.438, 16.556, -146.503, -13.313, -29.640, 61.613, 31.04, -0.07367, -0.31207, 0.69165, 0.64703
2025-06-14 21:00:43.938000,f8:a2:fd:ea:fb:80, -0.039, 1.005, -0.81, -78.674, -9.399, 30.396, 83.644, 12.156, -144.234, -13.313, -29.640, 61.613, 31.04, -0.07367, -0.31207, 0.69165, 0.64703
2025-06-14 21:00:44.057000,f8:a2:fd:ea:fb:80, -0.056, 1.335, 0.422, 37.415, 33.508, -4.272, 86.353, 12.623, -141.345, -23.493, -57.793, 44.167, 31.04, -0.18698, -0.3465, 0.62244, 0.67633
2025-06-14 21:00:44.148000,f8:a2:fd:ea:fb:80, -0.186, 1.029, -0.164, 24.231, 42.053, 8.85, 91.522, 13.541, -134.478, -23.493, -57.793, 44.167, 31.04, -0.18698, -0.3465, 0.62244, 0.67633
2025-06-14 21:00:44.236000,f8:a2:fd:ea:fb:80, -0.203, 1.02, -0.102, 36.316, 35.889, 1.709, 96.24, 12.783, -130.122, -23.493, -57.793, 44.167, 31.04, -0.18698, -0.3465, 0.62244, 0.67633
2025-06-14 21:00:44.360000,f8:a2:fd:ea:fb:80, -0.194, 0.987, -0.223, 30.212, 5.005, -5.066, 100.107, 12.739, -128.721, -29.487, -50.007, 47.427, 31.04, -0.18698, -0.3465, 0.62244, 0.67633
2025-06-14 21:00:44.477000,f8:a2:fd:ea:fb:80, -0.134, 0.979, -0.224, 20.203, 2.563, -5.493, 102.332, 12.975, -128.535, -29.487, -50.007, 47.427, 31.04, -0.18997, -0.40012, 0.66763, 0.5983
2025-06-14 21:00:44.568000,f8:a2:fd:ea:fb:80, -0.187, 0.947, -0.274, 30.945, -8.301, -9.155, 104.936, 13.579, -129.056, -29.487, -50.007, 47.427, 31.04, -0.18997, -0.40012, 0.66763, 0.5983
2025-06-14 21:00:44.658000,f8:a2:fd:ea:fb:80, -0.454, 1.073, -0.174, 70.679, -15.381, -21.118, 109.44, 15.106, -129.842, -25.200, -38.927, 51.533, 31.04, -0.18997, -0.40012, 0.66763, 0.5983
2025-06-14 21:00:44.748000,f8:a2:fd:ea:fb:80, -0.13, 1.434, 0.14, 149.231, -69.336, -49.866, 119.504, 19.704, -132.506, -25.200, -38.927, 51.533, 31.04, -0.01099, -0.42126, 0.76321, 0.48969
2025-06-14 21:00:44.838000,f8:a2:fd:ea:fb:80, -0.162, 0.906, -0.292, 94.177, 0.061, -49.622, 131.122, 26.093, -134.132, -25.200, -38.927, 51.533, 31.04, -0.01099, -0.42126, 0.76321, 0.48969
2025-06-14 21:00:44.958000,f8:a2:fd:ea:fb:80, -0.548, 0.366, 0.077, -62.927, 2.197, 29.358, 129.974, 25.917, -136.45, -14.287, -26.327, 61.253, 31.04, -0.01099, -0.42126, 0.76321, 0.48969
2025-06-14 21:00:45.078000,f8:a2:fd:ea:fb:80, -0.459, 0.781, -0.223, -204.59, -36.377, 88.562, 112.055, 19.188, -140.801, -14.287, -26.327, 61.253, 31.04, -0.05875, -0.35751, 0.73538, 0.57254
2025-06-14 21:00:45.139000,f8:a2:fd:ea:fb:80, -0.572, 1.125, -1.004, -189.636, 15.625, 57.739, 90.269, 12.107, -144.965, -14.287, -26.327, 61.253, 31.04, -0.05875, -0.35751, 0.73538, 0.57254
2025-06-14 21:00:45.257000,f8:a2:fd:ea:fb:80, -0.354, 0.692, -1.046, 36.743, -44.983, 10.254, 82.474, 9.657, -142.778, -23.947, -55.593, 42.813, 31.04, -0.18896, -0.31256, 0.61279, 0.70068
2025-06-14 21:00:45.348000,f8:a2:fd:ea:fb:80, -0.189, 1.04, -0.397, 48.096, 37.292, -7.568, 88.358, 12.431, -135.956, -23.947, -55.593, 42.813, 31.04, -0.18896, -0.31256, 0.61279, 0.70068
2025-06-14 21:00:45.437000,f8:a2:fd:ea:fb:80, -0.186, 1.012, -0.055, 38.513, 43.274, 4.883, 93.79, 12.607, -131.649, -23.947, -55.593, 42.813, 31.04, -0.18896, -0.31256, 0.61279, 0.70068
2025-06-14 21:00:45.559000,f8:a2:fd:ea:fb:80, -0.168, 1.011, -0.199, 18.738, 10.681, -4.15, 97.586, 12.31, -129.611, -31.107, -50.613, 45.027, 31.04, -0.18896, -0.31256, 0.61279, 0.70068
2025-06-14 21:00:45.648000,f8:a2:fd:ea:fb:80, -0.099, 0.952, -0.198, 4.517, -4.272, -0.488, 98.888, 12.404, -130.051, -31.107, -50.613, 45.027, 31.04, -0.19843, -0.38254, 0.65503, 0.62057
2025-06-14 21:00:45.768000,f8:a2:fd:ea:fb:80, -0.193, 0.958, -0.148, 27.893, 1.953, -8.484, 100.135, 12.612, -130.633, -31.107, -50.613, 45.027, 31.04, -0.19843, -0.38254, 0.65503, 0.62057
2025-06-14 21:00:45.859000,f8:a2:fd:ea:fb:80, -0.43, 1.055, -0.248, 75.012, 4.211, -26.978, 105.551, 13.815, -129.809, -28.693, -42.773, 50.587, 31.04, -0.19843, -0.38254, 0.65503, 0.62057
2025-06-14 21:00:45.948000,f8:a2:fd:ea:fb:80, -0.184, 1.583, 0.025, 152.71, -57.617, -41.87, 115.285, 17.65, -131.517, -28.693, -42.773, 50.587, 31.04, -0.09891, -0.41757, 0.72739, 0.5354
2025-06-14 21:00:46.068000,f8:a2:fd:ea:fb:80, -0.13, 1, -0.475, 117.798, 3.113, -42.847, 127.744, 25.049, -136.368, -28.693, -42.773, 50.587, 31.04, -0.09891, -0.41757, 0.72739, 0.5354
2025-06-14 21:00:46.218000,f8:a2:fd:ea:fb:80, -0.435, 0.455, -0.023, -29.419, -1.16, 26.794, 130.045, 25.351, -138.741, -14.287, -23.200, 63.120, 31.04, -0.09891, -0.41757, 0.72739, 0.5354
2025-06-14 21:00:46.279000,f8:a2:fd:ea:fb:80, -0.426, 0.627, -0.057, -179.321, 5.493, 73.73, 115.829, 19.731, -141.707, -14.287, -23.200, 63.120, 31.04, -0.06793, -0.31528, 0.71906, 0.61548
2025-06-14 21:00:46.369000,f8:a2:fd:ea:fb:80, -0.423, 1.047, -0.718, -207.886, -9.888, 75.745, 94.57, 13.854, -147.931, -14.287, -23.200, 63.120, 31.04, -0.06793, -0.31528, 0.71906, 0.61548
2025-06-14 21:00:46.488000,f8:a2:fd:ea:fb:80, -0.505, 0.885, -1.261, -38.086, 29.175, 7.019, 83.364, 11.212, -143.959, -22.320, -55.407, 45.540, 31.04, -0.06793, -0.31528, 0.71906, 0.61548
2025-06-14 21:00:46.638000,f8:a2:fd:ea:fb:80, -0.333, 1.702, -0.275, 21.24, 90.149, 3.784, 89.572, 13.222, -138.049, -22.320, -55.407, 45.540, 31.04, -0.17474, -0.34286, 0.62979, 0.67465
2025-06-14 21:00:46.668000,f8:a2:fd:ea:fb:80, -0.132, 0.877, -0.202, 43.274, 11.292, 9.827, 96.114, 13.667, -133.473, -22.320, -55.407, 45.540, 31.04, -0.17474, -0.34286, 0.62979, 0.67465
2025-06-14 21:00:46.817000,f8:a2:fd:ea:fb:80, -0.113, 1.007, -0.267, 13.367, -17.334, 6.348, 98.871, 12.651, -133.127, -28.580, -49.193, 50.047, 31.04, -0.17078, -0.35156, 0.66977, 0.63129
2025-06-14 21:00:46.878000,f8:a2:fd:ea:fb:80, -0.133, 0.967, -0.221, -2.869, -27.527, 3.601, 98.476, 12.415, -135.461, -28.580, -49.193, 50.047, 31.04, -0.17078, -0.35156, 0.66977, 0.63129
2025-06-14 21:00:46.968000,f8:a2:fd:ea:fb:80, -0.153, 0.952, -0.133, 12.146, -10.132, -3.845, 98.388, 12.371, -137.186, -28.580, -49.193, 50.047, 31.04, -0.17078, -0.35156, 0.66977, 0.63129
2025-06-14 21:00:47.088000,f8:a2:fd:ea:fb:80, -0.252, 0.968, -0.156, 35.339, 0.977, -16.907, 100.437, 12.991, -137.433, -28.580, -49.193, 50.047, 31.04, -0.17078, -0.35156, 0.66977, 0.63129
2025-06-14 21:00:47.178000,f8:a2:fd:ea:fb:80, -0.383, 1.172, -0.2, 90.149, -6.592, -36.316, 106.254, 15.178, -137.576, -21.153, -36.227, 56.180, 31.04, -0.17078, -0.35156, 0.66977, 0.63129
2025-06-14 21:00:47.268000,f8:a2:fd:ea:fb:80, -0.219, 1.418, -0.009, 149.353, -57.495, -66.528, 117.416, 20.566, -139.51, -21.153, -36.227, 56.180, 31.04, -0.02206, -0.37903, 0.76129, 0.52551
2025-06-14 21:00:47.387000,f8:a2:fd:ea:fb:80, -0.093, 0.688, -0.431, 53.223, 71.777, -38.635, 129.177, 26.01, -137.928, -21.153, -36.227, 56.180, 31.04, -0.02206, -0.37903, 0.76129, 0.52551
2025-06-14 21:00:47.478000,f8:a2:fd:ea:fb:80, -0.444, 0.438, -0.072, -83.13, 11.536, 18.738, 127.326, 25.23, -137.917, -14.547, -26.767, 61.073, 31.04, -0.02206, -0.37903, 0.76129, 0.52551
2025-06-14 21:00:47.569000,f8:a2:fd:ea:fb:80, -0.387, 0.735, -0.275, -183.167, -19.714, 72.205, 111.105, 19.484, -140.197, -14.547, -26.767, 61.073, 31.04, -0.06659, -0.35968, 0.72473, 0.5838
2025-06-14 21:00:47.691000,f8:a2:fd:ea:fb:80, -0.371, 1.161, -0.794, -189.758, 19.165, 71.472, 90.95, 12.612, -145.734, -14.547, -26.767, 61.073, 31.04, -0.06659, -0.35968, 0.72473, 0.5838
2025-06-14 21:00:47.778000,f8:a2:fd:ea:fb:80, -0.606, 0.799, -0.987, -3.235, -37.72, 19.226, 81.865, 8.981, -143.427, -24.547, -55.147, 44.313, 31.04, -0.06659, -0.35968, 0.72473, 0.5838
2025-06-14 21:00:47.869000,f8:a2:fd:ea:fb:80, -0.031, 0.938, -0.359, 44.617, 71.228, -15.991, 87.468, 11.486, -136.895, -24.547, -55.147, 44.313, 31.04, -0.198, -0.33389, 0.62213, 0.67984
2025-06-14 21:00:47.989000,f8:a2:fd:ea:fb:80, -0.101, 1.017, -0.095, 39.673, 45.288, 0.366, 93.34, 11.92, -133.429, -24.547, -55.147, 44.313, 31.04, -0.198, -0.33389, 0.62213, 0.67984
2025-06-14 21:00:48.078000,f8:a2:fd:ea:fb:80, -0.143, 1.028, -0.181, 20.813, 15.259, -5.249, 97.416, 12.014, -130.276, -30.727, -49.353, 46.793, 31.04, -0.198, -0.33389, 0.62213, 0.67984
2025-06-14 21:00:48.169000,f8:a2:fd:ea:fb:80, -0.169, 0.97, -0.168, 16.479, -11.169, -2.869, 99.135, 12.354, -130.968, -30.727, -49.353, 46.793, 31.04, -0.19229, -0.37732, 0.6601, 0.62033
2025-06-14 21:00:48.287000,f8:a2:fd:ea:fb:80, -0.229, 0.942, -0.231, 21.179, -1.709, -8.423, 100.942, 12.925, -131.6, -30.727, -49.353, 46.793, 31.04, -0.19229, -0.37732, 0.6601, 0.62033
2025-06-14 21:00:48.380000,f8:a2:fd:ea:fb:80, -0.37, 1, -0.165, 51.697, -17.273, -22.217, 104.161, 14.31, -132.369, -26.233, -41.107, 51.827, 31.04, -0.19229, -0.37732, 0.6601, 0.62033
2025-06-14 21:00:48.470000,f8:a2:fd:ea:fb:80, -0.011, 1.576, 0.003, 142.944, -54.688, -39.001, 113.5, 17.963, -134.28, -26.233, -41.107, 51.827, 31.04, -0.09003, -0.39972, 0.72787, 0.54971
2025-06-14 21:00:48.587000,f8:a2:fd:ea:fb:80, -0.163, 1.252, -0.507, 123.596, -36.865, -52.185, 126.337, 25.334, -137.944, -26.233, -41.107, 51.827, 31.04, -0.09003, -0.39972, 0.72787, 0.54971
2025-06-14 21:00:48.708000,f8:a2:fd:ea:fb:80, -0.222, 0.557, -0.037, -2.258, -9.155, 4.517, 131.567, 26.472, -137.082, -14.207, -23.107, 61.960, 31.04, -0.09003, -0.39972, 0.72787, 0.54971
2025-06-14 21:00:48.768000,f8:a2:fd:ea:fb:80, -0.316, 0.584, -0.071, -176.636, -4.578, 68.237, 119.498, 22.22, -138.631, -14.207, -23.107, 61.960, 31.04, -0.01883, -0.3902, 0.75867, 0.52124
2025-06-14 21:00:48.888000,f8:a2:fd:ea:fb:80, -0.357, 1.115, -0.819, -209.656, -16.724, 77.209, 97.894, 16.199, -144.333, -14.207, -23.107, 61.960, 31.04, -0.01883, -0.3902, 0.75867, 0.52124
2025-06-14 21:00:48.979000,f8:a2:fd:ea:fb:80, -0.118, 1.006, -0.872, -77.759, -37.781, 31.982, 82.54, 11.212, -143.817, -22.540, -56.300, 43.107, 31.04, -0.01883, -0.3902, 0.75867, 0.52124
2025-06-14 21:00:49.068000,f8:a2:fd:ea:fb:80, -0.177, 1.318, 0.392, 11.108, 82.581, -3.174, 84.435, 11.332, -142.526, -22.540, -56.300, 43.107, 31.04, -0.17386, -0.28406, 0.60971, 0.71918
2025-06-14 21:00:49.187000,f8:a2:fd:ea:fb:80, -0.15, 1.035, -0.045, 25.818, 15.686, 4.333, 89.324, 12.48, -136.252, -22.540, -56.300, 43.107, 31.04, -0.17386, -0.28406, 0.60971, 0.71918
2025-06-14 21:00:49.279000,f8:a2:fd:ea:fb:80, -0.143, 1.005, -0.056, 31.494, 18.005, -0.061, 92.988, 11.953, -133.594, -28.960, -52.307, 45.840, 31.04, -0.17386, -0.28406, 0.60971, 0.71918
2025-06-14 21:00:49.369000,f8:a2:fd:ea:fb:80, -0.17, 0.98, -0.15, 27.161, -0.183, -3.418, 96.246, 12.096, -132.814, -28.960, -52.307, 45.840, 31.04, -0.19427, -0.3606, 0.6496, 0.64041
2025-06-14 21:00:49.489000,f8:a2:fd:ea:fb:80, -0.158, 0.983, -0.143, 26.672, -4.395, -4.578, 98.679, 12.244, -133.528, -28.960, -52.307, 45.840, 31.04, -0.19427, -0.3606, 0.6496, 0.64041
2025-06-14 21:00:49.579000,f8:a2:fd:ea:fb:80, -0.174, 0.977, -0.237, 36.621, 7.324, -12.878, 101.981, 12.821, -133.38, -27.387, -44.367, 51.253, 31.04, -0.19427, -0.3606, 0.6496, 0.64041
2025-06-14 21:00:49.668000,f8:a2:fd:ea:fb:80, -0.347, 1.07, -0.185, 64.636, -8.911, -22.156, 106.397, 14.211, -133.467, -27.387, -44.367, 51.253, 31.04, -0.14566, -0.38126, 0.69928, 0.58679
2025-06-14 21:00:49.818000,f8:a2:fd:ea:fb:80, -0.099, 1.502, 0.072, 142.273, -50.354, -47.546, 115.527, 17.979, -135.747, -27.387, -44.367, 51.253, 31.04, -0.14566, -0.38126, 0.69928, 0.58679
2025-06-14 21:00:49.908000,f8:a2:fd:ea:fb:80, 0.002, 1.001, -0.754, 109.741, -13.245, -59.998, 127.403, 24.769, -136.664, -15.073, -23.413, 60.920, 31.04, -0.14566, -0.38126, 0.69928, 0.58679
2025-06-14 21:00:49.998000,f8:a2:fd:ea:fb:80, -0.287, 0.464, 0.03, -33.02, -7.568, 14.404, 130.237, 24.928, -135.846, -15.073, -23.413, 60.920, 31.04, 0.01962, -0.41238, 0.78326, 0.46469
2025-06-14 21:00:50.119000,f8:a2:fd:ea:fb:80, -0.317, 0.626, -0.005, -182.251, 4.089, 68.665, 115.933, 20.264, -138.593, -15.073, -23.413, 60.920, 31.04, 0.01962, -0.41238, 0.78326, 0.46469
2025-06-14 21:00:50.178000,f8:a2:fd:ea:fb:80, -0.351, 1.117, -0.844, -208.069, -32.654, 78.064, 94.131, 13.859, -144.816, -21.733, -52.307, 47.813, 31.04, 0.01962, -0.41238, 0.78326, 0.46469
2025-06-14 21:00:50.297000,f8:a2:fd:ea:fb:80, 0.136, 0.892, -1.107, -43.579, -25.146, 31.86, 82.771, 9.684, -143.828, -21.733, -52.307, 47.813, 31.04, -0.17917, -0.26331, 0.60938, 0.72604
2025-06-14 21:00:50.419000,f8:a2:fd:ea:fb:80, -0.173, 2.022, 0.163, 5.188, 89.172, -1.221, 87.034, 10.421, -141.257, -21.733, -52.307, 47.813, 31.04, -0.17917, -0.26331, 0.60938, 0.72604
2025-06-14 21:00:50.508000,f8:a2:fd:ea:fb:80, -0.143, 0.987, -0.101, 46.143, 13.977, 5.493, 92.988, 11.558, -136.033, -21.733, -52.307, 47.813, 31.04, -0.17917, -0.26331, 0.60938, 0.72604
2025-06-14 21:00:50.598000,f8:a2:fd:ea:fb:80, -0.138, 1.002, -0.199, 38.94, 11.169, -8.118, 97.921, 11.519, -133.467, -28.547, -51.207, 47.627, 31.04, -0.18051, -0.36234, 0.6713, 0.62079
2025-06-14 21:00:50.719000,f8:a2:fd:ea:fb:80, -0.138, 0.961, -0.194, 19.348, -11.353, -6.714, 100.058, 12.129, -133.781, -28.547, -51.207, 47.627, 31.04, -0.18051, -0.36234, 0.6713, 0.62079
2025-06-14 21:00:50.839000,f8:a2:fd:ea:fb:80, -0.192, 0.977, -0.231, 21.606, -3.418, -10.864, 101.926, 12.854, -134.385, -26.520, -43.400, 52.333, 31.04, -0.18051, -0.36234, 0.6713, 0.62079
2025-06-14 21:00:50.900000,f8:a2:fd:ea:fb:80, -0.26, 1.003, -0.219, 34.973, 3.662, -21.118, 104.409, 13.931, -134.313, -26.520, -43.400, 52.333, 31.04, -0.13358, -0.3786, 0.70233, 0.58774
2025-06-14 21:00:51.018000,f8:a2:fd:ea:fb:80, -0.013, 1.489, 0.019, 127.441, -38.757, -48.218, 110.836, 16.979, -135.308, -26.520, -43.400, 52.333, 31.04, -0.13358, -0.3786, 0.70233, 0.58774
2025-06-14 21:00:51.110000,f8:a2:fd:ea:fb:80, -0.159, 1.244, -0.786, 137.634, -29.053, -60.12, 123.607, 24.346, -138.691, -14.347, -24.707, 61.233, 31.04, -0.13358, -0.3786, 0.70233, 0.58774
2025-06-14 21:00:51.199000,f8:a2:fd:ea:fb:80, -0.174, 0.52, 0.029, 10.437, -23.743, -0.122, 130.792, 26.169, -137.236, -14.347, -24.707, 61.233, 31.04, 0.04474, -0.40765, 0.79022, 0.45523
2025-06-14 21:00:51.319000,f8:a2:fd:ea:fb:80, -0.251, 0.504, -0.073, -144.958, 25.696, 56.152, 121.75, 22.912, -139.312, -14.347, -24.707, 61.233, 31.04, 0.04474, -0.40765, 0.79022, 0.45523
2025-06-14 21:00:51.439000,f8:a2:fd:ea:fb:80, -0.366, 0.964, -0.712, -194.885, -32.959, 77.393, 102.409, 16.864, -144.278, -18.673, -46.060, 54.580, 31.04, 0.04474, -0.40765, 0.79022, 0.45523
2025-06-14 21:00:51.499000,f8:a2:fd:ea:fb:80, -0.363, 1.065, -0.819, -132.812, -1.892, 40.405, 85.567, 11.678, -143.405, -18.673, -46.060, 54.580, 31.04, -0.17981, -0.27576, 0.60117, 0.72806
2025-06-14 21:00:51.619000,f8:a2:fd:ea:fb:80, -0.046, 1.703, 0.375, 44.678, 12.451, -13.062, 84.749, 11.135, -141.592, -18.673, -46.060, 54.580, 31.04, -0.17981, -0.27576, 0.60117, 0.72806
2025-06-14 21:00:51.710000,f8:a2:fd:ea:fb:80, -0.213, 0.967, -0.119, 36.682, 1.221, 11.169, 90.049, 12.7, -135.659, -27.207, -54.027, 45.440, 31.04, -0.17981, -0.27576, 0.60117, 0.72806
2025-06-14 21:00:51.798000,f8:a2:fd:ea:fb:80, -0.164, 0.98, -0.017, 31.677, 45.349, -0.793, 94.34, 12.112, -132.281, -27.207, -54.027, 45.440, 31.04, -0.20309, -0.36301, 0.63953, 0.64642
2025-06-14 21:00:51.949000,f8:a2:fd:ea:fb:80, -0.187, 0.983, -0.196, 25.269, -4.822, -3.784, 97.971, 12.217, -131.094, -27.207, -54.027, 45.440, 31.04, -0.20309, -0.36301, 0.63953, 0.64642
2025-06-14 21:00:52.009000,f8:a2:fd:ea:fb:80, -0.183, 0.953, -0.167, 17.456, -0.732, -5.005, 99.728, 12.491, -131.94, -28.473, -46.073, 49.627, 31.04, -0.20309, -0.36301, 0.63953, 0.64642
2025-06-14 21:00:52.100000,f8:a2:fd:ea:fb:80, -0.214, 0.942, -0.197, 36.743, -1.404, -11.963, 102.535, 13.134, -131.852, -28.473, -46.073, 49.627, 31.04, -0.16376, -0.3851, 0.68546, 0.59576
2025-06-14 21:00:52.219000,f8:a2:fd:ea:fb:80, -0.507, 1.123, -0.143, 78.003, -16.052, -23.56, 108.083, 14.804, -132.396, -28.473, -46.073, 49.627, 31.04, -0.16376, -0.3851, 0.68546, 0.59576
2025-06-14 21:00:52.309000,f8:a2:fd:ea:fb:80, -0.155, 1.416, 0.043, 137.268, -53.04, -50.232, 118.499, 19.385, -134.434, -19.513, -29.887, 58.080, 31.04, -0.16376, -0.3851, 0.68546, 0.59576
2025-06-14 21:00:52.398000,f8:a2:fd:ea:fb:80, -0.153, 0.854, -0.522, 88.074, -28.931, -50.293, 128.754, 25.016, -133.566, -19.513, -29.887, 58.080, 31.04, 0.0155, -0.43372, 0.77283, 0.46289
2025-06-14 21:00:52.518000,f8:a2:fd:ea:fb:80, -0.424, 0.49, 0.164, -71.716, -19.714, 28.015, 128.897, 25.334, -134.791, -19.513, -29.887, 58.080, 31.04, 0.0155, -0.43372, 0.77283, 0.46289
2025-06-14 21:00:52.609000,f8:a2:fd:ea:fb:80, -0.578, 0.716, -0.154, -176.636, -47.913, 102.6, 112.747, 20.984, -142.07, -15.320, -37.987, 58.880, 31.04, 0.0155, -0.43372, 0.77283, 0.46289
2025-06-14 21:00:52.699000,f8:a2:fd:ea:fb:80, -0.283, 1.043, -0.716, -194.458, 15.503, 67.383, 92.466, 13.804, -146.992, -15.320, -37.987, 58.880, 31.04, -0.11185, -0.28333, 0.66376, 0.68304
2025-06-14 21:00:52.819000,f8:a2:fd:ea:fb:80, -0.661, 0.95, -0.888, -29.602, -17.578, 20.02, 81.623, 10.217, -146.299, -15.320, -37.987, 58.880, 31.04, -0.11185, -0.28333, 0.66376, 0.68304
2025-06-14 21:00:52.909000,f8:a2:fd:ea:fb:80, -0.174, 0.947, -0.174, 26.917, 54.199, -14.038, 85.188, 11.277, -142.256, -24.920, -54.867, 46.167, 31.04, -0.11185, -0.28333, 0.66376, 0.68304
2025-06-14 21:00:53.000000,f8:a2:fd:ea:fb:80, -0.111, 0.928, -0.033, 30.518, -0.793, 7.385, 89.967, 11.865, -138.774, -24.920, -54.867, 46.167, 31.04, -0.11185, -0.28333, 0.66376, 0.68304
2025-06-14 21:00:53.149000,f8:a2:fd:ea:fb:80, -0.12, 1.014, -0.09, 40.527, 8.301, -2.869, 93.675, 11.464, -135.884, -24.920, -54.867, 46.167, 31.04, -0.17844, -0.3175, 0.63904, 0.6774
2025-06-14 21:00:53.210000,f8:a2:fd:ea:fb:80, -0.146, 0.969, -0.133, 29.663, -5.798, -5.737, 97.108, 11.832, -135.148, -24.920, -54.867, 46.167, 31.04, -0.17844, -0.3175, 0.63904, 0.6774
2025-06-14 21:00:53.299000,f8:a2:fd:ea:fb:80, -0.189, 0.986, -0.222, 34.302, 16.235, -10.559, 100.388, 12.283, -134.857, -26.873, -46.180, 50.987, 31.04, -0.16162, -0.36444, 0.68808, 0.6062
2025-06-14 21:00:53.419000,f8:a2:fd:ea:fb:80, -0.272, 0.996, -0.26, 38.757, 1.16, -14.587, 104.073, 13.085, -134.203, -26.873, -46.180, 50.987, 31.04, -0.16162, -0.36444, 0.68808, 0.6062
2025-06-14 21:00:53.509000,f8:a2:fd:ea:fb:80, -0.367, 1.06, -0.227, 67.627, -1.282, -29.175, 109.188, 14.974, -134.006, -22.827, -33.787, 53.867, 31.04, -0.16162, -0.36444, 0.68808, 0.6062
2025-06-14 21:00:53.599000,f8:a2:fd:ea:fb:80, -0.124, 1.342, 0.014, 128.052, -34.973, -49.194, 118.191, 19.111, -134.648, -22.827, -33.787, 53.867, 31.04, -0.03839, -0.4075, 0.75775, 0.50812
2025-06-14 21:00:53.718000,f8:a2:fd:ea:fb:80, -0.209, 1.032, -0.09, 90.454, 3.723, -51.147, 129.551, 24.67, -134.258, -22.827, -33.787, 53.867, 31.04, -0.03839, -0.4075, 0.75775, 0.50812
2025-06-14 21:00:53.808000,f8:a2:fd:ea:fb:80, -0.299, 0.38, 0.034, -37.903, -30.212, 28.625, 130.21, 25.697, -136.39, -15.093, -26.880, 60.407, 31.04, -0.03839, -0.4075, 0.75775, 0.50812
2025-06-14 21:00:53.898000,f8:a2:fd:ea:fb:80, -0.377, 0.599, -0.083, -182.8, -23.865, 72.876, 114.274, 20.781, -140.598, -15.093, -26.880, 60.407, 31.04, -0.05774, -0.35129, 0.72589, 0.58844
2025-06-14 21:00:54.019000,f8:a2:fd:ea:fb:80, -0.396, 1.065, -0.844, -210.449, -10.925, 58.044, 92.043, 14.886, -144.641, -15.093, -26.880, 60.407, 31.04, -0.05774, -0.35129, 0.72589, 0.58844
2025-06-14 21:00:54.109000,f8:a2:fd:ea:fb:80, -0.351, 0.959, -0.808, -73.975, -38.147, 36.621, 78.849, 10.41, -144.322, -22.727, -58.280, 40.733, 31.04, -0.05774, -0.35129, 0.72589, 0.58844
2025-06-14 21:00:54.198000,f8:a2:fd:ea:fb:80, -0.243, 1.298, 0.558, 44.434, 35.828, -11.78, 82.985, 10.876, -142.355, -22.727, -58.280, 40.733, 31.04, -0.18079, -0.27457, 0.59903, 0.73004
2025-06-14 21:00:54.350000,f8:a2:fd:ea:fb:80, -0.136, 1.021, -0.093, 36.926, 49.072, 3.052, 89.253, 12.909, -132.984, -22.727, -58.280, 40.733, 31.04, -0.18079, -0.27457, 0.59903, 0.73004
2025-06-14 21:00:54.409000,f8:a2:fd:ea:fb:80, -0.159, 0.995, -0.133, 45.166, 33.752, -5.188, 95.257, 12.678, -128.551, -31.240, -52.233, 43.380, 31.04, -0.18079, -0.27457, 0.59903, 0.73004
2025-06-14 21:00:54.531000,f8:a2:fd:ea:fb:80, -0.18, 0.977, -0.201, 23.071, 0.793, -4.395, 99.124, 12.881, -126.843, -31.240, -52.233, 43.380, 31.04, -0.21005, -0.40442, 0.64615, 0.61212
2025-06-14 21:00:54.649000,f8:a2:fd:ea:fb:80, -0.137, 0.959, -0.199, 23.621, -6.042, -3.479, 101.288, 13.013, -127.26, -31.240, -52.233, 43.380, 31.04, -0.21005, -0.40442, 0.64615, 0.61212
2025-06-14 21:00:54.739000,f8:a2:fd:ea:fb:80, -0.371, 0.974, -0.234, 45.349, -10.986, -10.437, 104.095, 13.524, -127.793, -29.140, -44.407, 49.053, 31.04, -0.21005, -0.40442, 0.64615, 0.61212
2025-06-14 21:00:54.859000,f8:a2:fd:ea:fb:80, -0.024, 1.134, -0.134, 97.473, -29.968, -24.78, 110.204, 15.37, -129.26, -29.140, -44.407, 49.053, 31.04, -0.10696, -0.42139, 0.72269, 0.5372
2025-06-14 21:00:54.980000,f8:a2:fd:ea:fb:80, -0.314, 1.442, -0.389, 156.555, -58.289, -43.213, 121.855, 20.973, -133.33, -29.140, -44.407, 49.053, 31.04, -0.10696, -0.42139, 0.72269, 0.5372
2025-06-14 21:00:55.048000,f8:a2:fd:ea:fb:80, -0.272, 0.604, -0.352, 62.134, -36.865, 2.625, 130.787, 25.829, -138.713, -13.460, -22.107, 63.240, 31.04, -0.10696, -0.42139, 0.72269, 0.5372
2025-06-14 21:00:55.128000,f8:a2:fd:ea:fb:80, -0.484, 0.431, -0.098, -114.319, 37.903, 42.542, 125.678, 23.632, -141.669, -13.460, -22.107, 63.240, 31.04, -0.01202, -0.36142, 0.77078, 0.52441
2025-06-14 21:00:55.308000,f8:a2:fd:ea:fb:80, -0.423, 0.751, -0.208, -197.998, -27.466, 62.561, 107.858, 18.331, -144.448, -13.460, -22.107, 63.240, 31.04, -0.01202, -0.36142, 0.77078, 0.52441
2025-06-14 21:00:55.344000,f8:a2:fd:ea:fb:80, -0.326, 1.154, -0.843, -189.941, 16.357, 58.96, 87.391, 13.03, -146.332, -13.460, -22.107, 63.240, 31.04, -0.01202, -0.36142, 0.77078, 0.52441
2025-06-14 21:00:55.429000,f8:a2:fd:ea:fb:80, -0.569, 0.834, -0.774, 7.996, -24.658, 14.709, 80.755, 10.684, -145.415, -21.427, -57.513, 42.540, 31.04, -0.16785, -0.2869, 0.61215, 0.71741
2025-06-14 21:00:55.548000,f8:a2:fd:ea:fb:80, -0.225, 0.817, -0.377, 35.095, 59.509, -17.273, 86.177, 12.475, -140.691, -21.427, -57.513, 42.540, 31.04, -0.16785, -0.2869, 0.61215, 0.71741
2025-06-14 21:00:55.641000,f8:a2:fd:ea:fb:80, -0.124, 0.978, 0.009, 35.278, 7.019, 4.456, 91.362, 12.667, -137.598, -27.213, -52.633, 47.013, 31.04, -0.16785, -0.2869, 0.61215, 0.71741
2025-06-14 21:00:55.728000,f8:a2:fd:ea:fb:80, -0.126, 1.001, -0.181, 35.4, 22.217, -5.493, 95.559, 12.349, -134.473, -27.213, -52.633, 47.013, 31.04, -0.185, -0.35818, 0.65549, 0.63852
2025-06-14 21:00:55.849000,f8:a2:fd:ea:fb:80, -0.126, 0.955, -0.159, 19.592, -8.85, -2.075, 98.026, 12.497, -133.967, -27.213, -52.633, 47.013, 31.04, -0.185, -0.35818, 0.65549, 0.63852
2025-06-14 21:00:55.939000,f8:a2:fd:ea:fb:80, -0.166, 0.964, -0.17, 21.423, 0.61, -6.47, 99.838, 12.722, -134.341, -27.573, -46.613, 50.840, 31.04, -0.185, -0.35818, 0.65549, 0.63852
2025-06-14 21:00:56.030000,f8:a2:fd:ea:fb:80, -0.237, 0.959, -0.208, 37.964, 9.094, -15.808, 102.947, 13.464, -133.731, -27.573, -46.613, 50.840, 31.04, -0.1568, -0.37421, 0.68744, 0.60223
2025-06-14 21:00:56.148000,f8:a2:fd:ea:fb:80, -0.21, 1.18, -0.145, 93.75, -14.526, -31.25, 109.424, 15.612, -133.412, -27.573, -46.613, 50.840, 31.04, -0.1568, -0.37421, 0.68744, 0.60223
2025-06-14 21:00:56.240000,f8:a2:fd:ea:fb:80, -0.134, 1.143, -0.692, 157.166, -26.123, -85.876, 122.223, 22.346, -136.901, -16.447, -27.047, 60.860, 31.04, -0.1568, -0.37421, 0.68744, 0.60223
2025-06-14 21:00:56.330000,f8:a2:fd:ea:fb:80, -0.199, 0.49, -0.336, 18.555, 5.249, -15.625, 131.556, 25.988, -134.171, -16.447, -27.047, 60.860, 31.04, 0.03259, -0.42801, 0.78198, 0.45184
2025-06-14 21:00:56.449000,f8:a2:fd:ea:fb:80, -0.602, 0.422, -0.111, -135.62, 7.141, 44.8, 124.118, 24.653, -136.967, -16.447, -27.047, 60.860, 31.04, 0.03259, -0.42801, 0.78198, 0.45184
2025-06-14 21:00:56.541000,f8:a2:fd:ea:fb:80, -0.449, 0.856, -0.323, -206.543, -36.682, 90.027, 104.425, 18.424, -142.614, -16.947, -45.593, 54.893, 31.04, 0.03259, -0.42801, 0.78198, 0.45184
2025-06-14 21:00:56.630000,f8:a2:fd:ea:fb:80, -0.165, 1.152, -0.78, -149.048, -8.423, 58.655, 85.287, 11.942, -144.91, -16.947, -45.593, 54.893, 31.04, -0.15674, -0.27411, 0.61563, 0.72192
2025-06-14 21:00:56.749000,f8:a2:fd:ea:fb:80, -0.183, 1.013, -0.178, 44.8, 7.629, -7.019, 83.414, 10.508, -144.624, -16.947, -45.593, 54.893, 31.04, -0.15674, -0.27411, 0.61563, 0.72192
2025-06-14 21:00:56.841000,f8:a2:fd:ea:fb:80, -0.062, 0.98, -0.05, 39.368, 35.156, -1.648, 89.352, 12.184, -138.032, -26.153, -55.227, 45.047, 31.04, -0.15674, -0.27411, 0.61563, 0.72192
2025-06-14 21:00:56.959000,f8:a2:fd:ea:fb:80, -0.252, 1.015, -0.104, 22.461, 28.442, -0.977, 93.735, 12.068, -136.588, -26.153, -55.227, 45.047, 31.04, -0.18011, -0.33514, 0.64767, 0.66003
2025-06-14 21:00:57.050000,f8:a2:fd:ea:fb:80, -0.124, 0.979, -0.1, 23.56, 29.48, -5.859, 96.674, 12.14, -134.577, -26.153, -55.227, 45.047, 31.04, -0.18011, -0.33514, 0.64767, 0.66003
2025-06-14 21:00:57.141000,f8:a2:fd:ea:fb:80, -0.108, 0.966, -0.139, 16.724, 0.122, -2.808, 98.762, 12.195, -133.835, -27.793, -48.093, 49.900, 31.04, -0.18011, -0.33514, 0.64767, 0.66003
2025-06-14 21:00:57.230000,f8:a2:fd:ea:fb:80, -0.259, 0.994, -0.164, 36.133, 4.028, -12.817, 101.343, 12.728, -134.011, -27.793, -48.093, 49.900, 31.04, -0.16708, -0.36493, 0.68021, 0.61328
2025-06-14 21:00:57.349000,f8:a2:fd:ea:fb:80, -0.435, 1.043, -0.204, 72.205, -9.644, -27.161, 106.474, 14.474, -133.759, -27.793, -48.093, 49.900, 31.04, -0.16708, -0.36493, 0.68021, 0.61328
2025-06-14 21:00:57.442000,f8:a2:fd:ea:fb:80, -0.031, 1.623, 0.123, 150.879, -62.378, -49.683, 116.384, 18.918, -136.335, -17.747, -31.140, 59.240, 31.04, -0.16708, -0.36493, 0.68021, 0.61328
2025-06-14 21:00:57.533000,f8:a2:fd:ea:fb:80, -0.084, 0.935, -0.489, 93.994, 22.217, -53.833, 127.908, 26.268, -138.186, -17.747, -31.140, 59.240, 31.04, 0.03815, -0.4054, 0.78171, 0.47226
2025-06-14 21:00:57.650000,f8:a2:fd:ea:fb:80, -0.173, 0.359, -0.019, -42.358, -7.202, 17.761, 128.068, 25.939, -138.351, -17.747, -31.140, 59.240, 31.04, 0.03815, -0.4054, 0.78171, 0.47226
2025-06-14 21:00:57.740000,f8:a2:fd:ea:fb:80, -0.203, 0.643, -0.053, -173.767, -1.587, 72.998, 113.406, 21.033, -140.982, -15.433, -37.213, 59.053, 31.04, 0.03815, -0.4054, 0.78171, 0.47226
2025-06-14 21:00:57.830000,f8:a2:fd:ea:fb:80, -0.417, 1.19, -0.83, -193.848, -24.231, 89.905, 93.23, 13.502, -145.942, -15.433, -37.213, 59.053, 31.04, -0.11359, -0.29245, 0.67059, 0.67212
2025-06-14 21:00:57.950000,f8:a2:fd:ea:fb:80, -0.534, 0.915, -0.919, -56.274, -73.364, 53.772, 81.65, 6.916, -147.118, -15.433, -37.213, 59.053, 31.04, -0.11359, -0.29245, 0.67059, 0.67212
2025-06-14 21:00:58.039000,f8:a2:fd:ea:fb:80, -0.094, 0.83, -0.373, 23.621, 95.459, -20.874, 85.133, 8.69, -143.042, -25.347, -53.467, 45.853, 31.04, -0.11359, -0.29245, 0.67059, 0.67212
2025-06-14 21:00:58.130000,f8:a2:fd:ea:fb:80, -0.068, 1.013, -0.014, 31.006, 26.611, -2.686, 90.28, 10.349, -139.026, -25.347, -53.467, 45.853, 31.04, -0.18567, -0.3053, 0.63821, 0.68182
2025-06-14 21:00:58.249000,f8:a2:fd:ea:fb:80, -0.119, 1.032, -0.138, 39.612, 29.297, -10.986, 94.79, 10.695, -135.154, -25.347, -53.467, 45.853, 31.04, -0.18567, -0.3053, 0.63821, 0.68182
2025-06-14 21:00:58.341000,f8:a2:fd:ea:fb:80, -0.114, 0.983, -0.191, 21.667, 1.282, -7.446, 98.119, 11.277, -133.835, -30.233, -47.080, 49.067, 31.04, -0.18567, -0.3053, 0.63821, 0.68182
2025-06-14 21:00:58.431000,f8:a2:fd:ea:fb:80, -0.154, 0.967, -0.196, 22.705, 2.808, -8.667, 100.129, 11.843, -133.759, -30.233, -47.080, 49.067, 31.04, -0.17905, -0.35977, 0.67435, 0.61938
2025-06-14 21:00:58.580000,f8:a2:fd:ea:fb:80, -0.289, 0.97, -0.204, 46.143, 3.296, -18.25, 103.26, 12.761, -133.391, -30.233, -47.080, 49.067, 31.04, -0.17905, -0.35977, 0.67435, 0.61938
2025-06-14 21:00:58.639000,f8:a2:fd:ea:fb:80, -0.12, 1.451, -0.17, 117.554, -44.983, -32.776, 110.528, 15.331, -134.566, -23.253, -32.933, 57.087, 31.04, -0.17905, -0.35977, 0.67435, 0.61938
2025-06-14 21:00:58.759000,f8:a2:fd:ea:fb:80, -0.234, 1.194, -0.697, 143.311, -31.738, -64.27, 123.278, 22.286, -139.406, -23.253, -32.933, 57.087, 31.04, 0.01688, -0.38721, 0.78568, 0.48206
2025-06-14 21:00:58.880000,f8:a2:fd:ea:fb:80, -0.205, 0.54, -0.015, 20.63, -23.254, 0, 130.974, 25.285, -140.235, -23.253, -32.933, 57.087, 31.04, 0.01688, -0.38721, 0.78568, 0.48206
2025-06-14 21:00:58.971000,f8:a2:fd:ea:fb:80, -0.404, 0.475, -0.058, -157.043, 40.405, 39.612, 122.036, 22.33, -141.125, -23.253, -32.933, 57.087, 31.04, 0.01688, -0.38721, 0.78568, 0.48206
2025-06-14 21:00:59.059000,f8:a2:fd:ea:fb:80, -0.449, 1.027, -0.554, -206.238, -63.66, 67.688, 100.278, 16.754, -145.684, -16.540, -37.747, 58.953, 31.04, -0.14191, -0.27805, 0.62119, 0.71872
2025-06-14 21:00:59.180000,f8:a2:fd:ea:fb:80, -0.153, 1.077, -0.86, -141.174, 10.925, 35.95, 82.414, 12.211, -144.75, -16.540, -37.747, 58.953, 31.04, -0.14191, -0.27805, 0.62119, 0.71872
2025-06-14 21:00:59.272000,f8:a2:fd:ea:fb:80, -0.029, 1.378, 0.331, 49.805, 7.385, 1.831, 83.831, 12.288, -142.454, -24.633, -57.533, 42.933, 31.04, -0.14191, -0.27805, 0.62119, 0.71872
2025-06-14 21:00:59.360000,f8:a2:fd:ea:fb:80, -0.194, 1.036, -0.106, 33.813, 19.531, 11.719, 90.005, 13.568, -136.022, -24.633, -57.533, 42.933, 31.04, -0.18729, -0.34613, 0.62918, 0.67017
2025-06-14 21:00:59.480000,f8:a2:fd:ea:fb:80, -0.211, 0.975, -0.134, 20.752, 34.79, 1.953, 93.647, 12.799, -133.319, -24.633, -57.533, 42.933, 31.04, -0.18729, -0.34613, 0.62918, 0.67017
2025-06-14 21:00:59.572000,f8:a2:fd:ea:fb:80, -0.128, 0.964, -0.123, 13.672, 5.615, -2.075, 96.273, 12.689, -132.177, -28.487, -51.107, 47.587, 31.04, -0.18729, -0.34613, 0.62918, 0.67017
2025-06-14 21:00:59.660000,f8:a2:fd:ea:fb:80, -0.155, 0.976, -0.114, 19.653, 1.587, -4.517, 97.905, 12.689, -132.632, -28.487, -51.107, 47.587, 31.04, -0.18475, -0.36856, 0.65878, 0.62921
2025-06-14 21:00:59.780000,f8:a2:fd:ea:fb:80, -0.281, 0.953, -0.119, 43.945, 13.55, -14.465, 101.179, 13.299, -132.078, -28.487, -51.107, 47.587, 31.04, -0.18475, -0.36856, 0.65878, 0.62921
2025-06-14 21:00:59.871000,f8:a2:fd:ea:fb:80, -0.311, 1.147, -0.184, 84.778, -36.499, -31.25, 107.595, 15.238, -131.528, -24.507, -40.333, 54.687, 31.04, -0.18475, -0.36856, 0.65878, 0.62921
2025-06-14 21:00:59.959000,f8:a2:fd:ea:fb:80, -0.183, 1.317, -0.121, 152.893, -71.106, -61.707, 118.213, 21.281, -136.505, -24.507, -40.333, 54.687, 31.04, -0.02719, -0.40076, 0.75302, 0.52106
2025-06-14 21:01:00.110000,f8:a2:fd:ea:fb:80, -0.079, 0.589, -0.334, 49.255, 19.958, -26.855, 129.051, 25.334, -135.549, -24.507, -40.333, 54.687, 31.04, -0.02719, -0.40076, 0.75302, 0.52106
2025-06-14 21:01:00.171000,f8:a2:fd:ea:fb:80, -0.464, 0.464, -0.073, -105.286, 7.874, 36.011, 125.096, 24.538, -138.12, -14.527, -30.220, 61.340, 31.04, -0.02719, -0.40076, 0.75302, 0.52106
2025-06-14 21:01:00.260000,f8:a2:fd:ea:fb:80, -0.472, 0.828, -0.297, -177.795, -61.34, 79.529, 107.529, 18.682, -142.465, -14.527, -30.220, 61.340, 31.04, -0.08466, -0.30713, 0.6954, 0.64407
2025-06-14 21:01:00.380000,f8:a2:fd:ea:fb:80, -0.58, 1.09, -0.851, -155.457, 10.498, 62.927, 88.984, 11.876, -147.629, -14.527, -30.220, 61.340, 31.04, -0.08466, -0.30713, 0.6954, 0.64407
2025-06-14 21:01:00.472000,f8:a2:fd:ea:fb:80, -0.577, 0.737, -1.019, 20.996, -0.427, 0.732, 83.287, 10.025, -144.498, -23.013, -56.247, 45.253, 31.04, -0.08466, -0.30713, 0.6954, 0.64407
2025-06-14 21:01:00.591000,f8:a2:fd:ea:fb:80, -0.099, 0.992, -0.358, 44.678, 35.706, -11.169, 89.236, 12.508, -138.483, -23.013, -56.247, 45.253, 31.04, -0.1792, -0.32224, 0.62634, 0.68677
2025-06-14 21:01:00.681000,f8:a2:fd:ea:fb:80, -0.181, 1.017, -0.138, 29.724, 35.461, 3.052, 93.906, 12.458, -136.752, -23.013, -56.247, 45.253, 31.04, -0.1792, -0.32224, 0.62634, 0.68677
2025-06-14 21:01:00.770000,f8:a2:fd:ea:fb:80, -0.081, 1.02, -0.12, 17.944, 10.376, -5.798, 97.174, 12.409, -133.978, -28.193, -50.187, 49.140, 31.04, -0.1792, -0.32224, 0.62634, 0.68677
2025-06-14 21:01:00.859000,f8:a2:fd:ea:fb:80, -0.15, 0.953, -0.169, 19.897, -3.723, -3.54, 98.8, 12.728, -134.517, -28.193, -50.187, 49.140, 31.04, -0.17184, -0.35822, 0.66861, 0.62848
2025-06-14 21:01:00.979000,f8:a2:fd:ea:fb:80, -0.203, 0.975, -0.161, 32.715, 6.287, -9.949, 101.294, 13.057, -134.203, -28.193, -50.187, 49.140, 31.04, -0.17184, -0.35822, 0.66861, 0.62848
2025-06-14 21:01:01.071000,f8:a2:fd:ea:fb:80, -0.249, 0.999, -0.251, 56.763, -1.16, -19.531, 105.897, 14.09, -133.38, -25.567, -41.220, 53.507, 31.04, -0.17184, -0.35822, 0.66861, 0.62848
2025-06-14 21:01:01.160000,f8:a2:fd:ea:fb:80, -0.082, 1.753, -0.025, 124.695, -24.902, -44.495, 114.071, 17.183, -134.648, -25.567, -41.220, 53.507, 31.04, -0.08783, -0.39572, 0.73633, 0.54166
2025-06-14 21:01:01.280000,f8:a2:fd:ea:fb:80, -0.215, 1.191, -0.435, 116.455, -26.428, -57.861, 126.387, 23.022, -134.198, -25.567, -41.220, 53.507, 31.04, -0.08783, -0.39572, 0.73633, 0.54166
2025-06-14 21:01:01.371000,f8:a2:fd:ea:fb:80, -0.144, 0.58, 0.036, -11.658, -5.859, 3.601, 130.435, 24.719, -134.011, -15.907, -25.527, 60.787, 31.04, -0.08783, -0.39572, 0.73633, 0.54166
2025-06-14 21:01:01.491000,f8:a2:fd:ea:fb:80, -0.357, 0.569, -0.111, -156.006, 9.827, 56.519, 118.427, 21.412, -136.912, -15.907, -25.527, 60.787, 31.04, -0.03616, -0.39838, 0.75021, 0.52637
2025-06-14 21:01:01.610000,f8:a2:fd:ea:fb:80, -0.435, 1.053, -0.687, -189.636, -85.205, 93.323, 96.971, 14.815, -145.844, -15.907, -25.527, 60.787, 31.04, -0.03616, -0.39838, 0.75021, 0.52637
2025-06-14 21:01:01.671000,f8:a2:fd:ea:fb:80, -0.464, 1.021, -0.952, -114.624, 23.132, 27.1, 81.892, 10.179, -143.882, -22.953, -56.347, 42.907, 31.04, -0.03616, -0.39838, 0.75021, 0.52637
2025-06-14 21:01:01.791000,f8:a2:fd:ea:fb:80, -0.141, 1.203, -0.182, 8.606, 130.371, -18.005, 85.051, 11.107, -140.427, -22.953, -56.347, 42.907, 31.04, -0.18668, -0.29483, 0.60889, 0.71231
2025-06-14 21:01:01.881000,f8:a2:fd:ea:fb:80, -0.13, 1.024, -0.096, 43.762, 0.366, 7.385, 90.873, 12.162, -134.352, -22.953, -56.347, 42.907, 31.04, -0.18668, -0.29483, 0.60889, 0.71231
2025-06-14 21:01:01.971000,f8:a2:fd:ea:fb:80, -0.138, 0.987, -0.199, 27.039, 3.723, -3.845, 95.081, 11.986, -132.182, -29.493, -51.787, 46.053, 31.04, -0.18668, -0.29483, 0.60889, 0.71231
2025-06-14 21:01:02.060000,f8:a2:fd:ea:fb:80, -0.14, 0.955, -0.18, 8.728, -9.216, 1.282, 96.79, 12.008, -132.127, -29.493, -51.787, 46.053, 31.04, -0.19443, -0.36383, 0.65359, 0.63443
2025-06-14 21:01:02.180000,f8:a2:fd:ea:fb:80, -0.179, 0.956, -0.126, 24.902, -6.226, -4.883, 98.053, 12.036, -133.281, -29.493, -51.787, 46.053, 31.05, -0.19443, -0.36383, 0.65359, 0.63443
2025-06-14 21:01:02.301000,f8:a2:fd:ea:fb:80, -0.192, 0.978, -0.167, 59.143, 7.324, -20.02, 102.036, 12.909, -132.929, -29.493, -51.787, 46.053, 31.05, -0.19443, -0.36383, 0.65359, 0.63443
2025-06-14 21:01:02.361000,f8:a2:fd:ea:fb:80, -0.442, 1.271, -0.227, 90.698, -56.396, -24.719, 108.342, 15.167, -133.835, -22.547, -36.153, 56.227, 31.05, -0.19443, -0.36383, 0.65359, 0.63443
2025-06-14 21:01:02.480000,f8:a2:fd:ea:fb:80, -0.194, 1.394, -0.104, 146.118, -51.208, -64.575, 119.207, 20.912, -138.873, -22.547, -36.153, 56.227, 31.05, -0.01355, -0.38776, 0.76749, 0.51025
2025-06-14 21:01:02.601000,f8:a2:fd:ea:fb:80, -0.066, 0.497, -0.462, 54.077, 38.33, -28.015, 129.501, 24.263, -135.95, -22.547, -36.153, 56.227, 31.05, -0.01355, -0.38776, 0.76749, 0.51025
2025-06-14 21:01:02.660000,f8:a2:fd:ea:fb:80, -0.442, 0.448, -0.043, -85.205, 2.014, 33.508, 125.629, 23.428, -138.219, -15.347, -28.493, 60.633, 31.05, -0.01355, -0.38776, 0.76749, 0.51025
2025-06-14 21:01:02.811000,f8:a2:fd:ea:fb:80, -0.572, 0.695, -0.24, -183.777, -29.724, 74.341, 108.342, 17.655, -142.35, -15.347, -28.493, 60.633, 31.05, -0.07516, -0.33502, 0.72217, 0.60037
2025-06-14 21:01:02.901000,f8:a2:fd:ea:fb:80, -0.461, 1.073, -0.897, -180.847, 18.127, 49.5, 88.781, 11.827, -145.316, -15.347, -28.493, 60.633, 31.05, -0.07516, -0.33502, 0.72217, 0.60037
2025-06-14 21:01:02.961000,f8:a2:fd:ea:fb:80, -0.465, 0.769, -1.046, 30.334, 15.137, -2.136, 83.71, 11.849, -140.312, -24.300, -57.147, 43.673, 31.05, -0.07516, -0.33502, 0.72217, 0.60037
2025-06-14 21:01:03.111000,f8:a2:fd:ea:fb:80, -0.174, 0.983, -0.229, 35.828, 51.88, -4.7, 90.461, 13.81, -135.253, -24.300, -57.147, 43.673, 31.05, -0.18668, -0.34836, 0.62222, 0.67566
2025-06-14 21:01:03.201000,f8:a2:fd:ea:fb:80, -0.246, 1.05, -0.121, 32.227, 40.222, 3.601, 95.246, 13.145, -132.067, -24.300, -57.147, 43.673, 31.05, -0.18668, -0.34836, 0.62222, 0.67566
2025-06-14 21:01:03.291000,f8:a2:fd:ea:fb:80, -0.198, 0.993, -0.188, 18.127, 6.836, -2.502, 98.822, 12.975, -130.034, -29.087, -50.293, 47.820, 31.05, -0.18668, -0.34836, 0.62222, 0.67566
2025-06-14 21:01:03.411000,f8:a2:fd:ea:fb:80, -0.177, 0.947, -0.179, 8.423, -9.888, -1.221, 99.877, 13.063, -130.715, -29.087, -50.293, 47.820, 31.05, -0.18323, -0.3826, 0.66422, 0.61542
2025-06-14 21:01:03.500000,f8:a2:fd:ea:fb:80, -0.224, 0.958, -0.203, 27.954, 2.441, -8.301, 101.898, 13.398, -131.023, -29.087, -50.293, 47.820, 31.05, -0.18323, -0.3826, 0.66422, 0.61542
2025-06-14 21:01:03.594000,f8:a2:fd:ea:fb:80, -0.319, 1.071, -0.226, 62.805, -3.052, -24.17, 106.287, 14.645, -130.638, -25.433, -40.640, 51.840, 31.05, -0.18323, -0.3826, 0.66422, 0.61542
2025-06-14 21:01:03.711000,f8:a2:fd:ea:fb:80, -0.152, 1.589, 0.136, 139.954, -38.086, -48.462, 114.857, 18.018, -131.55, -25.433, -40.640, 51.840, 31.05, -0.06079, -0.42355, 0.742, 0.51596
2025-06-14 21:01:03.800000,f8:a2:fd:ea:fb:80, -0.168, 1.052, -0.397, 116.699, -56.458, -50.903, 127.617, 24.313, -132.627, -25.433, -40.640, 51.840, 31.05, -0.06079, -0.42355, 0.742, 0.51596
2025-06-14 21:01:03.890000,f8:a2:fd:ea:fb:80, -0.271, 0.399, 0.03, -26.55, -12.024, 22.156, 131.402, 26.686, -135.071, -14.487, -25.120, 61.120, 31.05, -0.06079, -0.42355, 0.742, 0.51596
2025-06-14 21:01:04.011000,f8:a2:fd:ea:fb:80, -0.426, 0.536, -0.027, -167.053, -4.272, 82.153, 119.075, 21.753, -138.779, -14.487, -25.120, 61.120, 31.05, -0.02753, -0.38416, 0.7561, 0.52905
2025-06-14 21:01:04.101000,f8:a2:fd:ea:fb:80, -0.426, 1.1, -0.887, -205.75, -25.391, 80.872, 97.707, 14.826, -145.212, -14.487, -25.120, 61.120, 31.05, -0.02753, -0.38416, 0.7561, 0.52905
2025-06-14 21:01:04.287000,f8:a2:fd:ea:fb:80, -0.183, 0.968, -0.921, -65.369, -24.109, 29.541, 83.875, 10.146, -145.3, -22.660, -54.253, 45.440, 31.05, -0.02753, -0.38416, 0.7561, 0.52905
2025-06-14 21:01:04.341000,f8:a2:fd:ea:fb:80, -0.135, 1.193, 0.179, 22.522, 77.515, -12.573, 87.358, 11.525, -142.185, -22.660, -54.253, 45.440, 31.05, -0.16751, -0.29132, 0.62653, 0.70316
2025-06-14 21:01:04.491000,f8:a2:fd:ea:fb:80, -0.127, 0.973, -0.108, 25.146, 33.325, 2.563, 92.692, 12.431, -137.604, -22.660, -54.253, 45.440, 31.05, -0.16751, -0.29132, 0.62653, 0.70316
2025-06-14 21:01:04.491000,f8:a2:fd:ea:fb:80, -0.175, 1.023, -0.118, 42.053, 12.268, -3.784, 96.982, 12.096, -133.792, -22.660, -54.253, 45.440, 31.05, -0.16751, -0.29132, 0.62653, 0.70316
2025-06-14 21:01:04.612000,f8:a2:fd:ea:fb:80, -0.163, 0.964, -0.241, 22.278, -2.197, -5.615, 100.234, 12.524, -133.127, -29.520, -47.253, 50.120, 31.05, -0.16513, -0.37054, 0.68243, 0.60794
2025-06-14 21:01:04.700000,f8:a2:fd:ea:fb:80, -0.187, 0.962, -0.227, 26.489, -4.761, -9.155, 102.475, 13.085, -133.555, -29.520, -47.253, 50.120, 31.05, -0.16513, -0.37054, 0.68243, 0.60794
2025-06-14 21:01:04.792000,f8:a2:fd:ea:fb:80, -0.253, 0.958, -0.277, 33.447, 3.601, -13.367, 105.546, 13.936, -133.171, -29.520, -47.253, 50.120, 31.05, -0.16513, -0.37054, 0.68243, 0.60794
2025-06-14 21:01:04.912000,f8:a2:fd:ea:fb:80, -0.387, 1.115, -0.151, 65.552, -19.897, -21.118, 110.017, 15.463, -133.462, -25.773, -37.327, 54.147, 31.05, -0.16513, -0.37054, 0.68243, 0.60794
2025-06-14 21:01:05.001000,f8:a2:fd:ea:fb:80, -0.042, 1.498, 0.106, 144.165, -58.228, -50.842, 119.822, 20.165, -135.681, -25.773, -37.327, 54.147, 31.05, -0.02866, -0.40512, 0.76196, 0.50433
2025-06-14 21:01:05.121000,f8:a2:fd:ea:fb:80, -0.066, 0.813, -0.433, 89.844, 1.953, -37.903, 131.116, 25.73, -135.588, -25.773, -37.327, 54.147, 31.05, -0.02866, -0.40512, 0.76196, 0.50433
2025-06-14 21:01:05.242000,f8:a2:fd:ea:fb:80, -0.441, 0.379, 0.028, -70.007, -10.559, 28.931, 128.249, 25.499, -138.477, -14.500, -27.240, 61.953, 31.05, -0.02866, -0.40512, 0.76196, 0.50433
2025-06-14 21:01:05.304000,f8:a2:fd:ea:fb:80, -0.485, 0.703, -0.223, -192.81, -15.198, 85.938, 110.336, 19.166, -142.685, -14.500, -27.240, 61.953, 31.05, -0.06149, -0.33633, 0.72537, 0.59735
2025-06-14 21:01:05.390000,f8:a2:fd:ea:fb:80, -0.403, 1.023, -0.891, -159.851, 20.081, 58.167, 90.61, 12.464, -146.547, -14.500, -27.240, 61.953, 31.05, -0.06149, -0.33633, 0.72537, 0.59735
2025-06-14 21:01:05.515000,f8:a2:fd:ea:fb:80, -0.494, 0.823, -0.877, 4.517, -8.545, 9.399, 83.776, 10.102, -144.25, -22.980, -54.580, 45.180, 31.05, -0.06149, -0.33633, 0.72537, 0.59735
2025-06-14 21:01:05.600000,f8:a2:fd:ea:fb:80, -0.091, 0.848, -0.261, 44.25, 49.377, -9.888, 88.83, 12.382, -138.01, -22.980, -54.580, 45.180, 31.05, -0.18463, -0.32645, 0.62372, 0.68573
2025-06-14 21:01:05.691000,f8:a2:fd:ea:fb:80, -0.101, 0.971, -0.046, 34.058, 39.246, 3.601, 94.026, 12.502, -134.896, -22.980, -54.580, 45.180, 31.05, -0.18463, -0.32645, 0.62372, 0.68573
2025-06-14 21:01:05.817000,f8:a2:fd:ea:fb:80, -0.24, 1.024, -0.194, 30.762, 9.521, -5.249, 98.091, 12.14, -132.336, -29.933, -49.233, 47.727, 31.05, -0.18176, -0.37314, 0.66965, 0.61578
2025-06-14 21:01:05.901000,f8:a2:fd:ea:fb:80, -0.139, 0.949, -0.19, 20.081, -3.723, -4.639, 100.756, 12.546, -132.171, -29.933, -49.233, 47.727, 31.05, -0.18176, -0.37314, 0.66965, 0.61578
2025-06-14 21:01:05.991000,f8:a2:fd:ea:fb:80, -0.107, 0.959, -0.237, 21.118, 2.014, -9.521, 102.903, 13.052, -132.209, -29.933, -49.233, 47.727, 31.05, -0.18176, -0.37314, 0.66965, 0.61578
2025-06-14 21:01:06.111000,f8:a2:fd:ea:fb:80, -0.316, 1.001, -0.278, 42.603, 6.775, -16.479, 106.04, 13.898, -131.484, -28.447, -42.267, 51.467, 31.05, -0.1326, -0.39838, 0.71054, 0.56454
2025-06-14 21:01:06.207000,f8:a2:fd:ea:fb:80, -0.305, 1.202, -0.226, 84.045, -28.809, -27.71, 111.473, 15.864, -132.616, -28.447, -42.267, 51.467, 31.05, -0.1326, -0.39838, 0.71054, 0.56454
2025-06-14 21:01:06.293000,f8:a2:fd:ea:fb:80, -0.134, 1.2, -0.334, 140.076, -60.974, -57.983, 122.08, 21.473, -135.198, -28.447, -42.267, 51.467, 31.05, -0.1326, -0.39838, 0.71054, 0.56454
2025-06-14 21:01:06.412000,f8:a2:fd:ea:fb:80, -0.154, 0.599, -0.289, 53.284, -10.193, -17.395, 131.484, 25.351, -135.363, -16.820, -24.533, 60.713, 31.05, 0.03549, -0.41104, 0.79095, 0.45175
2025-06-14 21:01:06.515000,f8:a2:fd:ea:fb:80, -0.59, 0.464, -0.098, -110.535, 10.925, 39.734, 125.112, 23.703, -138.543, -16.820, -24.533, 60.713, 31.05, 0.03549, -0.41104, 0.79095, 0.45175
2025-06-14 21:01:06.593000,f8:a2:fd:ea:fb:80, -0.392, 0.872, -0.283, -199.158, -42.603, 72.327, 105.485, 17.836, -143.223, -16.820, -24.533, 60.713, 31.05, 0.03549, -0.41104, 0.79095, 0.45175
2025-06-14 21:01:06.712000,f8:a2:fd:ea:fb:80, -0.496, 1.118, -0.898, -169.556, 14.648, 47.18, 86.056, 12.239, -144.756, -20.047, -52.007, 48.927, 31.05, -0.17938, -0.26944, 0.59305, 0.73715
2025-06-14 21:01:06.802000,f8:a2:fd:ea:fb:80, -0.274, 0.651, -0.917, 36.438, -7.446, -0.61, 82.386, 10.975, -143.031, -20.047, -52.007, 48.927, 31.05, -0.17938, -0.26944, 0.59305, 0.73715
2025-06-14 21:01:06.892000,f8:a2:fd:ea:fb:80, -0.086, 0.904, -0.032, 44.067, 26.794, -9.827, 88.286, 12.969, -136.928, -20.047, -52.007, 48.927, 31.05, -0.17938, -0.26944, 0.59305, 0.73715
2025-06-14 21:01:07.013000,f8:a2:fd:ea:fb:80, -0.228, 1.1, -0.041, 41.992, 41.016, 3.174, 93.587, 12.541, -133.226, -27.660, -53.020, 46.173, 31.05, -0.19751, -0.37344, 0.64804, 0.63361
2025-06-14 21:01:07.131000,f8:a2:fd:ea:fb:80, -0.146, 0.983, -0.188, 28.137, 13.794, -5.066, 98.015, 12.59, -130.748, -27.660, -53.020, 46.173, 31.05, -0.19751, -0.37344, 0.64804, 0.63361
2025-06-14 21:01:07.193000,f8:a2:fd:ea:fb:80, -0.217, 0.961, -0.211, 23.56, -1.099, -4.395, 100.404, 12.827, -130.743, -27.660, -53.020, 46.173, 31.05, -0.19751, -0.37344, 0.64804, 0.63361
2025-06-14 21:01:07.340000,f8:a2:fd:ea:fb:80, -0.143, 0.973, -0.247, 32.288, 3.54, -9.033, 103.156, 13.107, -130.04, -29.240, -46.360, 49.707, 31.05, -0.17441, -0.39774, 0.68103, 0.58948
2025-06-14 21:01:07.432000,f8:a2:fd:ea:fb:80, -0.321, 1.039, -0.257, 52.856, -3.54, -18.86, 107.012, 14.013, -129.441, -29.240, -46.360, 49.707, 31.05, -0.17441, -0.39774, 0.68103, 0.58948
2025-06-14 21:01:07.551000,f8:a2:fd:ea:fb:80, -0.241, 1.424, -0.042, 112.366, -31.372, -38.635, 114.099, 16.721, -130.924, -22.580, -31.333, 56.507, 31.05, -0.17441, -0.39774, 0.68103, 0.58948
2025-06-14 21:01:07.644000,f8:a2:fd:ea:fb:80, -0.273, 1.183, -0.484, 117.249, -42.114, -52.429, 125.228, 22.352, -131.918, -22.580, -31.333, 56.507, 31.05, 0.00418, -0.43826, 0.76892, 0.46536
2025-06-14 21:01:07.730000,f8:a2:fd:ea:fb:80, -0.255, 0.607, -0.071, -3.052, -14.832, 11.658, 131.27, 25.741, -133.511, -22.580, -31.333, 56.507, 31.05, 0.00418, -0.43826, 0.76892, 0.46536
2025-06-14 21:01:07.822000,f8:a2:fd:ea:fb:80, -0.415, 0.549, -0.096, -140.625, -5.127, 66.345, 121.075, 22.939, -138.252, -15.547, -31.520, 60.333, 31.05, 0.00418, -0.43826, 0.76892, 0.46536
2025-06-14 21:01:07.942000,f8:a2:fd:ea:fb:80, -0.461, 1.005, -0.585, -196.045, -48.706, 78.43, 100.761, 16.26, -144.498, -15.547, -31.520, 60.333, 31.05, -0.09195, -0.31406, 0.69458, 0.64059
2025-06-14 21:01:08.031000,f8:a2:fd:ea:fb:80, -0.201, 1.038, -0.872, -120.544, -5.676, 39.612, 84.045, 11.085, -144.805, -15.547, -31.520, 60.333, 31.05, -0.09195, -0.31406, 0.69458, 0.64059
2025-06-14 21:01:08.126000,f8:a2:fd:ea:fb:80, -0.16, 1.528, 0.31, 57.617, -9.155, -0.916, 84.161, 11.146, -142.564, -24.240, -56.200, 44.660, 31.05, -0.09195, -0.31406, 0.69458, 0.64059
2025-06-14 21:01:08.242000,f8:a2:fd:ea:fb:80, -0.159, 0.933, -0.141, 33.752, 26.672, 9.766, 90.417, 12.777, -135.478, -24.240, -56.200, 44.660, 31.05, -0.1926, -0.34088, 0.62402, 0.67618
2025-06-14 21:01:08.361000,f8:a2:fd:ea:fb:80, -0.21, 0.965, -0.077, 34.424, 35.767, 3.113, 94.916, 11.942, -132.264, -24.240, -56.200, 44.660, 31.05, -0.1926, -0.34088, 0.62402, 0.67618
2025-06-14 21:01:08.422000,f8:a2:fd:ea:fb:80, -0.128, 1.004, -0.178, 19.104, -1.953, -2.38, 98.086, 11.893, -130.589, -29.787, -49.000, 47.773, 31.05, -0.1926, -0.34088, 0.62402, 0.67618
2025-06-14 21:01:08.542000,f8:a2:fd:ea:fb:80, -0.142, 0.97, -0.17, 18.677, -2.014, -6.836, 99.673, 12.162, -131.27, -29.787, -49.000, 47.773, 31.05, -0.19077, -0.3757, 0.66403, 0.61758
2025-06-14 21:01:08.632000,f8:a2:fd:ea:fb:80, -0.255, 0.988, -0.206, 35.4, 5.676, -15.198, 102.557, 13.002, -131.221, -29.787, -49.000, 47.773, 31.05, -0.19077, -0.3757, 0.66403, 0.61758
2025-06-14 21:01:08.722000,f8:a2:fd:ea:fb:80, -0.395, 1.071, -0.217, 72.205, -18.433, -21.606, 107.77, 14.672, -131.424, -25.233, -38.120, 52.927, 31.05, -0.19077, -0.3757, 0.66403, 0.61758
2025-06-14 21:01:08.841000,f8:a2:fd:ea:fb:80, -0.186, 1.479, 0.081, 138.184, -29.297, -56.213, 118.147, 19.347, -134.088, -25.233, -38.120, 52.927, 31.05, -0.00876, -0.42496, 0.76517, 0.48346
2025-06-14 21:01:08.931000,f8:a2:fd:ea:fb:80, -0.168, 0.785, -0.381, 88.562, -38.33, -46.753, 128.82, 25.532, -134.291, -25.233, -38.120, 52.927, 31.05, -0.00876, -0.42496, 0.76517, 0.48346
2025-06-14 21:01:09.027000,f8:a2:fd:ea:fb:80, -0.207, 0.419, 0.04, -36.865, -14.954, 16.113, 129.501, 26.307, -135.368, -25.233, -38.120, 52.927, 31.05, -0.00876, -0.42496, 0.76517, 0.48346
2025-06-14 21:01:09.142000,f8:a2:fd:ea:fb:80, -0.47, 0.729, -0.139, -160.034, -36.377, 89.294, 115.466, 22.011, -140.713, -14.373, -30.267, 60.600, 31.05, -0.06955, -0.32648, 0.71387, 0.61551
2025-06-14 21:01:09.232000,f8:a2:fd:ea:fb:80, -0.377, 1.161, -0.777, -187.073, -17.212, 90.332, 95.065, 13.848, -146.766, -14.373, -30.267, 60.600, 31.05, -0.06955, -0.32648, 0.71387, 0.61551
2025-06-14 21:01:09.323000,f8:a2:fd:ea:fb:80, 0.216, 0.929, -0.809, -64.209, 12.39, 24.78, 82.15, 7.817, -146.212, -14.373, -30.267, 60.600, 31.05, -0.06955, -0.32648, 0.71387, 0.61551
2025-06-14 21:01:09.442000,f8:a2:fd:ea:fb:80, -0.113, 1.436, 0.507, 23.682, 14.404, 12.146, 85.012, 9.602, -141.548, -24.307, -54.687, 44.260, 31.05, -0.19556, -0.30661, 0.62256, 0.69287
2025-06-14 21:01:09.532000,f8:a2:fd:ea:fb:80, -0.158, 0.981, -0.083, 30.701, 62.988, 1.587, 90.527, 11.025, -135.983, -24.307, -54.687, 44.260, 31.05, -0.19556, -0.30661, 0.62256, 0.69287
2025-06-14 21:01:09.622000,f8:a2:fd:ea:fb:80, -0.196, 0.993, -0.171, 40.283, 54.199, -8.301, 96.416, 11.102, -132.083, -31.260, -48.247, 47.173, 31.05, -0.19556, -0.30661, 0.62256, 0.69287
2025-06-14 21:01:09.776000,f8:a2:fd:ea:fb:80, -0.152, 0.99, -0.197, 24.597, -10.132, -4.944, 99.888, 11.541, -130.935, -31.260, -48.247, 47.173, 31.05, -0.19266, -0.37512, 0.66855, 0.61246
2025-06-14 21:01:09.892000,f8:a2:fd:ea:fb:80, -0.193, 0.941, -0.227, 24.658, -4.456, -8.301, 102.008, 12.14, -131.825, -31.260, -48.247, 47.173, 31.05, -0.19266, -0.37512, 0.66855, 0.61246
2025-06-14 21:01:09.952000,f8:a2:fd:ea:fb:80, -0.236, 0.972, -0.257, 36.255, 0.122, -11.78, 104.936, 12.903, -131.99, -28.820, -41.807, 50.680, 31.05, -0.19266, -0.37512, 0.66855, 0.61246
2025-06-14 21:01:10.041000,f8:a2:fd:ea:fb:80, -0.258, 1.238, -0.111, 99.609, -23.621, -25.574, 110.759, 14.733, -132.572, -28.820, -41.807, 50.680, 31.05, -0.11533, -0.39688, 0.72736, 0.54776
2025-06-14 21:01:10.133000,f8:a2:fd:ea:fb:80, -0.015, 1.27, -0.393, 141.785, -34.058, -63.782, 122.937, 20.231, -134.187, -28.820, -41.807, 50.680, 31.05, -0.11533, -0.39688, 0.72736, 0.54776
2025-06-14 21:01:10.252000,f8:a2:fd:ea:fb:80, -0.227, 0.473, -0.703, 38.086, 7.812, -27.283, 131.336, 24.571, -133.627, -18.193, -24.000, 60.007, 31.05, -0.11533, -0.39688, 0.72736, 0.54776
2025-06-14 21:01:10.342000,f8:a2:fd:ea:fb:80, -0.464, 0.469, 0.016, -122.009, -0.732, 33.997, 124.025, 23.335, -136.071, -18.193, -24.000, 60.007, 31.05, -0.00015, -0.41473, 0.77054, 0.48392
2025-06-14 21:01:10.431000,f8:a2:fd:ea:fb:80, -0.516, 0.797, -0.296, -190.002, -48.523, 84.351, 104.474, 18.88, -144.201, -18.193, -24.000, 60.007, 31.05, -0.00015, -0.41473, 0.77054, 0.48392
2025-06-14 21:01:10.555000,f8:a2:fd:ea:fb:80, -0.368, 1.091, -0.657, -177.307, 3.662, 65.491, 85.325, 12.25, -146.343, -19.253, -53.813, 46.833, 31.05, -0.00015, -0.41473, 0.77054, 0.48392
2025-06-14 21:01:10.642000,f8:a2:fd:ea:fb:80, -0.724, 0.844, -0.849, 3.967, 14.099, 6.958, 79.893, 10.41, -145.02, -19.253, -53.813, 46.833, 31.05, -0.1731, -0.26599, 0.59387, 0.73926
2025-06-14 21:01:10.763000,f8:a2:fd:ea:fb:80, -0.183, 0.978, -0.524, 46.814, 62.683, -23.438, 86.929, 12.486, -139.779, -19.253, -53.813, 46.833, 31.05, -0.1731, -0.26599, 0.59387, 0.73926
2025-06-14 21:01:10.821000,f8:a2:fd:ea:fb:80, -0.118, 0.942, -0.046, 35.706, 3.479, 5.676, 92.258, 12.618, -136.796, -27.027, -53.193, 46.873, 31.05, -0.1731, -0.26599, 0.59387, 0.73926
2025-06-14 21:01:10.943000,f8:a2:fd:ea:fb:80, -0.167, 1.001, -0.182, 40.466, 29.053, -5.005, 96.943, 12.299, -133.44, -27.027, -53.193, 46.873, 31.05, -0.18646, -0.36188, 0.65784, 0.63358
2025-06-14 21:01:11.033000,f8:a2:fd:ea:fb:80, -0.201, 0.942, -0.188, 16.418, -5.554, -2.93, 99.344, 12.404, -133.138, -27.027, -53.193, 46.873, 31.05, -0.18646, -0.36188, 0.65784, 0.63358
2025-06-14 21:01:11.151000,f8:a2:fd:ea:fb:80, -0.131, 0.941, -0.189, 31.128, -9.277, -10.925, 101.212, 12.975, -134.198, -27.020, -46.213, 51.340, 31.05, -0.18646, -0.36188, 0.65784, 0.63358
2025-06-14 21:01:11.302000,f8:a2:fd:ea:fb:80, -0.229, 1.001, -0.245, 53.04, 4.7, -21.729, 105.167, 14.392, -134.517, -27.020, -46.213, 51.340, 31.05, -0.14648, -0.37186, 0.69318, 0.5997
2025-06-14 21:01:11.333000,f8:a2:fd:ea:fb:80, -0.234, 1.409, -0.124, 97.778, -43.396, -34.607, 111.204, 16.919, -135.472, -27.020, -46.213, 51.340, 31.05, -0.14648, -0.37186, 0.69318, 0.5997
2025-06-14 21:01:11.423000,f8:a2:fd:ea:fb:80, -0.194, 1.181, -0.631, 135.925, -48.035, -73.364, 122.47, 23.708, -139.4, -14.260, -27.587, 60.913, 31.05, -0.14648, -0.37186, 0.69318, 0.5997
2025-06-14 21:01:11.573000,f8:a2:fd:ea:fb:80, -0.122, 0.691, -0.16, 21.545, 2.319, -10.864, 130.858, 26.268, -138.164, -14.260, -27.587, 60.913, 31.05, 0.04782, -0.40311, 0.79153, 0.45673
2025-06-14 21:01:11.663000,f8:a2:fd:ea:fb:80, -0.391, 0.549, -0.167, -122.07, 12.39, 53.284, 123.503, 23.774, -141.273, -14.260, -27.587, 60.913, 31.05, 0.04782, -0.40311, 0.79153, 0.45673
2025-06-14 21:01:11.752000,f8:a2:fd:ea:fb:80, -0.495, 0.873, -0.36, -188.843, -42.236, 85.388, 104.837, 16.364, -145.443, -14.787, -34.393, 60.500, 31.05, 0.04782, -0.40311, 0.79153, 0.45673
2025-06-14 21:01:11.871000,f8:a2:fd:ea:fb:80, -0.45, 1.125, -0.853, -172.607, 40.955, 46.936, 85.583, 9.794, -145.904, -14.787, -34.393, 60.500, 31.05, -0.14005, -0.26239, 0.64886, 0.70029
2025-06-14 21:01:11.961000,f8:a2:fd:ea:fb:80, -0.218, 0.724, -0.766, 52.612, -16.663, -5.554, 82.809, 9.119, -143.421, -14.787, -34.393, 60.500, 31.05, -0.14005, -0.26239, 0.64886, 0.70029
2025-06-14 21:01:12.054000,f8:a2:fd:ea:fb:80, -0.092, 0.894, -0.072, 53.711, 26.978, -8.423, 90.049, 11.64, -137.681, -26.447, -53.747, 46.167, 31.05, -0.14005, -0.26239, 0.64886, 0.70029
2025-06-14 21:01:12.173000,f8:a2:fd:ea:fb:80, -0.217, 1.036, -0.149, 32.715, 34.424, -2.014, 95.103, 11.689, -135.478, -26.447, -53.747, 46.167, 31.05, -0.18518, -0.34302, 0.65399, 0.64825
2025-06-14 21:01:12.263000,f8:a2:fd:ea:fb:80, -0.093, 0.979, -0.16, 14.832, 6.836, -3.906, 98.416, 11.959, -133.456, -26.447, -53.747, 46.167, 31.05, -0.18518, -0.34302, 0.65399, 0.64825
2025-06-14 21:01:12.353000,f8:a2:fd:ea:fb:80, -0.155, 0.958, -0.188, 12.878, 3.845, -3.052, 99.805, 12.112, -133.819, -28.573, -47.613, 50.167, 31.05, -0.16989, -0.36456, 0.68057, 0.6123
2025-06-14 21:01:12.473000,f8:a2:fd:ea:fb:80, -0.213, 0.958, -0.202, 30.457, 2.563, -11.78, 102.096, 12.634, -133.775, -28.573, -47.613, 50.167, 31.05, -0.16989, -0.36456, 0.68057, 0.6123
2025-06-14 21:01:12.563000,f8:a2:fd:ea:fb:80, -0.19, 0.976, -0.26, 43.213, -6.165, -19.226, 105.606, 13.953, -133.709, -24.200, -38.233, 54.640, 31.05, -0.16989, -0.36456, 0.68057, 0.6123
2025-06-14 21:01:12.653000,f8:a2:fd:ea:fb:80, -0.028, 1.661, -0.058, 124.146, -32.471, -39.49, 113.412, 17.298, -135.78, -24.200, -38.233, 54.640, 31.05, -0.04239, -0.38986, 0.75687, 0.52274
2025-06-14 21:01:12.773000,f8:a2:fd:ea:fb:80, -0.063, 1.118, -0.593, 114.624, -14.465, -70.007, 125.969, 24.505, -137.313, -24.200, -38.233, 54.640, 31.05, -0.04239, -0.38986, 0.75687, 0.52274
2025-06-14 21:01:12.865000,f8:a2:fd:ea:fb:80, -0.222, 0.426, -0.035, -26.917, -24.292, 11.963, 129.809, 25.845, -136.736, -14.053, -25.113, 61.713, 31.05, -0.04239, -0.38986, 0.75687, 0.52274
2025-06-14 21:01:12.982000,f8:a2:fd:ea:fb:80, -0.333, 0.646, -0.105, -164.124, 8.118, 66.467, 118.092, 22.604, -139.894, -14.053, -25.113, 61.713, 31.05, -0.05032, -0.35953, 0.73096, 0.57773
2025-06-14 21:01:13.072000,f8:a2:fd:ea:fb:80, -0.444, 1.092, -0.644, -188.599, -22.949, 79.224, 98.344, 16.447, -145.305, -14.053, -25.113, 61.713, 31.05, -0.05032, -0.35953, 0.73096, 0.57773
2025-06-14 21:01:13.162000,f8:a2:fd:ea:fb:80, -0.391, 0.974, -0.81, -88.989, -34.18, 42.114, 83.276, 10.585, -144.459, -14.053, -25.113, 61.713, 31.05, -0.05032, -0.35953, 0.73096, 0.57773
2025-06-14 21:01:13.253000,f8:a2:fd:ea:fb:80, 0.023, 1.207, 0.48, 43.518, 11.902, -14.221, 84.128, 10.228, -143.663, -23.200, -55.540, 44.413, 31.05, -0.18515, -0.31158, 0.62018, 0.69562
2025-06-14 21:01:13.372000,f8:a2:fd:ea:fb:80, -0.131, 0.973, -0.076, 38.452, 26.917, 2.441, 90.005, 12.145, -137.532, -23.200, -55.540, 44.413, 31.05, -0.18515, -0.31158, 0.62018, 0.69562
2025-06-14 21:01:13.462000,f8:a2:fd:ea:fb:80, -0.212, 1.024, -0.065, 41.687, 44.189, -2.075, 95.169, 11.838, -133.671, -29.900, -49.247, 47.787, 31.05, -0.18515, -0.31158, 0.62018, 0.69562
2025-06-14 21:01:13.551000,f8:a2:fd:ea:fb:80, -0.2, 1.007, -0.192, 24.841, 2.319, -5.188, 99.036, 11.898, -131.567, -29.900, -49.247, 47.787, 31.05, -0.18933, -0.37332, 0.66647, 0.61682
2025-06-14 21:01:13.673000,f8:a2:fd:ea:fb:80, -0.164, 0.927, -0.207, 17.151, -2.075, -4.639, 101.091, 12.25, -131.792, -29.900, -49.247, 47.787, 31.05, -0.18933, -0.37332, 0.66647, 0.61682
2025-06-14 21:01:13.762000,f8:a2:fd:ea:fb:80, -0.222, 1.008, -0.232, 28.687, 0.977, -9.399, 103.376, 12.667, -131.737, -28.447, -42.733, 50.420, 31.05, -0.18933, -0.37332, 0.66647, 0.61682
2025-06-14 21:01:13.853000,f8:a2:fd:ea:fb:80, -0.329, 1.002, -0.232, 63.721, -7.019, -22.766, 107.699, 14.128, -131.94, -28.447, -42.733, 50.420, 31.05, -0.13263, -0.39856, 0.71222, 0.56229
2025-06-14 21:01:13.973000,f8:a2:fd:ea:fb:80, -0.186, 1.559, 0.029, 116.943, -30.762, -45.227, 116.005, 17.633, -132.643, -28.447, -42.733, 50.420, 31.05, -0.13263, -0.39856, 0.71222, 0.56229
2025-06-14 21:01:14.182000,f8:a2:fd:ea:fb:80, -0.128, 1.033, -0.693, 120.728, -56.58, -51.27, 127.579, 24.626, -135.61, -15.920, -24.333, 60.160, 31.05, -0.13263, -0.39856, 0.71222, 0.56229
2025-06-14 21:01:14.183000,f8:a2:fd:ea:fb:80, -0.216, 0.442, -0.006, -18.555, -17.822, 19.226, 131.078, 26.4, -136.917, -15.920, -24.333, 60.160, 31.05, -0.13263, -0.39856, 0.71222, 0.56229
2025-06-14 21:01:14.273000,f8:a2:fd:ea:fb:80, -0.365, 0.613, -0.004, -163.94, 6.104, 70.312, 117.697, 21.671, -140.658, -15.920, -24.333, 60.160, 31.05, 0.04535, -0.4133, 0.78955, 0.45126
2025-06-14 21:01:14.363000,f8:a2:fd:ea:fb:80, -0.514, 1.149, -0.699, -197.693, -38.269, 77.82, 96.663, 15.057, -146.827, -15.920, -24.333, 60.160, 31.05, 0.04535, -0.4133, 0.78955, 0.45126
2025-06-14 21:01:14.454000,f8:a2:fd:ea:fb:80, -0.243, 0.96, -1.05, -89.417, -8.911, 36.987, 82.853, 10.53, -144.058, -22.780, -54.593, 45.267, 31.05, 0.04535, -0.4133, 0.78955, 0.45126
2025-06-14 21:01:14.603000,f8:a2:fd:ea:fb:80, -0.091, 1.532, 0.221, 47.424, 6.409, -6.165, 86.188, 11.063, -141.817, -22.780, -54.593, 45.267, 31.05, -0.17645, -0.28543, 0.61658, 0.7121
2025-06-14 21:01:14.663000,f8:a2:fd:ea:fb:80, -0.149, 0.994, -0.07, 51.331, 5.31, 8.057, 92.021, 12.469, -134.885, -22.780, -54.593, 45.267, 31.05, -0.17645, -0.28543, 0.61658, 0.7121
2025-06-14 21:01:14.753000,f8:a2:fd:ea:fb:80, -0.104, 1.002, -0.226, 43.457, 18.311, -6.47, 97.899, 12.145, -130.825, -30.047, -50.280, 46.840, 31.05, -0.17645, -0.28543, 0.61658, 0.7121
2025-06-14 21:01:14.873000,f8:a2:fd:ea:fb:80, -0.204, 1.001, -0.213, 23.804, -4.883, -3.479, 100.959, 12.299, -130.166, -30.047, -50.280, 46.840, 31.05, -0.19641, -0.3837, 0.66116, 0.61395
2025-06-14 21:01:14.963000,f8:a2:fd:ea:fb:80, -0.172, 0.945, -0.246, 15.564, -0.549, -5.066, 102.596, 12.464, -130.21, -30.047, -50.280, 46.840, 31.05, -0.19641, -0.3837, 0.66116, 0.61395
2025-06-14 21:01:15.085000,f8:a2:fd:ea:fb:80, -0.307, 0.959, -0.241, 32.959, 2.197, -12.695, 104.793, 13.024, -130.095, -29.400, -42.113, 49.380, 31.05, -0.19641, -0.3837, 0.66116, 0.61395
2025-06-14 21:01:15.174000,f8:a2:fd:ea:fb:80, -0.386, 1.06, -0.187, 83.13, -15.686, -24.17, 110.286, 14.634, -130.309, -29.400, -42.113, 49.380, 31.05, -0.15033, -0.40601, 0.70303, 0.56409
2025-06-14 21:01:15.263000,f8:a2:fd:ea:fb:80, -0.138, 1.395, -0.145, 142.883, -64.819, -52.429, 120.311, 19.468, -132.654, -29.400, -42.113, 49.380, 31.05, -0.15033, -0.40601, 0.70303, 0.56409
2025-06-14 21:01:15.354000,f8:a2:fd:ea:fb:80, -0.236, 0.65, -0.446, 79.773, -5.92, -28.259, 131.012, 25.28, -134.116, -16.967, -23.607, 59.867, 31.05, -0.15033, -0.40601, 0.70303, 0.56409
2025-06-14 21:01:15.473000,f8:a2:fd:ea:fb:80, -0.529, 0.46, 0.042, -82.458, 5.188, 29.297, 128.82, 24.785, -136.648, -16.967, -23.607, 59.867, 31.05, 0.03204, -0.41663, 0.78781, 0.45239
2025-06-14 21:01:15.593000,f8:a2:fd:ea:fb:80, -0.509, 0.693, -0.2, -191.101, -39.001, 74.707, 111.703, 19.6, -140.614, -16.967, -23.607, 59.867, 31.05, 0.03204, -0.41663, 0.78781, 0.45239
2025-06-14 21:01:15.653000,f8:a2:fd:ea:fb:80, -0.457, 1.145, -0.783, -204.163, 9.216, 70.557, 90.044, 13.425, -146.86, -19.620, -53.067, 48.100, 31.05, 0.03204, -0.41663, 0.78781, 0.45239
2025-06-14 21:01:15.803000,f8:a2:fd:ea:fb:80, -0.492, 0.779, -1.135, -10.742, -16.968, 13.55, 80.497, 10.563, -145.53, -19.620, -53.067, 48.100, 31.05, -0.16794, -0.25955, 0.59567, 0.74127
2025-06-14 21:01:15.892000,f8:a2:fd:ea:fb:80, -0.196, 0.972, -0.619, 42.114, 92.957, -13.916, 87.462, 12.898, -139.048, -19.620, -53.067, 48.100, 31.05, -0.16794, -0.25955, 0.59567, 0.74127
2025-06-14 21:01:15.983000,f8:a2:fd:ea:fb:80, -0.149, 0.926, -0.101, 40.649, 28.748, 7.507, 93.466, 13.217, -134.692, -27.653, -52.800, 46.827, 31.05, -0.16794, -0.25955, 0.59567, 0.74127
2025-06-14 21:01:16.105000,f8:a2:fd:ea:fb:80, -0.199, 1.022, -0.176, 37.109, 19.409, -2.441, 98.41, 12.689, -131.677, -27.653, -52.800, 46.827, 31.05, -0.18726, -0.3779, 0.66226, 0.6192
2025-06-14 21:01:16.193000,f8:a2:fd:ea:fb:80, -0.189, 0.969, -0.216, 22.217, -1.709, -3.662, 101.266, 12.865, -131.336, -27.653, -52.800, 46.827, 31.05, -0.18726, -0.3779, 0.66226, 0.6192
2025-06-14 21:01:16.283000,f8:a2:fd:ea:fb:80, -0.213, 0.925, -0.241, 23.438, -0.793, -6.958, 103.398, 13.288, -131.699, -28.127, -44.973, 51.320, 31.05, -0.18726, -0.3779, 0.66226, 0.6192
2025-06-14 21:01:16.403000,f8:a2:fd:ea:fb:80, -0.267, 0.977, -0.271, 38.147, 3.052, -15.198, 106.6, 14.106, -131.528, -28.127, -44.973, 51.320, 31.05, -0.14456, -0.39841, 0.70184, 0.57242
2025-06-14 21:01:16.493000,f8:a2:fd:ea:fb:80, -0.11, 1.113, -0.163, 84.167, -25.635, -25.146, 112.385, 16.216, -132.072, -28.127, -44.973, 51.320, 31.05, -0.14456, -0.39841, 0.70184, 0.57242
2025-06-14 21:01:16.583000,f8:a2:fd:ea:fb:80, -0.096, 1.178, -0.694, 136.047, -29.785, -61.34, 122.937, 22.104, -135.17, -15.453, -24.740, 60.973, 31.05, -0.14456, -0.39841, 0.70184, 0.57242
2025-06-14 21:01:16.702000,f8:a2:fd:ea:fb:80, -0.136, 0.615, -0.355, 35.278, -8.118, -9.338, 131.847, 26.142, -135.78, -15.453, -24.740, 60.973, 31.05, 0.04346, -0.41425, 0.79169, 0.44681
2025-06-14 21:01:16.795000,f8:a2:fd:ea:fb:80, -0.403, 0.469, -0.183, -111.389, 7.08, 51.941, 125.947, 24.285, -139.12, -15.453, -24.740, 60.973, 31.05, 0.04346, -0.41425, 0.79169, 0.44681
2025-06-14 21:01:16.883000,f8:a2:fd:ea:fb:80, -0.444, 0.906, -0.351, -182.678, -49.377, 81.665, 108.177, 17.726, -143.871, -15.760, -40.007, 58.620, 31.05, 0.04346, -0.41425, 0.79169, 0.44681
2025-06-14 21:01:17.004000,f8:a2:fd:ea:fb:80, -0.378, 1.058, -0.888, -159.18, 18.127, 59.814, 89.544, 10.86, -146.816, -15.760, -40.007, 58.620, 31.05, -0.13788, -0.26456, 0.65274, 0.69629
2025-06-14 21:01:17.092000,f8:a2:fd:ea:fb:80, -0.406, 0.832, -0.779, 7.69, -1.221, 8.362, 83.568, 8.981, -144.25, -15.760, -40.007, 58.620, 31.05, -0.13788, -0.26456, 0.65274, 0.69629
2025-06-14 21:01:17.183000,f8:a2:fd:ea:fb:80, -0.059, 0.951, -0.596, 41.809, 50.537, -13, 88.967, 11.327, -138.807, -25.967, -53.560, 45.900, 31.05, -0.13788, -0.26456, 0.65274, 0.69629
2025-06-14 21:01:17.303000,f8:a2:fd:ea:fb:80, -0.119, 0.947, -0.068, 29.785, 35.95, -0.549, 93.719, 11.97, -135.5, -25.967, -53.560, 45.900, 31.05, -0.18704, -0.34073, 0.64465, 0.6582
2025-06-14 21:01:17.393000,f8:a2:fd:ea:fb:80, -0.118, 1.028, -0.19, 29.968, 27.832, -8.911, 97.987, 12.003, -131.215, -25.967, -53.560, 45.900, 31.07, -0.18704, -0.34073, 0.64465, 0.6582
2025-06-14 21:01:17.483000,f8:a2:fd:ea:fb:80, -0.147, 0.957, -0.213, 16.052, -1.282, -4.15, 100.327, 12.305, -130.402, -25.967, -53.560, 45.900, 31.07, -0.18704, -0.34073, 0.64465, 0.6582
2025-06-14 21:01:17.603000,f8:a2:fd:ea:fb:80, -0.166, 0.958, -0.229, 19.958, 10.254, -6.775, 102.003, 12.607, -130.435, -30.340, -45.940, 48.567, 31.07, -0.17517, -0.39307, 0.68182, 0.59143
2025-06-14 21:01:17.693000,f8:a2:fd:ea:fb:80, -0.299, 0.951, -0.24, 35.522, 2.014, -12.146, 104.727, 13.2, -130.232, -30.340, -45.940, 48.567, 31.07, -0.17517, -0.39307, 0.68182, 0.59143
2025-06-14 21:01:17.814000,f8:a2:fd:ea:fb:80, -0.415, 1.154, -0.136, 88.867, -17.822, -23.743, 110.555, 14.875, -130.638, -30.340, -45.940, 48.567, 31.07, -0.17517, -0.39307, 0.68182, 0.59143
2025-06-14 21:01:17.904000,f8:a2:fd:ea:fb:80, -0.052, 1.428, 0.007, 143.005, -56.152, -56.641, 121.899, 20.143, -132.737, -22.093, -29.787, 56.793, 31.07, -0.17517, -0.39307, 0.68182, 0.59143
2025-06-14 21:01:18.022000,f8:a2:fd:ea:fb:80, -0.177, 0.568, -0.506, 72.937, -0.488, -35.889, 131.649, 25.225, -133.099, -22.093, -29.787, 56.793, 31.07, 0.02545, -0.43665, 0.78262, 0.44284
2025-06-14 21:01:18.082000,f8:a2:fd:ea:fb:80, -0.521, 0.423, 0.07, -86.365, 4.578, 28.87, 127.211, 23.879, -135.137, -22.093, -29.787, 56.793, 31.07, 0.02545, -0.43665, 0.78262, 0.44284
2025-06-14 21:01:18.203000,f8:a2:fd:ea:fb:80, -0.504, 0.735, -0.148, -194.092, -49.438, 80.566, 108.336, 18.298, -140.301, -18.500, -37.587, 57.793, 31.07, 0.02545, -0.43665, 0.78262, 0.44284
2025-06-14 21:01:18.292000,f8:a2:fd:ea:fb:80, -0.501, 1.148, -0.671, -197.388, -3.906, 78.369, 87.188, 11.398, -146.179, -18.500, -37.587, 57.793, 31.07, -0.15256, -0.26419, 0.62659, 0.71707
2025-06-14 21:01:18.383000,f8:a2:fd:ea:fb:80, -0.378, 0.683, -1.044, 45.227, 10.254, -3.601, 80.327, 9.245, -143.344, -18.500, -37.587, 57.793, 31.07, -0.15256, -0.26419, 0.62659, 0.71707
2025-06-14 21:01:18.503000,f8:a2:fd:ea:fb:80, -0.047, 1.127, -0.131, 56.274, 36.56, -7.385, 87.05, 11.662, -137.126, -25.760, -55.280, 43.207, 31.07, -0.20197, -0.34476, 0.62943, 0.66635
2025-06-14 21:01:18.592000,f8:a2:fd:ea:fb:80, -0.196, 1.069, -0.122, 42.053, 45.044, 4.089, 92.906, 11.733, -133.544, -25.760, -55.280, 43.207, 31.07, -0.20197, -0.34476, 0.62943, 0.66635
2025-06-14 21:01:18.683000,f8:a2:fd:ea:fb:80, -0.196, 1.011, -0.188, 26.855, 7.812, -4.395, 97.454, 11.629, -130.82, -25.760, -55.280, 43.207, 31.07, -0.20197, -0.34476, 0.62943, 0.66635
2025-06-14 21:01:18.804000,f8:a2:fd:ea:fb:80, -0.167, 0.963, -0.174, 21.851, -7.751, -3.418, 99.745, 11.931, -131.237, -30.347, -47.767, 48.493, 31.07, -0.20197, -0.34476, 0.62943, 0.66635
2025-06-14 21:01:18.923000,f8:a2:fd:ea:fb:80, -0.197, 0.957, -0.242, 25.879, 8.972, -9.705, 102.09, 12.415, -131.385, -30.347, -47.767, 48.493, 31.07, -0.17975, -0.38132, 0.67755, 0.60257
2025-06-14 21:01:18.983000,f8:a2:fd:ea:fb:80, -0.396, 1.009, -0.246, 43.945, -0.366, -16.052, 105.419, 13.282, -131.017, -30.347, -47.767, 48.493, 31.07, -0.17975, -0.38132, 0.67755, 0.60257
2025-06-14 21:01:19.104000,f8:a2:fd:ea:fb:80, 0.033, 1.546, 0.073, 100.769, -87.036, -25.452, 111.94, 15.886, -133.418, -25.167, -36.920, 54.540, 31.07, 0.00931, -0.36899, 0.76782, 0.52353
2025-06-14 21:01:19.224000,f8:a2:fd:ea:fb:80, -0.105, 1.149, -0.91, 114.38, 16.541, -91.614, 122.739, 25.999, -142.767, -25.167, -36.920, 54.540, 31.07, 0.00931, -0.36899, 0.76782, 0.52353
2025-06-14 21:01:19.313000,f8:a2:fd:ea:fb:80, -0.243, 0.706, -0.131, 17.334, -6.042, -11.23, 130.88, 27.795, -137.527, -25.167, -36.920, 54.540, 31.07, 0.00931, -0.36899, 0.76782, 0.52353
2025-06-14 21:01:19.432000,f8:a2:fd:ea:fb:80, -0.406, 0.52, -0.105, -122.192, -9.155, 62.866, 121.624, 24.791, -141.861, -11.927, -24.640, 63.093, 31.07, -0.03439, -0.32468, 0.73706, 0.59164
2025-06-14 21:01:19.493000,f8:a2:fd:ea:fb:80, -0.4, 0.945, -0.421, -180.847, -14.343, 91.797, 103.656, 17.38, -147.673, -11.927, -24.640, 63.093, 31.07, -0.03439, -0.32468, 0.73706, 0.59164
2025-06-14 21:01:19.584000,f8:a2:fd:ea:fb:80, -0.545, 1.093, -0.587, -171.753, 48.584, 56.58, 86.869, 10.437, -145.311, -11.927, -24.640, 63.093, 31.07, -0.03439, -0.32468, 0.73706, 0.59164
2025-06-14 21:01:19.705000,f8:a2:fd:ea:fb:80, -0.215, 0.71, -1.039, 31.006, -1.282, -3.174, 81.837, 9.338, -142.256, -24.060, -55.960, 43.147, 31.07, -0.19666, -0.31091, 0.61127, 0.70062
2025-06-14 21:01:19.824000,f8:a2:fd:ea:fb:80, -0.115, 1.058, -0.07, 65.125, -15.259, -3.601, 88.66, 11.761, -137.433, -24.060, -55.960, 43.147, 31.07, -0.19666, -0.31091, 0.61127, 0.70062
2025-06-14 21:01:19.883000,f8:a2:fd:ea:fb:80, -0.188, 1.048, -0.107, 31.25, 7.996, 5.798, 92.823, 11.354, -136.071, -24.060, -55.960, 43.147, 31.07, -0.19666, -0.31091, 0.61127, 0.70062
2025-06-14 21:01:20.033000,f8:a2:fd:ea:fb:80, -0.11, 0.996, -0.185, 26.733, 5.676, -5.005, 96.46, 11.409, -134.506, -28.627, -50.407, 48.373, 31.07, -0.19666, -0.31091, 0.61127, 0.70062
2025-06-14 21:01:20.124000,f8:a2:fd:ea:fb:80, -0.156, 0.971, -0.171, 17.029, -10.437, -1.099, 98.196, 11.508, -135.368, -28.627, -50.407, 48.373, 31.07, -0.18472, -0.349, 0.66336, 0.63553
2025-06-14 21:01:20.214000,f8:a2:fd:ea:fb:80, -0.198, 0.964, -0.19, 30.884, -1.709, -10.925, 100.289, 11.926, -136.088, -28.627, -50.407, 48.373, 31.07, -0.18472, -0.349, 0.66336, 0.63553
2025-06-14 21:01:20.334000,f8:a2:fd:ea:fb:80, -0.277, 1.001, -0.219, 60.425, -4.089, -24.231, 104.387, 13.354, -136.115, -28.627, -50.407, 48.373, 31.07, -0.18472, -0.349, 0.66336, 0.63553
2025-06-14 21:01:20.424000,f8:a2:fd:ea:fb:80, -0.089, 1.645, 0.031, 139.709, -48.889, -45.044, 112.786, 16.633, -137.67, -24.580, -39.280, 54.027, 31.07, 0.01111, -0.38348, 0.78152, 0.49182
2025-06-14 21:01:20.513000,f8:a2:fd:ea:fb:80, -0.025, 1.218, -0.476, 112.427, -2.319, -73.914, 126.151, 24.236, -139.664, -24.580, -39.280, 54.027, 31.07, 0.01111, -0.38348, 0.78152, 0.49182
2025-06-14 21:01:20.633000,f8:a2:fd:ea:fb:80, -0.212, 0.5, -0.084, -19.409, 1.038, -8.179, 132.687, 25.922, -136.236, -24.580, -39.280, 54.027, 31.07, 0.01111, -0.38348, 0.78152, 0.49182
2025-06-14 21:01:20.785000,f8:a2:fd:ea:fb:80, -0.309, 0.583, -0.083, -167.236, 10.376, 48.34, 121.421, 22.714, -137.06, -16.780, -34.767, 59.060, 31.07, 0.01111, -0.38348, 0.78152, 0.49182
2025-06-14 21:01:20.815000,f8:a2:fd:ea:fb:80, -0.408, 1.036, -0.751, -212.219, -33.752, 81.665, 99.811, 16.183, -142.064, -16.780, -34.767, 59.060, 31.07, -0.11899, -0.32004, 0.67285, 0.65616
2025-06-14 21:01:20.934000,f8:a2:fd:ea:fb:80, -0.291, 1.047, -0.885, -117.126, -32.532, 52.002, 82.31, 9.86, -142.383, -16.780, -34.767, 59.060, 31.07, -0.11899, -0.32004, 0.67285, 0.65616
2025-06-14 21:01:21.024000,f8:a2:fd:ea:fb:80, 0.026, 1.279, 0.469, 48.401, 12.085, -10.681, 82.947, 9.24, -141.323, -27.193, -55.680, 40.473, 31.07, -0.11899, -0.32004, 0.67285, 0.65616
2025-06-14 21:01:21.114000,f8:a2:fd:ea:fb:80, -0.131, 1.002, -0.114, 46.326, 41.016, -0.061, 89.253, 11.717, -132.819, -27.193, -55.680, 40.473, 31.07, -0.21866, -0.35992, 0.6203, 0.66162
2025-06-14 21:01:21.235000,f8:a2:fd:ea:fb:80, -0.217, 0.987, -0.111, 47.302, 28.809, -4.456, 95.158, 11.799, -129.276, -27.193, -55.680, 40.473, 31.07, -0.21866, -0.35992, 0.6203, 0.66162
2025-06-14 21:01:21.326000,f8:a2:fd:ea:fb:80, -0.167, 1, -0.201, 30.212, -0.854, -7.141, 99.388, 12.31, -128.007, -31.807, -49.153, 46.100, 31.07, -0.21866, -0.35992, 0.6203, 0.66162
2025-06-14 21:01:21.414000,f8:a2:fd:ea:fb:80, -0.146, 0.954, -0.221, 26.489, 5.737, -8.484, 102.321, 12.821, -127.798, -31.807, -49.153, 46.100, 31.07, -0.19135, -0.4071, 0.66913, 0.59143
2025-06-14 21:01:21.533000,f8:a2:fd:ea:fb:80, -0.245, 0.969, -0.245, 39.551, 1.709, -11.902, 105.557, 13.409, -127.562, -31.807, -49.153, 46.100, 31.07, -0.19135, -0.4071, 0.66913, 0.59143
2025-06-14 21:01:21.625000,f8:a2:fd:ea:fb:80, -0.308, 1, -0.306, 60.425, -10.254, -22.095, 110.605, 14.925, -127.645, -28.660, -39.387, 52.033, 31.07, -0.19135, -0.4071, 0.66913, 0.59143
2025-06-14 21:01:21.744000,f8:a2:fd:ea:fb:80, -0.238, 1.4, -0.077, 116.577, -24.902, -41.077, 118.856, 18.364, -128.452, -28.660, -39.387, 52.033, 31.07, -0.08453, -0.44269, 0.73447, 0.50726
2025-06-14 21:01:21.834000,f8:a2:fd:ea:fb:80, -0.186, 1, -0.42, 115.295, -30.762, -23.071, 128.595, 24.335, -133.775, -28.660, -39.387, 52.033, 31.07, -0.08453, -0.44269, 0.73447, 0.50726
2025-06-14 21:01:21.924000,f8:a2:fd:ea:fb:80, -0.46, 0.505, 0.052, -25.513, -4.578, 34.241, 129.43, 24.901, -139.037, -15.447, -24.073, 62.593, 31.07, -0.08453, -0.44269, 0.73447, 0.50726
2025-06-14 21:01:22.013000,f8:a2:fd:ea:fb:80, -0.516, 0.644, -0.033, -168.091, -1.709, 65.918, 115.214, 18.913, -141.768, -15.447, -24.073, 62.593, 31.07, -0.05905, -0.32932, 0.7334, 0.59164
2025-06-14 21:01:22.164000,f8:a2:fd:ea:fb:80, -0.417, 1.091, -0.751, -202.148, 28.625, 60.608, 94.252, 13.931, -146.25, -15.447, -24.073, 62.593, 31.07, -0.05905, -0.32932, 0.7334, 0.59164
2025-06-14 21:01:22.223000,f8:a2:fd:ea:fb:80, -0.557, 0.704, -1.159, -15.015, 2.441, 12.634, 83.403, 11.431, -142.861, -22.987, -55.100, 44.860, 31.07, -0.05905, -0.32932, 0.7334, 0.59164
2025-06-14 21:01:22.314000,f8:a2:fd:ea:fb:80, -0.034, 0.993, -0.408, 36.56, 52.551, -12.939, 88.868, 13.09, -138.153, -22.987, -55.100, 44.860, 31.07, -0.18079, -0.33917, 0.6268, 0.6777
2025-06-14 21:01:22.435000,f8:a2:fd:ea:fb:80, -0.138, 1.051, -0.152, 37.048, -0.366, 9.338, 93.757, 12.887, -136.879, -22.987, -55.100, 44.860, 31.07, -0.18079, -0.33917, 0.6268, 0.6777
2025-06-14 21:01:22.584000,f8:a2:fd:ea:fb:80, -0.237, 0.975, -0.198, 22.278, 24.841, -7.568, 97.548, 12.821, -135.066, -27.740, -49.207, 50.300, 31.07, -0.18079, -0.33917, 0.6268, 0.6777
2025-06-14 21:01:22.644000,f8:a2:fd:ea:fb:80, -0.174, 0.971, -0.148, 21.729, -0.488, -4.395, 99.888, 12.887, -134.022, -27.740, -49.207, 50.300, 31.07, -0.17062, -0.36349, 0.67197, 0.62216
2025-06-14 21:01:22.734000,f8:a2:fd:ea:fb:80, -0.183, 0.964, -0.23, 26.978, 9.583, -9.399, 102.491, 13.233, -133.401, -27.740, -49.207, 50.300, 31.07, -0.17062, -0.36349, 0.67197, 0.62216
2025-06-14 21:01:22.824000,f8:a2:fd:ea:fb:80, -0.303, 1.013, -0.23, 43.274, 3.845, -19.287, 105.793, 14.183, -132.847, -26.220, -39.667, 54.093, 31.07, -0.17062, -0.36349, 0.67197, 0.62216
2025-06-14 21:01:22.914000,f8:a2:fd:ea:fb:80, -0.109, 1.68, 0.044, 130.798, -30.701, -43.213, 113.533, 17.007, -133.715, -26.220, -39.667, 54.093, 31.07, -0.06848, -0.4039, 0.74487, 0.52652
2025-06-14 21:01:23.034000,f8:a2:fd:ea:fb:80, -0.21, 1.084, -0.615, 121.643, -31.982, -61.279, 126.491, 24.137, -135.676, -26.220, -39.667, 54.093, 31.07, -0.06848, -0.4039, 0.74487, 0.52652
2025-06-14 21:01:23.124000,f8:a2:fd:ea:fb:80, -0.229, 0.52, 0.023, -10.925, -14.526, 0.427, 131.594, 25.675, -134.951, -26.220, -39.667, 54.093, 31.07, -0.06848, -0.4039, 0.74487, 0.52652
2025-06-14 21:01:23.244000,f8:a2:fd:ea:fb:80, -0.325, 0.587, -0.036, -163.391, 14.16, 55.054, 119.921, 22.165, -136.994, -15.033, -25.347, 62.127, 31.07, -0.06769, -0.36169, 0.72086, 0.58725
2025-06-14 21:01:23.363000,f8:a2:fd:ea:fb:80, -0.452, 1.05, -0.681, -201.66, -36.987, 88.379, 98.882, 16.035, -143.619, -15.033, -25.347, 62.127, 31.07, -0.06769, -0.36169, 0.72086, 0.58725
2025-06-14 21:01:23.423000,f8:a2:fd:ea:fb:80, -0.223, 1.013, -1.019, -112.244, -0.183, 46.631, 83.172, 9.739, -142.449, -23.227, -54.813, 43.053, 31.07, -0.06769, -0.36169, 0.72086, 0.58725
2025-06-14 21:01:23.513000,f8:a2:fd:ea:fb:80, -0.067, 1.555, 0.512, 43.457, 32.898, -13.123, 86.017, 10.607, -139.131, -23.227, -54.813, 43.053, 31.07, -0.20419, -0.32303, 0.61218, 0.69217
2025-06-14 21:01:23.635000,f8:a2:fd:ea:fb:80, -0.149, 1.004, -0.141, 42.114, 23.376, 5.249, 92.17, 12.003, -132.413, -23.227, -54.813, 43.053, 31.07, -0.20419, -0.32303, 0.61218, 0.69217
2025-06-14 21:01:23.726000,f8:a2:fd:ea:fb:80, -0.183, 1.002, -0.132, 46.509, 6.348, 0.488, 97.46, 11.596, -129.293, -31.320, -49.227, 45.780, 31.07, -0.20419, -0.32303, 0.61218, 0.69217
2025-06-14 21:01:23.874000,f8:a2:fd:ea:fb:80, -0.178, 0.983, -0.246, 20.203, -0.671, -3.723, 100.635, 11.843, -129.155, -31.320, -49.227, 45.780, 31.07, -0.20139, -0.38791, 0.66251, 0.60825
2025-06-14 21:01:23.995000,f8:a2:fd:ea:fb:80, -0.152, 0.928, -0.265, 16.602, 2.38, -6.47, 102.552, 12.145, -129.474, -31.320, -49.227, 45.780, 31.07, -0.20139, -0.38791, 0.66251, 0.60825
2025-06-14 21:01:24.025000,f8:a2:fd:ea:fb:80, -0.25, 0.941, -0.25, 29.541, 5.188, -11.719, 104.562, 12.629, -129.298, -31.493, -44.040, 49.267, 31.07, -0.20139, -0.38791, 0.66251, 0.60825
2025-06-14 21:01:24.114000,f8:a2:fd:ea:fb:80, -0.359, 1.058, -0.166, 78.186, -21.362, -18.738, 109.232, 13.931, -129.661, -31.493, -44.040, 49.267, 31.07, -0.14456, -0.40924, 0.70966, 0.55487
2025-06-14 21:01:24.264000,f8:a2:fd:ea:fb:80, -0.168, 1.421, -0.019, 155.762, -81.909, -46.509, 118.922, 18.583, -133.083, -31.493, -44.040, 49.267, 31.07, -0.14456, -0.40924, 0.70966, 0.55487
2025-06-14 21:01:24.354000,f8:a2:fd:ea:fb:80, -0.213, 0.819, -0.385, 89.539, -0.122, -32.349, 130.594, 24.78, -135.434, -16.173, -22.120, 62.353, 31.07, -0.14456, -0.40924, 0.70966, 0.55487
2025-06-14 21:01:24.444000,f8:a2:fd:ea:fb:80, -0.5, 0.375, 0.06, -77.515, 13.55, 19.104, 130.018, 24.637, -137.071, -16.173, -22.120, 62.353, 31.07, -0.00809, -0.39761, 0.77194, 0.49582
2025-06-14 21:01:24.565000,f8:a2:fd:ea:fb:80, -0.437, 0.706, -0.174, -190.186, -34.607, 68.176, 113.478, 19.698, -139.763, -16.173, -22.120, 62.353, 31.07, -0.00809, -0.39761, 0.77194, 0.49582
2025-06-14 21:01:24.655000,f8:a2:fd:ea:fb:80, -0.419, 1.087, -0.735, -196.35, 10.62, 74.585, 92.538, 13.7, -145.673, -20.593, -53.887, 46.140, 31.07, -0.00809, -0.39761, 0.77194, 0.49582
2025-06-14 21:01:24.744000,f8:a2:fd:ea:fb:80, -0.349, 0.806, -1.093, -28.076, -12.512, 17.639, 82.117, 9.948, -144.069, -20.593, -53.887, 46.140, 31.07, -0.17712, -0.2785, 0.60919, 0.72098
2025-06-14 21:01:24.864000,f8:a2:fd:ea:fb:80, -0.14, 0.916, -0.449, 24.841, 75.195, -11.658, 87.292, 12.14, -138.521, -20.593, -53.887, 46.140, 31.07, -0.17712, -0.2785, 0.60919, 0.72098
2025-06-14 21:01:24.956000,f8:a2:fd:ea:fb:80, -0.092, 0.982, -0.094, 32.41, 28.809, 7.141, 92.23, 12.156, -134.857, -28.307, -51.700, 46.300, 31.07, -0.17712, -0.2785, 0.60919, 0.72098
2025-06-14 21:01:25.049000,f8:a2:fd:ea:fb:80, -0.127, 1.013, -0.183, 29.48, 12.512, -0.366, 96.526, 11.635, -132.479, -28.307, -51.700, 46.300, 31.07, -0.19681, -0.36212, 0.65442, 0.63382
2025-06-14 21:01:25.165000,f8:a2:fd:ea:fb:80, -0.119, 0.965, -0.199, 15.625, -5.371, -1.099, 98.751, 11.717, -132.924, -28.307, -51.700, 46.300, 31.07, -0.19681, -0.36212, 0.65442, 0.63382
2025-06-14 21:01:25.254000,f8:a2:fd:ea:fb:80, -0.177, 0.944, -0.208, 28.809, -0.183, -8.545, 100.854, 12.09, -133.478, -28.807, -44.260, 51.833, 31.07, -0.19681, -0.36212, 0.65442, 0.63382
2025-06-14 21:01:25.345000,f8:a2:fd:ea:fb:80, -0.208, 0.989, -0.27, 44.678, 11.292, -15.564, 104.667, 12.925, -132.841, -28.807, -44.260, 51.833, 31.07, -0.15222, -0.38498, 0.70129, 0.58026
2025-06-14 21:01:25.464000,f8:a2:fd:ea:fb:80, -0.287, 1.107, -0.269, 72.632, -17.212, -28.809, 110.413, 14.947, -132.693, -28.807, -44.260, 51.833, 31.07, -0.15222, -0.38498, 0.70129, 0.58026
2025-06-14 21:01:25.614000,f8:a2:fd:ea:fb:80, -0.292, 1.317, -0.043, 143.738, -76.416, -53.162, 120.108, 20.912, -136.631, -18.013, -27.820, 60.633, 31.07, -0.15222, -0.38498, 0.70129, 0.58026
2025-06-14 21:01:25.644000,f8:a2:fd:ea:fb:80, -0.169, 0.762, -0.336, 79.712, 31.372, -40.649, 131.028, 25.263, -134.808, -18.013, -27.820, 60.633, 31.07, 0.0311, -0.42563, 0.7865, 0.44626
2025-06-14 21:01:25.766000,f8:a2:fd:ea:fb:80, -0.468, 0.458, -0.05, -102.539, -13.245, 40.222, 127.908, 25.148, -137.95, -18.013, -27.820, 60.633, 31.07, 0.0311, -0.42563, 0.7865, 0.44626
2025-06-14 21:01:25.885000,f8:a2:fd:ea:fb:80, -0.479, 0.833, -0.302, -188.782, -36.438, 82.886, 109.479, 19.688, -144.168, -15.667, -46.000, 55.780, 31.07, 0.0311, -0.42563, 0.7865, 0.44626
2025-06-14 21:01:25.975000,f8:a2:fd:ea:fb:80, -0.492, 1.122, -0.823, -179.321, 2.93, 57.312, 89.374, 13.052, -145.816, -15.667, -46.000, 55.780, 31.07, -0.15698, -0.26767, 0.61395, 0.72571
2025-06-14 21:01:26.065000,f8:a2:fd:ea:fb:80, -0.257, 0.707, -1.056, 15.076, 24.231, 3.662, 82.354, 10.316, -144.355, -15.667, -46.000, 55.780, 31.07, -0.15698, -0.26767, 0.61395, 0.72571
2025-06-14 21:01:26.155000,f8:a2:fd:ea:fb:80, -0.112, 0.979, -0.288, 34.546, 62.073, -6.775, 88.445, 12.942, -136.28, -26.527, -55.073, 44.280, 31.07, -0.15698, -0.26767, 0.61395, 0.72571
2025-06-14 21:01:26.244000,f8:a2:fd:ea:fb:80, -0.232, 1.055, -0.142, 30.273, 65.369, -0.488, 93.774, 12.914, -131.808, -26.527, -55.073, 44.280, 31.07, -0.2081, -0.37909, 0.63422, 0.64081
2025-06-14 21:01:26.365000,f8:a2:fd:ea:fb:80, -0.154, 0.984, -0.183, 17.822, 16.052, -3.296, 97.559, 12.81, -128.589, -26.527, -55.073, 44.280, 31.07, -0.2081, -0.37909, 0.63422, 0.64081
2025-06-14 21:01:26.457000,f8:a2:fd:ea:fb:80, -0.143, 0.956, -0.167, 20.264, 2.014, -3.723, 99.465, 12.799, -128.447, -30.627, -49.213, 47.120, 31.07, -0.2081, -0.37909, 0.63422, 0.64081
2025-06-14 21:01:26.545000,f8:a2:fd:ea:fb:80, -0.18, 0.967, -0.2, 25.757, 11.169, -8.484, 101.794, 13.008, -127.815, -30.627, -49.213, 47.120, 31.07, -0.19626, -0.40381, 0.66153, 0.60059
2025-06-14 21:01:26.664000,f8:a2:fd:ea:fb:80, -0.371, 1.047, -0.216, 57.251, 29.358, -27.832, 105.947, 14.134, -125.508, -30.627, -49.213, 47.120, 31.07, -0.19626, -0.40381, 0.66153, 0.60059
2025-06-14 21:01:26.756000,f8:a2:fd:ea:fb:80, -0.137, 1.582, 0.055, 151.55, -30.762, -36.56, 115.812, 17.199, -126.002, -26.420, -36.260, 54.307, 31.07, -0.19626, -0.40381, 0.66153, 0.60059
2025-06-14 21:01:26.844000,f8:a2:fd:ea:fb:80, -0.169, 0.941, -0.498, 106.445, -6.042, -38.269, 127.776, 23.961, -131.462, -26.420, -36.260, 54.307, 31.07, -0.00699, -0.44427, 0.76315, 0.46909
2025-06-14 21:01:26.965000,f8:a2:fd:ea:fb:80, -0.496, 0.439, 0.08, -36.987, -6.714, 23.56, 129.232, 24.527, -133.764, -26.420, -36.260, 54.307, 31.07, -0.00699, -0.44427, 0.76315, 0.46909
2025-06-14 21:01:27.055000,f8:a2:fd:ea:fb:80, -0.416, 0.664, -0.076, -175.354, -21.118, 62.378, 114.5, 19.99, -136.978, -18.180, -37.987, 58.607, 31.07, -0.00699, -0.44427, 0.76315, 0.46909
2025-06-14 21:01:27.145000,f8:a2:fd:ea:fb:80, -0.389, 1.096, -0.665, -196.289, -31.677, 81.177, 93.252, 14.848, -145.789, -18.180, -37.987, 58.607, 31.07, -0.1105, -0.29678, 0.66278, 0.67847
2025-06-14 21:01:27.264000,f8:a2:fd:ea:fb:80, -0.992, 0.851, -1.202, -42.175, -27.771, 24.475, 81.969, 10.909, -145.168, -18.180, -37.987, 58.607, 31.07, -0.1105, -0.29678, 0.66278, 0.67847
2025-06-14 21:01:27.357000,f8:a2:fd:ea:fb:80, -0.134, 1.181, 0.227, 51.086, 63.904, -28.076, 88.138, 12.662, -140.411, -23.653, -55.600, 46.213, 31.07, -0.1105, -0.29678, 0.66278, 0.67847
2025-06-14 21:01:27.475000,f8:a2:fd:ea:fb:80, -0.064, 0.992, -0.169, 49.438, -16.907, 16.113, 93.966, 12.667, -137.093, -23.653, -55.600, 46.213, 31.07, -0.17358, -0.33612, 0.64697, 0.66199
2025-06-14 21:01:27.566000,f8:a2:fd:ea:fb:80, -0.132, 1.015, -0.164, 27.1, 21.24, -5.554, 98.229, 12.184, -133.94, -23.653, -55.600, 46.213, 31.07, -0.17358, -0.33612, 0.64697, 0.66199
2025-06-14 21:01:27.655000,f8:a2:fd:ea:fb:80, -0.189, 0.985, -0.19, 17.578, 7.385, -5.066, 100.217, 12.25, -133.182, -28.480, -48.127, 50.993, 31.07, -0.17358, -0.33612, 0.64697, 0.66199
2025-06-14 21:01:27.750000,f8:a2:fd:ea:fb:80, -0.148, 0.979, -0.233, 19.775, 3.418, -9.216, 102.266, 12.612, -132.49, -28.480, -48.127, 50.993, 31.07, -0.17337, -0.37445, 0.68011, 0.60583
2025-06-14 21:01:27.865000,f8:a2:fd:ea:fb:80, -0.315, 0.982, -0.203, 43.945, 2.563, -21.24, 104.98, 13.59, -131.962, -28.480, -48.127, 50.993, 31.07, -0.17337, -0.37445, 0.68011, 0.60583
2025-06-14 21:01:27.956000,f8:a2:fd:ea:fb:80, -0.102, 1.42, -0.123, 111.389, -21.362, -42.053, 111.973, 16.276, -132.198, -24.087, -36.660, 56.060, 31.07, -0.17337, -0.37445, 0.68011, 0.60583
2025-06-14 21:01:28.074000,f8:a2:fd:ea:fb:80, -0.138, 1.129, -0.924, 150.757, -78.308, -61.768, 123.816, 23.621, -136.219, -24.087, -36.660, 56.060, 31.07, -0.01074, -0.41147, 0.76318, 0.49805
2025-06-14 21:01:28.165000,f8:a2:fd:ea:fb:80, -0.111, 0.588, 0.011, 26.55, -30.09, -1.892, 132.198, 26.526, -135.835, -24.087, -36.660, 56.060, 31.07, -0.01074, -0.41147, 0.76318, 0.49805
2025-06-14 21:01:28.345000,f8:a2:fd:ea:fb:80, -0.445, 1.013, -0.563, -203.247, -44.983, 76.233, 104.134, 16.826, -141.976, -14.727, -28.413, 62.293, 31.07, -0.01074, -0.41147, 0.76318, 0.49805
2025-06-14 21:01:28.345000,f8:a2:fd:ea:fb:80, -0.302, 0.514, -0.197, -141.968, 37.72, 53.223, 124.118, 23.472, -138.257, -14.727, -28.413, 62.293, 31.07, -0.01074, -0.41147, 0.76318, 0.49805
2025-06-14 21:01:28.496000,f8:a2:fd:ea:fb:80, -0.478, 1.098, -0.855, -140.747, -6.897, 45.471, 85.677, 11.124, -141.4, -14.727, -28.413, 62.293, 31.07, -0.18506, -0.28757, 0.60815, 0.71631
2025-06-14 21:01:28.585000,f8:a2:fd:ea:fb:80, -0.101, 0.673, -0.582, 45.41, -1.343, -5.188, 84.589, 10.19, -141.18, -14.727, -28.413, 62.293, 31.07, -0.18506, -0.28757, 0.60815, 0.71631
2025-06-14 21:01:28.676000,f8:a2:fd:ea:fb:80, -0.132, 0.863, -0.306, 57.068, 12.39, -0.244, 90.753, 12.579, -132.918, -27.273, -53.727, 43.627, 31.07, -0.18506, -0.28757, 0.60815, 0.71631
2025-06-14 21:01:28.795000,f8:a2:fd:ea:fb:80, -0.268, 1.045, -0.097, 42.664, 27.161, -1.038, 96.081, 12.079, -130.188, -27.273, -53.727, 43.627, 31.07, -0.20828, -0.38492, 0.64798, 0.62326
2025-06-14 21:01:28.885000,f8:a2:fd:ea:fb:80, -0.166, 1.003, -0.232, 17.09, 8.911, -6.653, 99.888, 12.321, -128.15, -27.273, -53.727, 43.627, 31.07, -0.20828, -0.38492, 0.64798, 0.62326
2025-06-14 21:01:28.975000,f8:a2:fd:ea:fb:80, -0.183, 0.926, -0.228, 4.15, -4.883, -2.136, 100.909, 12.513, -128.452, -31.127, -47.287, 48.247, 31.07, -0.20828, -0.38492, 0.64798, 0.62326
2025-06-14 21:01:29.095000,f8:a2:fd:ea:fb:80, -0.113, 0.973, -0.195, 19.226, -1.465, -6.409, 102.063, 12.788, -128.771, -31.127, -47.287, 48.247, 31.07, -0.18808, -0.39969, 0.66998, 0.59656
2025-06-14 21:01:29.185000,f8:a2:fd:ea:fb:80, -0.365, 0.99, -0.206, 43.518, -3.113, -17.029, 105.128, 13.711, -128.771, -31.127, -47.287, 48.247, 31.07, -0.18808, -0.39969, 0.66998, 0.59656
2025-06-14 21:01:29.306000,f8:a2:fd:ea:fb:80, -0.219, 1.449, -0.05, 115.784, -44.495, -41.748, 112.401, 16.853, -130.193, -23.540, -36.060, 56.660, 31.07, -0.18808, -0.39969, 0.66998, 0.59656
2025-06-14 21:01:29.424000,f8:a2:fd:ea:fb:80, -0.151, 1.103, -0.633, 112.488, 20.142, -54.81, 123.305, 24.62, -136.906, -23.540, -36.060, 56.660, 31.07, 0.02914, -0.41144, 0.77676, 0.47583
2025-06-14 21:01:29.515000,f8:a2:fd:ea:fb:80, -0.359, 0.611, -0.072, -41.138, -1.648, 25.757, 126.2, 25.889, -138.928, -23.540, -36.060, 56.660, 31.07, 0.02914, -0.41144, 0.77676, 0.47583
2025-06-14 21:01:29.576000,f8:a2:fd:ea:fb:80, -0.333, 0.722, -0.226, -134.216, -32.654, 52.795, 114.697, 21.654, -141.372, -14.327, -38.747, 60.113, 31.07, 0.02914, -0.41144, 0.77676, 0.47583
2025-06-14 21:01:29.696000,f8:a2:fd:ea:fb:80, -0.377, 0.927, -0.555, -165.649, 6.104, 63.904, 97.905, 16.633, -145.931, -14.327, -38.747, 60.113, 31.07, -0.11246, -0.29886, 0.66232, 0.6777
2025-06-14 21:01:29.785000,f8:a2:fd:ea:fb:80, -0.088, 0.935, -0.836, -96.008, 14.465, 29.175, 84.842, 12.173, -142.493, -14.327, -38.747, 60.113, 31.07, -0.11246, -0.29886, 0.66232, 0.6777
2025-06-14 21:01:29.875000,f8:a2:fd:ea:fb:80, -0.038, 1.458, 0.212, 58.472, -44.739, 9.583, 84.781, 12.151, -139.323, -25.247, -56.053, 43.300, 31.07, -0.11246, -0.29886, 0.66232, 0.6777
2025-06-14 21:01:29.994000,f8:a2:fd:ea:fb:80, -0.213, 0.9, -0.085, 38.391, 34.302, 6.165, 90.956, 13.436, -133.061, -25.247, -56.053, 43.300, 31.07, -0.20566, -0.36615, 0.62128, 0.66147
2025-06-14 21:01:30.114000,f8:a2:fd:ea:fb:80, -0.178, 1.004, -0.05, 29.358, 43.823, 6.47, 95.581, 12.552, -129.078, -25.247, -56.053, 43.300, 31.07, -0.20566, -0.36615, 0.62128, 0.66147
2025-06-14 21:01:30.175000,f8:a2:fd:ea:fb:80, -0.103, 0.986, -0.2, 23.804, -4.028, -2.625, 98.893, 12.178, -128.068, -30.367, -48.640, 46.893, 31.07, -0.20566, -0.36615, 0.62128, 0.66147
2025-06-14 21:01:30.296000,f8:a2:fd:ea:fb:80, -0.163, 0.997, -0.19, 20.386, -8.423, -3.357, 100.563, 12.343, -129.265, -30.367, -48.640, 46.893, 31.07, -0.19406, -0.38968, 0.66458, 0.60721
2025-06-14 21:01:30.385000,f8:a2:fd:ea:fb:80, -0.152, 0.963, -0.247, 25.146, 9.705, -8.118, 102.898, 12.75, -129.529, -30.367, -48.640, 46.893, 31.07, -0.19406, -0.38968, 0.66458, 0.60721
2025-06-14 21:01:30.474000,f8:a2:fd:ea:fb:80, -0.328, 1.018, -0.225, 44.128, 2.686, -15.625, 106.238, 13.387, -128.771, -26.753, -38.800, 50.173, 31.07, -0.19406, -0.38968, 0.66458, 0.60721
2025-06-14 21:01:30.599000,f8:a2:fd:ea:fb:80, -0.158, 1.426, -0.127, 112.793, -31.677, -34.973, 113.571, 15.903, -130.15, -26.753, -38.800, 50.173, 31.07, -0.09973, -0.42093, 0.73132, 0.52719
2025-06-14 21:01:30.685000,f8:a2:fd:ea:fb:80, -0.142, 1.146, -0.814, 137.573, -22.705, -75.012, 125.991, 23.527, -133.033, -26.753, -38.800, 50.173, 31.07, -0.09973, -0.42093, 0.73132, 0.52719
2025-06-14 21:01:30.775000,f8:a2:fd:ea:fb:80, -0.229, 0.58, -0.202, 17.456, -13.428, -10.132, 133.314, 27.158, -132.594, -14.180, -23.307, 60.573, 31.07, -0.09973, -0.42093, 0.73132, 0.52719
2025-06-14 21:01:30.926000,f8:a2:fd:ea:fb:80, -0.479, 0.5, -0.15, -117.188, -18.494, 49.5, 123.398, 25.955, -137.862, -14.180, -23.307, 60.573, 31.07, 0.02115, -0.41016, 0.76401, 0.49753
2025-06-14 21:01:30.986000,f8:a2:fd:ea:fb:80, -0.425, 0.828, -0.299, -189.026, -17.456, 92.834, 104.156, 19.352, -144.937, -14.180, -23.307, 60.573, 31.07, 0.02115, -0.41016, 0.76401, 0.49753
2025-06-14 21:01:31.075000,f8:a2:fd:ea:fb:80, -0.394, 1.111, -0.606, -181.885, 14.404, 72.632, 85.864, 11.42, -144.624, -18.660, -51.527, 49.807, 31.07, 0.02115, -0.41016, 0.76401, 0.49753
2025-06-14 21:01:31.196000,f8:a2:fd:ea:fb:80, -0.745, 0.824, -0.976, 3.906, -13, 18.616, 79.53, 8.795, -143.866, -18.660, -51.527, 49.807, 31.07, -0.18643, -0.25488, 0.58725, 0.74518
2025-06-14 21:01:31.284000,f8:a2:fd:ea:fb:80, -0.151, 0.916, -0.386, 29.236, 113.281, -18.738, 85.974, 11.552, -135.61, -18.660, -51.527, 49.807, 31.07, -0.18643, -0.25488, 0.58725, 0.74518
2025-06-14 21:01:31.376000,f8:a2:fd:ea:fb:80, -0.173, 1.021, -0.069, 42.969, 33.447, 7.324, 92.203, 11.81, -130.287, -29.840, -54.033, 42.233, 31.07, -0.18643, -0.25488, 0.58725, 0.74518
2025-06-14 21:01:31.496000,f8:a2:fd:ea:fb:80, -0.123, 1.011, -0.179, 38.452, 13.611, -5.188, 97.07, 11.393, -128.611, -29.840, -54.033, 42.233, 31.07, -0.21967, -0.3812, 0.64127, 0.62857
2025-06-14 21:01:31.586000,f8:a2:fd:ea:fb:80, -0.181, 1.012, -0.211, 33.569, -3.845, -5.615, 100.459, 11.728, -128.963, -29.840, -54.033, 42.233, 31.07, -0.21967, -0.3812, 0.64127, 0.62857
2025-06-14 21:01:31.676000,f8:a2:fd:ea:fb:80, -0.174, 0.976, -0.266, 30.09, -0.671, -7.69, 103.634, 12.233, -128.881, -30.133, -45.820, 49.007, 31.07, -0.21967, -0.3812, 0.64127, 0.62857
2025-06-14 21:01:31.826000,f8:a2:fd:ea:fb:80, -0.26, 0.998, -0.267, 36.804, 3.479, -14.404, 106.743, 12.975, -128.688, -30.133, -45.820, 49.007, 31.07, -0.17737, -0.40396, 0.68762, 0.57657
2025-06-14 21:01:31.885000,f8:a2:fd:ea:fb:80, -0.11, 1.086, -0.278, 80.566, -28.992, -23.682, 112.214, 14.832, -129.556, -30.133, -45.820, 49.007, 31.07, -0.17737, -0.40396, 0.68762, 0.57657
2025-06-14 21:01:31.975000,f8:a2:fd:ea:fb:80, -0.189, 1.28, -0.38, 135.132, -36.499, -53.101, 121.668, 21.281, -135.093, -21.647, -31.687, 56.580, 31.07, 0.00604, -0.42313, 0.77805, 0.46414
2025-06-14 21:01:32.096000,f8:a2:fd:ea:fb:80, -0.136, 0.721, -0.367, 72.998, -16.602, -22.339, 132.435, 24.609, -134.154, -21.647, -31.687, 56.580, 31.07, 0.00604, -0.42313, 0.77805, 0.46414
2025-06-14 21:01:32.216000,f8:a2:fd:ea:fb:80, -0.531, 0.423, -0.024, -99.304, 6.042, 34.973, 128.54, 23.725, -137.28, -21.647, -31.687, 56.580, 31.07, 0.00604, -0.42313, 0.77805, 0.46414
2025-06-14 21:01:32.277000,f8:a2:fd:ea:fb:80, -0.458, 0.75, -0.216, -206.055, -35.522, 69.702, 109.484, 18.226, -141.548, -16.193, -28.867, 60.753, 31.07, 0.00604, -0.42313, 0.77805, 0.46414
2025-06-14 21:01:32.395000,f8:a2:fd:ea:fb:80, -0.368, 1.181, -0.749, -206.665, 15.808, 58.777, 87.594, 12.645, -144.289, -16.193, -28.867, 60.753, 31.07, -0.13284, -0.29193, 0.64664, 0.69202
2025-06-14 21:01:32.490000,f8:a2:fd:ea:fb:80, -0.196, 0.836, -1.111, -1.953, 13.062, 9.583, 79.448, 10.453, -142.883, -16.193, -28.867, 60.753, 31.07, -0.13284, -0.29193, 0.64664, 0.69202
2025-06-14 21:01:32.577000,f8:a2:fd:ea:fb:80, -0.168, 1.008, -0.605, 46.387, 76.904, -4.456, 86.748, 13.282, -134.797, -25.547, -58.527, 39.453, 31.07, -0.13284, -0.29193, 0.64664, 0.69202
2025-06-14 21:01:32.697000,f8:a2:fd:ea:fb:80, -0.092, 0.974, -0.065, 37.842, 40.283, 8.667, 92.961, 13.211, -129.282, -25.547, -58.527, 39.453, 31.07, -0.21884, -0.38263, 0.61862, 0.6503
2025-06-14 21:01:32.815000,f8:a2:fd:ea:fb:80, -0.138, 1.019, -0.146, 29.114, 11.841, 0.427, 96.85, 12.524, -127.469, -25.547, -58.527, 39.453, 31.04, -0.21884, -0.38263, 0.61862, 0.6503
2025-06-14 21:01:32.975000,f8:a2:fd:ea:fb:80, -0.174, 0.986, -0.18, 16.052, -10.925, -1.282, 98.954, 12.607, -127.76, -25.547, -58.527, 39.453, 31.04, -0.21884, -0.38263, 0.61862, 0.6503
2025-06-14 21:01:33.027000,f8:a2:fd:ea:fb:80, -0.151, 0.921, -0.203, 27.588, -0.549, -6.714, 101.008, 12.909, -128.518, -29.540, -48.407, 47.667, 31.04, -0.21884, -0.38263, 0.61862, 0.6503
2025-06-14 21:01:33.116000,f8:a2:fd:ea:fb:80, -0.245, 1, -0.257, 44.434, 6.531, -12.756, 104.826, 13.612, -128.436, -29.540, -48.407, 47.667, 31.04, -0.173, -0.41003, 0.68237, 0.57983
2025-06-14 21:01:33.206000,f8:a2:fd:ea:fb:80, -0.302, 1.281, -0.178, 87.83, -27.588, -26.55, 110.407, 15.315, -129.507, -29.540, -48.407, 47.667, 31.04, -0.173, -0.41003, 0.68237, 0.57983
2025-06-14 21:01:33.326000,f8:a2:fd:ea:fb:80, -0.056, 1.124, -0.421, 151.855, -112.915, -46.753, 120.756, 20.989, -134.149, -18.307, -30.340, 59.327, 31.04, 0.03372, -0.41824, 0.78668, 0.45273
2025-06-14 21:01:33.416000,f8:a2:fd:ea:fb:80, -0.062, 0.656, -0.326, 55.664, -16.052, -6.958, 130.853, 25.62, -136.016, -18.307, -30.340, 59.327, 31.04, 0.03372, -0.41824, 0.78668, 0.45273
2025-06-14 21:01:33.507000,f8:a2:fd:ea:fb:80, -0.292, 0.507, -0.041, -115.967, 31.067, 44.8, 126.42, 23.857, -139.515, -18.307, -30.340, 59.327, 31.04, 0.03372, -0.41824, 0.78668, 0.45273
2025-06-14 21:01:33.626000,f8:a2:fd:ea:fb:80, -0.501, 0.988, -0.408, -180.603, -86.67, 73.608, 108.369, 17.644, -142.883, -17.120, -39.900, 58.633, 31.04, -0.13623, -0.26807, 0.65372, 0.69437
2025-06-14 21:01:33.717000,f8:a2:fd:ea:fb:80, -0.417, 1.12, -0.791, -168.823, 34.607, 61.646, 89.176, 10.92, -146.376, -17.120, -39.900, 58.633, 31.04, -0.13623, -0.26807, 0.65372, 0.69437
2025-06-14 21:01:33.806000,f8:a2:fd:ea:fb:80, -0.291, 0.698, -0.878, 10.01, 0.977, 3.845, 83.068, 9.404, -143.317, -17.120, -39.900, 58.633, 31.04, -0.13623, -0.26807, 0.65372, 0.69437
2025-06-14 21:01:33.927000,f8:a2:fd:ea:fb:80, -0.144, 1.002, -0.245, 36.56, 47.424, -12.146, 88.616, 11.464, -138.043, -26.720, -53.673, 45.040, 31.04, -0.13623, -0.26807, 0.65372, 0.69437
2025-06-14 21:01:34.017000,f8:a2:fd:ea:fb:80, -0.183, 1.041, -0.073, 20.569, 14.648, 5.371, 92.428, 11.541, -136.055, -26.720, -53.673, 45.040, 31.04, -0.19202, -0.3364, 0.64206, 0.66153
2025-06-14 21:01:34.107000,f8:a2:fd:ea:fb:80, -0.078, 0.997, -0.092, 17.09, 17.273, -5.066, 95.004, 11.486, -134.006, -26.720, -53.673, 45.040, 31.04, -0.19202, -0.3364, 0.64206, 0.66153
2025-06-14 21:01:34.227000,f8:a2:fd:ea:fb:80, -0.162, 0.988, -0.109, 13.245, -3.784, -1.709, 96.487, 11.574, -133.72, -29.220, -48.713, 47.793, 31.04, -0.18597, -0.35486, 0.66333, 0.63196
2025-06-14 21:01:34.316000,f8:a2:fd:ea:fb:80, -0.131, 0.987, -0.101, 18.127, 4.395, -6.287, 97.927, 11.673, -133.857, -29.220, -48.713, 47.793, 31.04, -0.18597, -0.35486, 0.66333, 0.63196
2025-06-14 21:01:34.407000,f8:a2:fd:ea:fb:80, -0.248, 0.961, -0.152, 52.979, 8.362, -21.362, 101.613, 12.722, -133.363, -29.220, -48.713, 47.793, 31.04, -0.18597, -0.35486, 0.66333, 0.63196
2025-06-14 21:01:34.557000,f8:a2:fd:ea:fb:80, -0.283, 1.353, -0.165, 106.567, -15.869, -40.527, 109.495, 15.612, -133.209, -24.833, -37.627, 53.413, 31.04, -0.18597, -0.35486, 0.66333, 0.63196
2025-06-14 21:01:34.616000,f8:a2:fd:ea:fb:80, -0.144, 1.299, -0.215, 147.4, -59.082, -67.932, 121.866, 22.418, -136.626, -24.833, -37.627, 53.413, 31.04, -0.00345, -0.40848, 0.7666, 0.4953
2025-06-14 21:01:34.707000,f8:a2:fd:ea:fb:80, -0.159, 0.487, -0.446, 49.866, 12.939, -27.71, 130.941, 25.823, -135.104, -24.833, -37.627, 53.413, 31.04, -0.00345, -0.40848, 0.7666, 0.4953
2025-06-14 21:01:34.856000,f8:a2:fd:ea:fb:80, -0.568, 0.42, -0.043, -99.487, -1.892, 31.555, 124.585, 24.829, -138.224, -14.700, -30.267, 60.393, 31.04, -0.00345, -0.40848, 0.7666, 0.4953
2025-06-14 21:01:34.916000,f8:a2:fd:ea:fb:80, -0.432, 0.797, -0.198, -184.998, -41.016, 83.557, 105.897, 18.918, -144.163, -14.700, -30.267, 60.393, 31.04, -0.06573, -0.32199, 0.70764, 0.62543
2025-06-14 21:01:35.006000,f8:a2:fd:ea:fb:80, -0.495, 1.1, -0.819, -147.766, 22.278, 51.819, 87.336, 12.519, -146.519, -14.700, -30.267, 60.393, 31.04, -0.06573, -0.32199, 0.70764, 0.62543
2025-06-14 21:01:35.127000,f8:a2:fd:ea:fb:80, -0.082, 0.775, -0.612, 56.213, 9.338, -4.028, 83.837, 10.975, -143.646, -24.113, -55.687, 45.120, 31.04, -0.06573, -0.32199, 0.70764, 0.62543
2025-06-14 21:01:35.216000,f8:a2:fd:ea:fb:80, -0.144, 0.938, -0.069, 44.617, 18.188, -1.831, 90.192, 12.859, -136.45, -24.113, -55.687, 45.120, 31.04, -0.18604, -0.33734, 0.62671, 0.67731
2025-06-14 21:01:35.336000,f8:a2:fd:ea:fb:80, -0.205, 1.016, -0.079, 32.227, 51.208, -2.38, 95.488, 12.508, -132.495, -24.113, -55.687, 45.120, 31.04, -0.18604, -0.33734, 0.62671, 0.67731
2025-06-14 21:01:35.426000,f8:a2:fd:ea:fb:80, -0.204, 0.967, -0.205, 17.944, 3.235, -3.479, 98.866, 12.475, -130.342, -24.113, -55.687, 45.120, 31.04, -0.18604, -0.33734, 0.62671, 0.67731
2025-06-14 21:01:35.516000,f8:a2:fd:ea:fb:80, -0.176, 0.938, -0.201, 16.052, -3.601, -2.441, 100.432, 12.585, -130.71, -29.987, -48.973, 47.153, 31.04, -0.18179, -0.38486, 0.67188, 0.60605
2025-06-14 21:01:35.606000,f8:a2:fd:ea:fb:80, -0.233, 0.951, -0.196, 31.616, 3.601, -11.353, 102.629, 13.03, -130.726, -29.987, -48.973, 47.153, 31.04, -0.18179, -0.38486, 0.67188, 0.60605
2025-06-14 21:01:35.727000,f8:a2:fd:ea:fb:80, -0.279, 1.045, -0.218, 75.928, 6.348, -26.184, 107.996, 14.403, -129.825, -29.987, -48.973, 47.153, 31.04, -0.18179, -0.38486, 0.67188, 0.60605
2025-06-14 21:01:35.818000,f8:a2:fd:ea:fb:80, -0.066, 1.703, 0.101, 150.696, -60.364, -47.18, 117.532, 18.155, -131.451, -21.867, -31.373, 55.433, 31.04, -0.18179, -0.38486, 0.67188, 0.60605
2025-06-14 21:01:35.907000,f8:a2:fd:ea:fb:80, -0.091, 0.951, -0.598, 112.366, -20.264, -49.438, 129.803, 25.384, -133.896, -21.867, -31.373, 55.433, 31.04, 0.02106, -0.43164, 0.7764, 0.45865
2025-06-14 21:01:36.027000,f8:a2:fd:ea:fb:80, -0.229, 0.412, -0.01, -28.259, -19.714, 23.315, 131.924, 25.851, -134.907, -21.867, -31.373, 55.433, 31.04, 0.02106, -0.43164, 0.7764, 0.45865
2025-06-14 21:01:36.146000,f8:a2:fd:ea:fb:80, -0.411, 0.619, -0.047, -158.142, -8.728, 86.121, 118.4, 21.511, -140.29, -16.020, -31.500, 60.320, 31.04, 0.02106, -0.43164, 0.7764, 0.45865
2025-06-14 21:01:36.206000,f8:a2:fd:ea:fb:80, -0.465, 1.065, -0.699, -197.266, -28.564, 86.731, 98.102, 14.139, -147.206, -16.020, -31.500, 60.320, 31.04, -0.11633, -0.27322, 0.67371, 0.67661
2025-06-14 21:01:36.327000,f8:a2:fd:ea:fb:80, -0.63, 0.945, -1.111, -88.623, 8.484, 31.921, 84.144, 9.454, -144.415, -16.020, -31.500, 60.320, 31.04, -0.11633, -0.27322, 0.67371, 0.67661
2025-06-14 21:01:36.417000,f8:a2:fd:ea:fb:80, -0.124, 1.595, 0.665, 18.86, 72.51, -17.7, 86.781, 10.629, -139.658, -27.467, -53.173, 44.853, 31.04, -0.11633, -0.27322, 0.67371, 0.67661
2025-06-14 21:01:36.537000,f8:a2:fd:ea:fb:80, -0.169, 0.983, -0.135, 39.124, 10.864, 7.202, 92.329, 11.915, -133.654, -27.467, -53.173, 44.853, 31.04, -0.20352, -0.35327, 0.63644, 0.65469
2025-06-14 21:01:36.627000,f8:a2:fd:ea:fb:80, -0.188, 1.006, -0.178, 34.424, 0.793, -0.61, 96.509, 11.464, -130.847, -27.467, -53.173, 44.853, 31.04, -0.20352, -0.35327, 0.63644, 0.65469
2025-06-14 21:01:36.717000,f8:a2:fd:ea:fb:80, -0.134, 0.954, -0.2, 14.832, -4.578, -3.845, 98.817, 11.722, -130.792, -31.140, -47.093, 47.493, 31.04, -0.20352, -0.35327, 0.63644, 0.65469
2025-06-14 21:01:36.871000,f8:a2:fd:ea:fb:80, -0.164, 0.955, -0.199, 19.409, -1.404, -6.226, 100.421, 12.036, -131.572, -31.140, -47.093, 47.493, 31.04, -0.18649, -0.37653, 0.67087, 0.61096
2025-06-14 21:01:36.956000,f8:a2:fd:ea:fb:80, -0.271, 0.942, -0.229, 39.551, 15.32, -16.663, 103.25, 12.662, -130.441, -31.140, -47.093, 47.493, 31.04, -0.18649, -0.37653, 0.67087, 0.61096
2025-06-14 21:01:37.048000,f8:a2:fd:ea:fb:80, -0.429, 1.057, -0.191, 81.055, -1.221, -28.809, 108.973, 14.194, -128.776, -27.333, -36.353, 50.833, 31.04, -0.18649, -0.37653, 0.67087, 0.61096
2025-06-14 21:01:37.136000,f8:a2:fd:ea:fb:80, -0.172, 1.442, 0.034, 156.494, -82.642, -53.284, 119.465, 19.155, -131.375, -27.333, -36.353, 50.833, 31.04, -0.04712, -0.42709, 0.75143, 0.50061
2025-06-14 21:01:37.256000,f8:a2:fd:ea:fb:80, -0.132, 0.765, -0.388, 71.838, 35.217, -28.259, 131.199, 25.291, -132.308, -27.333, -36.353, 50.833, 31.04, -0.04712, -0.42709, 0.75143, 0.50061
2025-06-14 21:01:37.346000,f8:a2:fd:ea:fb:80, -0.36, 0.403, 0.008, -78.796, -27.893, 33.386, 129.348, 24.857, -134.083, -16.567, -28.013, 59.913, 31.04, -0.04712, -0.42709, 0.75143, 0.50061
2025-06-14 21:01:37.436000,f8:a2:fd:ea:fb:80, -0.405, 0.738, -0.182, -192.566, -40.283, 101.624, 111.484, 19.979, -141.465, -16.567, -28.013, 59.913, 31.04, -0.0834, -0.31519, 0.7023, 0.63275
2025-06-14 21:01:37.556000,f8:a2:fd:ea:fb:80, -0.474, 1.186, -0.85, -216.187, 12.39, 76.782, 89.258, 12.025, -147.195, -16.567, -28.013, 59.913, 31.04, -0.0834, -0.31519, 0.7023, 0.63275
2025-06-14 21:01:37.647000,f8:a2:fd:ea:fb:80, -0.544, 0.771, -1.195, 2.808, -3.174, 14.587, 79.36, 8.663, -144.476, -23.933, -56.040, 43.140, 31.04, -0.0834, -0.31519, 0.7023, 0.63275
2025-06-14 21:01:37.737000,f8:a2:fd:ea:fb:80, -0.096, 1.144, -0.736, 44.434, 47.852, -1.282, 84.743, 11.536, -137.719, -23.933, -56.040, 43.140, 31.04, -0.20187, -0.31744, 0.60263, 0.7037
2025-06-14 21:01:37.857000,f8:a2:fd:ea:fb:80, -0.184, 0.971, -0.11, 41.87, 23.987, 3.479, 90.341, 11.92, -135.209, -23.933, -56.040, 43.140, 31.04, -0.20187, -0.31744, 0.60263, 0.7037
2025-06-14 21:01:37.946000,f8:a2:fd:ea:fb:80, -0.146, 1.026, -0.133, 30.884, 28.748, -7.751, 95.186, 12.156, -130.93, -30.707, -50.180, 45.767, 31.04, -0.20187, -0.31744, 0.60263, 0.7037
2025-06-14 21:01:38.037000,f8:a2:fd:ea:fb:80, -0.129, 0.967, -0.163, 20.508, 4.333, -3.845, 97.877, 12.398, -129.858, -30.707, -50.180, 45.767, 31.04, -0.20053, -0.38409, 0.65262, 0.62146
2025-06-14 21:01:38.186000,f8:a2:fd:ea:fb:80, -0.151, 0.965, -0.185, 25.391, 1.648, -4.822, 99.97, 12.612, -129.913, -30.707, -50.180, 45.767, 31.04, -0.20053, -0.38409, 0.65262, 0.62146
2025-06-14 21:01:38.247000,f8:a2:fd:ea:fb:80, -0.266, 0.976, -0.25, 46.509, 1.404, -16.357, 103.513, 13.447, -129.842, -27.780, -41.287, 50.413, 31.04, -0.20053, -0.38409, 0.65262, 0.62146
2025-06-14 21:01:38.337000,f8:a2:fd:ea:fb:80, -0.334, 1.293, -0.197, 93.201, -37.476, -30.518, 109.957, 16.046, -131.567, -27.780, -41.287, 50.413, 31.04, -0.08878, -0.40506, 0.72772, 0.5462
2025-06-14 21:01:38.458000,f8:a2:fd:ea:fb:80, -0.104, 1.168, -0.26, 146.973, -124.023, -51.941, 120.471, 23.335, -138.384, -27.780, -41.287, 50.413, 31.04, -0.08878, -0.40506, 0.72772, 0.5462
2025-06-14 21:01:38.547000,f8:a2:fd:ea:fb:80, -0.101, 0.659, -0.217, 56.03, -27.161, -10.803, 129.188, 26.697, -138.257, -12.980, -22.880, 62.413, 31.04, -0.08878, -0.40506, 0.72772, 0.5462
2025-06-14 21:01:38.637000,f8:a2:fd:ea:fb:80, -0.437, 0.502, -0.087, -103.699, 15.93, 58.472, 122.228, 24.527, -143.289, -12.980, -22.880, 62.413, 31.04, -0.00735, -0.34796, 0.7627, 0.54504
2025-06-14 21:01:38.757000,f8:a2:fd:ea:fb:80, -0.432, 0.986, -0.462, -173.462, -52.429, 87.646, 104.447, 17.864, -149.304, -12.980, -22.880, 62.413, 31.04, -0.00735, -0.34796, 0.7627, 0.54504
