时间,设备名称,加速度X(g),加速度Y(g),加速度Z(g),角速度X(°/s),角速度Y(°/s),角速度Z(°/s),角度X(°),角度Y(°),角度Z(°),磁场X(ʯt),磁场Y(ʯt),磁场Z(ʯt),温度(℃),四元数0(),四元数1(),四元数2(),四元数3()
2025-06-14 21:04:09.172000,f8:a2:fd:ea:fb:80, -0.085, 0.622, -0.171, 33.264, -8.667, -20.752, 138.719, 30.399, -131.721, -21.413, -25.933, 49.447, 31.1, 0.02362, -0.46268, 0.76404, 0.44888
2025-06-14 21:04:09.233000,f8:a2:fd:ea:fb:80, -0.566, 0.534, -0.089, -216.37, 56.152, 76.965, 125.612, 25.027, -134.665, -21.413, -25.933, 49.447, 31.1, 0.02362, -0.46268, 0.76404, 0.44888
2025-06-14 21:04:09.322000,f8:a2:fd:ea:fb:80, -0.791, 1.188, -0.356, -293.762, -90.515, 105.164, 95.911, 15.798, -141.894, -21.660, -36.633, 55.920, 31.1, -0.1969, -0.25613, 0.56268, 0.76083
2025-06-14 21:04:09.442000,f8:a2:fd:ea:fb:80, -0.469, 1.281, -1.559, -207.886, -22.034, 60.303, 68.5, 7.498, -142.625, -21.660, -36.633, 55.920, 31.1, -0.1969, -0.25613, 0.56268, 0.76083
2025-06-14 21:04:09.534000,f8:a2:fd:ea:fb:80, -0.262, 1.953, 0.431, 142.029, -1.526, -45.532, 71.664, 9.058, -140.548, -27.300, -56.640, 38.533, 31.1, -0.1969, -0.25613, 0.56268, 0.76083
2025-06-14 21:04:09.627000,f8:a2:fd:ea:fb:80, -0.159, 0.969, -0.122, 114.99, 5.127, -16.418, 86.402, 14.48, -131.71, -27.300, -56.640, 38.533, 31.1, -0.20807, -0.37463, 0.59869, 0.67661
2025-06-14 21:04:09.743000,f8:a2:fd:ea:fb:80, -0.102, 1.088, -0.187, 51.147, 28.32, -8.911, 95.669, 15.43, -125.903, -27.300, -56.640, 38.533, 31.1, -0.20807, -0.37463, 0.59869, 0.67661
2025-06-14 21:04:09.894000,f8:a2:fd:ea:fb:80, -0.258, 1.018, -0.26, 46.631, -24.841, -0.854, 100.453, 15.535, -126.233, -30.047, -44.120, 48.920, 31.1, -0.20807, -0.37463, 0.59869, 0.67661
2025-06-14 21:04:09.923000,f8:a2:fd:ea:fb:80, -0.274, 1.017, -0.25, 68.97, -24.902, -15.137, 105.529, 16.589, -129.65, -30.047, -44.120, 48.920, 31.1, -0.1507, -0.41409, 0.67584, 0.5907
2025-06-14 21:04:10.043000,f8:a2:fd:ea:fb:80, -0.086, 1.288, -0.148, 122.803, 5.554, -40.344, 115.318, 19.017, -128.568, -30.047, -44.120, 48.920, 31.1, -0.1507, -0.41409, 0.67584, 0.5907
2025-06-14 21:04:10.162000,f8:a2:fd:ea:fb:80, 0.046, 1.691, -0.668, 182.068, -22.644, -75.867, 129.886, 25.4, -130.215, -16.647, -15.993, 56.127, 31.1, -0.1507, -0.41409, 0.67584, 0.5907
2025-06-14 21:04:10.223000,f8:a2:fd:ea:fb:80, -0.253, 0.701, -0.195, 31.25, -22.339, -13.855, 140.098, 30.262, -131.435, -16.647, -15.993, 56.127, 31.1, 0.08398, -0.44437, 0.78885, 0.41605
2025-06-14 21:04:10.342000,f8:a2:fd:ea:fb:80, -0.402, 0.52, -0.015, -240.967, 26.428, 85.876, 123.761, 24.45, -134.868, -16.647, -15.993, 56.127, 31.1, 0.08398, -0.44437, 0.78885, 0.41605
2025-06-14 21:04:10.493000,f8:a2:fd:ea:fb:80, -0.63, 1.279, -0.893, -291.931, -82.336, 103.21, 93.197, 15.507, -142.861, -21.560, -45.520, 51.500, 31.1, 0.08398, -0.44437, 0.78885, 0.41605
2025-06-14 21:04:10.522000,f8:a2:fd:ea:fb:80, -0.118, 1.014, -1.507, -120.544, -23.987, 33.997, 68.983, 7.778, -143.015, -21.560, -45.520, 51.500, 31.1, -0.22241, -0.23352, 0.52121, 0.79007
2025-06-14 21:04:10.644000,f8:a2:fd:ea:fb:80, -0.153, 1.684, 0.676, 102.295, 41.87, -33.936, 73.971, 11.085, -139.384, -21.560, -45.520, 51.500, 31.1, -0.22241, -0.23352, 0.52121, 0.79007
2025-06-14 21:04:10.735000,f8:a2:fd:ea:fb:80, -0.101, 1.024, -0.112, 82.642, -2.93, -8.728, 86.133, 14.958, -133.165, -28.213, -53.173, 45.200, 31.1, -0.22241, -0.23352, 0.52121, 0.79007
2025-06-14 21:04:10.822000,f8:a2:fd:ea:fb:80, -0.135, 1.021, -0.164, 41.382, 47.058, -16.663, 93.488, 15.974, -129.183, -28.213, -53.173, 45.200, 31.1, -0.20087, -0.405, 0.61362, 0.64728
2025-06-14 21:04:10.943000,f8:a2:fd:ea:fb:80, -0.213, 0.951, -0.187, 55.237, -17.09, -4.883, 98.542, 16.315, -127.496, -28.213, -53.173, 45.200, 31.1, -0.20087, -0.405, 0.61362, 0.64728
2025-06-14 21:04:11.035000,f8:a2:fd:ea:fb:80, -0.169, 1.08, -0.099, 87.158, -11.108, -20.325, 104.59, 17.166, -131.061, -25.007, -36.287, 51.113, 31.1, -0.20087, -0.405, 0.61362, 0.64728
2025-06-14 21:04:11.123000,f8:a2:fd:ea:fb:80, -0.04, 1.792, 0.442, 184.143, -54.81, -44.678, 117.048, 20.413, -130.259, -25.007, -36.287, 51.113, 31.1, -0.09131, -0.43631, 0.71545, 0.53787
2025-06-14 21:04:11.272000,f8:a2:fd:ea:fb:80, 0.098, 1.838, -0.499, 182.739, -18.616, -76.66, 133.945, 27.966, -131.561, -25.007, -36.287, 51.113, 31.1, -0.09131, -0.43631, 0.71545, 0.53787
2025-06-14 21:04:11.333000,f8:a2:fd:ea:fb:80, -0.235, 0.375, 0.106, -90.515, 20.325, 8.484, 135.346, 29.85, -132.078, -25.007, -36.287, 51.113, 31.1, -0.09131, -0.43631, 0.71545, 0.53787
2025-06-14 21:04:11.453000,f8:a2:fd:ea:fb:80, -0.48, 0.623, -0.026, -273.193, -4.456, 99.121, 112.291, 21.478, -133.83, -17.153, -21.307, 59.147, 31.1, -0.13058, -0.35098, 0.655, 0.65622
2025-06-14 21:04:11.574000,f8:a2:fd:ea:fb:80, -0.457, 1.359, -1.284, -289.856, -17.761, 103.577, 81.705, 11.766, -141.636, -17.153, -21.307, 59.147, 31.1, -0.13058, -0.35098, 0.655, 0.65622
2025-06-14 21:04:11.663000,f8:a2:fd:ea:fb:80, -0.025, 0.779, -1.51, 12.207, -55.542, 21.484, 69.67, 5.845, -142.806, -17.153, -21.307, 59.147, 31.1, -0.13058, -0.35098, 0.655, 0.65622
2025-06-14 21:04:11.844000,f8:a2:fd:ea:fb:80, -0.06, 1.099, -0.646, 98.755, 55.847, -18.127, 81.464, 12.079, -134.588, -26.233, -56.200, 39.273, 31.1, -0.13058, -0.35098, 0.655, 0.65622
2025-06-14 21:04:11.873000,f8:a2:fd:ea:fb:80, -0.199, 1.02, -0.159, 44.128, 60.303, -16.663, 90.621, 13.464, -132.676, -26.233, -56.200, 39.273, 31.1, -0.2034, -0.36099, 0.61496, 0.67084
2025-06-14 21:04:11.964000,f8:a2:fd:ea:fb:80, -0.135, 0.996, -0.157, 54.199, -8.789, -10.803, 97.02, 14.628, -130.062, -26.233, -56.200, 39.273, 31.1, -0.2034, -0.36099, 0.61496, 0.67084
2025-06-14 21:04:12.083000,f8:a2:fd:ea:fb:80, -0.25, 0.978, -0.246, 68.359, -22.095, -14.465, 102.805, 15.749, -132.929, -26.233, -56.200, 39.273, 31.1, -0.2034, -0.36099, 0.61496, 0.67084
2025-06-14 21:04:12.172000,f8:a2:fd:ea:fb:80, -0.242, 1.387, -0.047, 126.77, 7.08, -51.147, 111.764, 18.457, -132.094, -22.907, -28.920, 53.180, 31.1, -0.0011, -0.4332, 0.75946, 0.48523
2025-06-14 21:04:12.292000,f8:a2:fd:ea:fb:80, -0.379, 1.939, -0.549, 187.927, -8.301, -95.215, 126.568, 25.131, -133.281, -22.907, -28.920, 53.180, 31.1, -0.0011, -0.4332, 0.75946, 0.48523
2025-06-14 21:04:12.354000,f8:a2:fd:ea:fb:80, -0.184, 0.561, 0.179, -5.432, -29.236, -5.859, 137.818, 29.949, -131.99, -22.907, -28.920, 53.180, 31.1, -0.0011, -0.4332, 0.75946, 0.48523
2025-06-14 21:04:12.474000,f8:a2:fd:ea:fb:80, -0.303, 0.439, -0.078, -262.024, 53.589, 70.801, 121.674, 24.999, -133.566, -17.887, -22.907, 59.413, 31.1, -0.10504, -0.3873, 0.67548, 0.61853
2025-06-14 21:04:12.565000,f8:a2:fd:ea:fb:80, -0.349, 1.379, -1.005, -308.899, -66.345, 80.078, 89.786, 16.463, -138.384, -17.887, -22.907, 59.413, 31.1, -0.10504, -0.3873, 0.67548, 0.61853
2025-06-14 21:04:12.653000,f8:a2:fd:ea:fb:80, 0.166, 0.934, -1.688, -53.284, -115.417, 49.5, 68.203, 10.085, -138.625, -17.887, -22.907, 59.413, 31.1, -0.10504, -0.3873, 0.67548, 0.61853
2025-06-14 21:04:12.774000,f8:a2:fd:ea:fb:80, -0.04, 1.218, 0.019, 78.308, 150.085, -31.86, 76.8, 12.843, -134.791, -27.273, -57.767, 34.873, 31.1, -0.22809, -0.39285, 0.57889, 0.67706
2025-06-14 21:04:12.893000,f8:a2:fd:ea:fb:80, -0.059, 1.152, -0.201, 70.862, 46.387, -4.211, 89.72, 15.601, -126.964, -27.273, -57.767, 34.873, 31.1, -0.22809, -0.39285, 0.57889, 0.67706
2025-06-14 21:04:12.954000,f8:a2:fd:ea:fb:80, -0.167, 1.011, -0.218, 45.41, 3.113, -3.296, 96.812, 15.529, -123.475, -27.273, -57.767, 34.873, 31.1, -0.22809, -0.39285, 0.57889, 0.67706
2025-06-14 21:04:13.073000,f8:a2:fd:ea:fb:80, -0.25, 1.01, -0.201, 57.251, -36.255, -0.854, 101.393, 15.485, -125.255, -31.753, -45.867, 46.360, 31.1, -0.16992, -0.42422, 0.66663, 0.58878
2025-06-14 21:04:13.193000,f8:a2:fd:ea:fb:80, -0.248, 1.045, -0.226, 86.243, -10.986, -18.188, 107.996, 16.392, -127.848, -31.753, -45.867, 46.360, 31.1, -0.16992, -0.42422, 0.66663, 0.58878
2025-06-14 21:04:13.255000,f8:a2:fd:ea:fb:80, -0.138, 1.521, 0.244, 160.461, -43.396, -36.926, 119.273, 19.276, -127.189, -21.927, -23.040, 53.187, 31.1, -0.16992, -0.42422, 0.66663, 0.58878
2025-06-14 21:04:13.373000,f8:a2:fd:ea:fb:80, 0.016, 1.858, -0.499, 185.974, -19.836, -73.059, 134.747, 26.235, -128.546, -21.927, -23.040, 53.187, 31.1, 0.05243, -0.47028, 0.77921, 0.41089
2025-06-14 21:04:13.463000,f8:a2:fd:ea:fb:80, -0.111, 0.511, 0.094, -73.364, -8.85, 11.414, 136.994, 29.372, -130.221, -21.927, -23.040, 53.187, 31.1, 0.05243, -0.47028, 0.77921, 0.41089
2025-06-14 21:04:13.554000,f8:a2:fd:ea:fb:80, -0.229, 0.644, -0.09, -274.536, 11.475, 86.792, 113.89, 22.176, -133.209, -21.993, -35.460, 55.407, 31.1, 0.05243, -0.47028, 0.77921, 0.41089
2025-06-14 21:04:13.672000,f8:a2:fd:ea:fb:80, -0.465, 1.467, -1.363, -286.438, -38.94, 100.159, 82.425, 13.239, -141.301, -21.993, -35.460, 55.407, 31.1, -0.16992, -0.30402, 0.59583, 0.7236
2025-06-14 21:04:13.768000,f8:a2:fd:ea:fb:80, -0.897, 0.806, -1.537, -0.488, -47.241, 26.978, 70.005, 8.448, -139.861, -21.993, -35.460, 55.407, 31.1, -0.16992, -0.30402, 0.59583, 0.7236
2025-06-14 21:04:13.853000,f8:a2:fd:ea:fb:80, -0.077, 0.824, -0.759, 77.759, 125.244, -34.607, 80.662, 14.019, -131.336, -28.847, -56.020, 38.087, 31.1, -0.16992, -0.30402, 0.59583, 0.7236
2025-06-14 21:04:14.003000,f8:a2:fd:ea:fb:80, -0.234, 1.067, -0.172, 61.951, 34.302, -6.226, 91.752, 15.276, -128.276, -28.847, -56.020, 38.087, 31.1, -0.2157, -0.38971, 0.59671, 0.66739
2025-06-14 21:04:14.064000,f8:a2:fd:ea:fb:80, -0.158, 1.005, -0.182, 44.434, -3.296, -6.897, 98.19, 15.793, -125.667, -28.847, -56.020, 38.087, 31.1, -0.2157, -0.38971, 0.59671, 0.66739
2025-06-14 21:04:14.156000,f8:a2:fd:ea:fb:80, -0.334, 0.993, -0.259, 58.35, -18.921, -8.667, 102.794, 16.359, -127.54, -29.540, -43.500, 47.993, 31.1, -0.14832, -0.42218, 0.67603, 0.58536
2025-06-14 21:04:14.333000,f8:a2:fd:ea:fb:80, -0.063, 1.119, -0.188, 96.985, 29.48, -36.072, 109.951, 17.754, -128.161, -29.540, -43.500, 47.993, 31.1, -0.14832, -0.42218, 0.67603, 0.58536
2025-06-14 21:04:14.363000,f8:a2:fd:ea:fb:80, -0.088, 1.81, 0.275, 194.092, -97.534, -55.298, 122.514, 22.357, -129.348, -29.540, -43.500, 47.993, 31.1, -0.14832, -0.42218, 0.67603, 0.58536
2025-06-14 21:04:14.513000,f8:a2:fd:ea:fb:80, -0.055, 1.196, -0.356, 123.352, -30.151, -33.936, 138.109, 29.669, -130.781, -17.140, -17.640, 55.247, 31.1, 0.07895, -0.45346, 0.78619, 0.41223
2025-06-14 21:04:14.573000,f8:a2:fd:ea:fb:80, -0.522, 0.267, 0.078, -163.513, 70.129, 34.18, 133.05, 27.554, -131.759, -17.140, -17.640, 55.247, 31.1, 0.07895, -0.45346, 0.78619, 0.41223
2025-06-14 21:04:14.663000,f8:a2:fd:ea:fb:80, -0.601, 0.792, -0.064, -288.269, -44.495, 98.022, 106.99, 18.237, -134.066, -24.607, -42.660, 51.153, 31.1, 0.07895, -0.45346, 0.78619, 0.41223
2025-06-14 21:04:14.753000,f8:a2:fd:ea:fb:80, -0.686, 1.444, -1.344, -255.066, -12.451, 93.811, 77.322, 8.718, -141.674, -24.607, -42.660, 51.153, 31.1, -0.23453, -0.24106, 0.53888, 0.77228
2025-06-14 21:04:14.872000,f8:a2:fd:ea:fb:80, 0.112, 0.623, -1.157, 61.768, 9.338, -2.563, 70.131, 5.24, -140.801, -24.607, -42.660, 51.153, 31.1, -0.23453, -0.24106, 0.53888, 0.77228
2025-06-14 21:04:14.966000,f8:a2:fd:ea:fb:80, -0.273, 0.99, -0.133, 116.699, 27.832, -16.052, 82.178, 11.321, -132.605, -30.780, -50.913, 42.047, 31.1, -0.23453, -0.24106, 0.53888, 0.77228
2025-06-14 21:04:15.052000,f8:a2:fd:ea:fb:80, -0.144, 1.008, -0.204, 38.513, 100.769, -19.043, 91.862, 13.392, -127.117, -30.780, -50.913, 42.047, 31.1, -0.23108, -0.38644, 0.60281, 0.6586
2025-06-14 21:04:15.174000,f8:a2:fd:ea:fb:80, -0.234, 0.969, -0.175, 45.715, -10.681, -4.456, 97.218, 13.98, -123.761, -30.780, -50.913, 42.047, 31.1, -0.23108, -0.38644, 0.60281, 0.6586
2025-06-14 21:04:15.264000,f8:a2:fd:ea:fb:80, -0.193, 1.059, -0.227, 70.312, -42.053, 0, 102.393, 14.178, -126.985, -32.627, -36.660, 46.307, 31.1, -0.23108, -0.38644, 0.60281, 0.6586
2025-06-14 21:04:15.354000,f8:a2:fd:ea:fb:80, 0.067, 1.406, -0.064, 120.85, 31.494, -31.799, 111.841, 15.848, -127.672, -32.627, -36.660, 46.307, 31.1, -0.14615, -0.42667, 0.69806, 0.55606
2025-06-14 21:04:15.504000,f8:a2:fd:ea:fb:80, -0.09, 1.998, -0.579, 200.073, -31.372, -74.585, 128.386, 23.159, -132.358, -32.627, -36.660, 46.307, 31.1, -0.14615, -0.42667, 0.69806, 0.55606
2025-06-14 21:04:15.564000,f8:a2:fd:ea:fb:80, 0.025, 0.617, -0.129, 2.075, 9.766, -15.381, 138.268, 28.218, -132.38, -19.180, -16.400, 58.140, 31.1, -0.14615, -0.42667, 0.69806, 0.55606
2025-06-14 21:04:15.654000,f8:a2:fd:ea:fb:80, -0.522, 0.444, -0.068, -224.731, 41.199, 54.871, 121.718, 23.434, -133.901, -19.180, -16.400, 58.140, 31.1, -0.05484, -0.41653, 0.729, 0.54031
2025-06-14 21:04:15.803000,f8:a2:fd:ea:fb:80, -0.515, 1.175, -0.555, -295.593, -112, 93.323, 90.522, 15.238, -140.861, -19.180, -16.400, 58.140, 31.1, -0.05484, -0.41653, 0.729, 0.54031
2025-06-14 21:04:15.894000,f8:a2:fd:ea:fb:80, -0.287, 0.924, -1.56, -61.035, -60.486, 37.964, 68.313, 6.894, -143.009, -24.527, -56.400, 37.580, 31.1, -0.05484, -0.41653, 0.729, 0.54031
2025-06-14 21:04:15.982000,f8:a2:fd:ea:fb:80, -0.093, 0.745, -0.811, 75.684, 155.334, -44.373, 77.432, 11.096, -137.851, -24.527, -56.400, 37.580, 31.1, -0.2287, -0.3497, 0.56906, 0.70813
2025-06-14 21:04:16.103000,f8:a2:fd:ea:fb:80, -0.232, 1.112, -0.097, 62.866, 59.448, -4.944, 90.11, 14.376, -130.095, -24.527, -56.400, 37.580, 31.1, -0.2287, -0.3497, 0.56906, 0.70813
2025-06-14 21:04:16.193000,f8:a2:fd:ea:fb:80, -0.139, 1.012, -0.181, 38.513, -14.526, -2.441, 96.713, 14.722, -127.233, -31.820, -45.440, 47.600, 31.1, -0.2287, -0.3497, 0.56906, 0.70813
2025-06-14 21:04:16.283000,f8:a2:fd:ea:fb:80, -0.244, 0.914, -0.274, 55.237, -37.659, -5.798, 100.695, 15.359, -130.413, -31.820, -45.440, 47.600, 31.1, -0.15289, -0.39413, 0.67252, 0.60736
2025-06-14 21:04:16.403000,f8:a2:fd:ea:fb:80, -0.245, 0.977, -0.143, 77.332, 3.479, -24.841, 106.353, 16.661, -132.77, -31.820, -45.440, 47.600, 31.1, -0.15289, -0.39413, 0.67252, 0.60736
2025-06-14 21:04:16.496000,f8:a2:fd:ea:fb:80, -0.188, 1.667, 0.224, 159.668, -50.232, -47.058, 117.647, 19.627, -130.897, -22.087, -23.553, 53.640, 31.1, -0.15289, -0.39413, 0.67252, 0.60736
2025-06-14 21:04:16.584000,f8:a2:fd:ea:fb:80, -0.122, 1.915, -0.53, 193.909, -27.405, -77.515, 133.709, 26.669, -131.342, -22.087, -23.553, 53.640, 31.1, 0.05255, -0.45352, 0.78329, 0.42175
2025-06-14 21:04:16.734000,f8:a2:fd:ea:fb:80, -0.123, 0.502, 0.164, -72.632, -14.16, 10.315, 137.313, 29.806, -132.556, -22.087, -23.553, 53.640, 31.1, 0.05255, -0.45352, 0.78329, 0.42175
2025-06-14 21:04:16.794000,f8:a2:fd:ea:fb:80, -0.235, 0.626, -0.017, -268.86, 12.085, 97.107, 115.653, 23.011, -135.939, -19.513, -28.880, 58.700, 31.1, 0.05255, -0.45352, 0.78329, 0.42175
2025-06-14 21:04:16.884000,f8:a2:fd:ea:fb:80, -0.376, 1.612, -1.092, -325.623, 6.531, 113.098, 83.688, 12.98, -142.646, -19.513, -28.880, 58.700, 31.1, -0.1824, -0.28506, 0.58279, 0.73871
2025-06-14 21:04:17.004000,f8:a2:fd:ea:fb:80, -0.377, 0.767, -1.776, -20.447, -16.235, 16.296, 67.154, 8.498, -140.125, -19.513, -28.880, 58.700, 31.1, -0.1824, -0.28506, 0.58279, 0.73871
2025-06-14 21:04:17.155000,f8:a2:fd:ea:fb:80, -0.051, 1.121, -0.962, 95.825, 83.862, -22.888, 79.766, 13.288, -135, -27.027, -55.407, 41.067, 31.1, -0.1824, -0.28506, 0.58279, 0.73871
2025-06-14 21:04:17.214000,f8:a2:fd:ea:fb:80, -0.206, 1.049, -0.225, 50.537, 33.325, -5.676, 90.445, 14.227, -134.143, -27.027, -55.407, 41.067, 31.1, -0.19089, -0.35803, 0.61734, 0.67389
2025-06-14 21:04:17.305000,f8:a2:fd:ea:fb:80, -0.066, 1.008, -0.197, 40.344, 12.146, -19.165, 96.053, 15.353, -132.649, -27.027, -55.407, 41.067, 31.1, -0.19089, -0.35803, 0.61734, 0.67389
2025-06-14 21:04:17.394000,f8:a2:fd:ea:fb:80, -0.28, 0.948, -0.23, 55.908, -28.809, -11.414, 100.997, 16.633, -134.528, -22.980, -37.287, 54.273, 31.1, -0.19089, -0.35803, 0.61734, 0.67389
2025-06-14 21:04:17.484000,f8:a2:fd:ea:fb:80, -0.193, 1.049, -0.111, 79.59, 26.794, -33.264, 107.424, 18.1, -135.016, -22.980, -37.287, 54.273, 31.1, -0.09473, -0.40668, 0.71179, 0.5647
2025-06-14 21:04:17.605000,f8:a2:fd:ea:fb:80, 0.008, 1.642, 0.362, 178.345, -51.27, -49.5, 120.394, 22.247, -133.885, -22.980, -37.287, 54.273, 31.1, -0.09473, -0.40668, 0.71179, 0.5647
2025-06-14 21:04:17.694000,f8:a2:fd:ea:fb:80, -0.044, 0.959, -0.279, 109.07, -18.677, -71.35, 137.038, 29.224, -132.687, -14.880, -14.527, 58.100, 31.1, -0.09473, -0.40668, 0.71179, 0.5647
2025-06-14 21:04:17.784000,f8:a2:fd:ea:fb:80, -0.638, 0.455, 0.061, -176.941, 51.025, 15.808, 132.863, 28.779, -130.913, -14.880, -14.527, 58.100, 31.1, 0.04047, -0.45908, 0.76334, 0.45258
2025-06-14 21:04:17.934000,f8:a2:fd:ea:fb:80, -0.625, 0.961, -0.105, -308.167, -54.138, 89.783, 105.562, 21.066, -132.402, -14.880, -14.527, 58.100, 31.1, 0.04047, -0.45908, 0.76334, 0.45258
2025-06-14 21:04:18.024000,f8:a2:fd:ea:fb:80, -0.451, 1.265, -1.32, -243.713, -8.911, 79.346, 75.163, 11.816, -139.351, -25.433, -58.113, 31.473, 31.1, 0.04047, -0.45908, 0.76334, 0.45258
2025-06-14 21:04:18.084000,f8:a2:fd:ea:fb:80, -0.399, 0.645, -1.207, 80.994, -43.884, -3.479, 67.714, 8.421, -138.126, -25.433, -58.113, 31.473, 31.1, -0.24146, -0.27057, 0.5249, 0.76996
2025-06-14 21:04:18.205000,f8:a2:fd:ea:fb:80, -0.222, 1.046, -0.128, 97.229, 81.543, -15.381, 80.706, 13.788, -130.325, -25.433, -58.113, 31.473, 31.1, -0.24146, -0.27057, 0.5249, 0.76996
2025-06-14 21:04:18.294000,f8:a2:fd:ea:fb:80, -0.109, 1.03, -0.167, 51.88, 57.617, -5.188, 91.395, 15.051, -125.596, -31.947, -51.740, 42.660, 31.1, -0.24146, -0.27057, 0.5249, 0.76996
2025-06-14 21:04:18.384000,f8:a2:fd:ea:fb:80, -0.158, 0.991, -0.206, 43.884, -25.635, -4.272, 97.031, 15.304, -125.283, -31.947, -51.740, 42.660, 31.1, -0.20404, -0.41785, 0.62762, 0.62427
2025-06-14 21:04:18.503000,f8:a2:fd:ea:fb:80, -0.245, 0.98, -0.236, 52.124, -38.208, -6.653, 100.838, 15.87, -128.826, -31.947, -51.740, 42.660, 31.1, -0.20404, -0.41785, 0.62762, 0.62427
2025-06-14 21:04:18.624000,f8:a2:fd:ea:fb:80, -0.169, 1.147, -0.135, 98.206, 23.254, -40.649, 107.562, 17.737, -129.606, -24.653, -32.893, 50.467, 31.1, -0.20404, -0.41785, 0.62762, 0.62427
2025-06-14 21:04:18.683000,f8:a2:fd:ea:fb:80, -0.072, 1.892, 0.344, 187.866, -76.233, -65.613, 121.152, 23.187, -130.1, -24.653, -32.893, 50.467, 31.1, -0.04425, -0.4494, 0.73193, 0.51016
2025-06-14 21:04:18.804000,f8:a2:fd:ea:fb:80, -0.088, 0.962, 0.085, 132.019, -55.481, -40.466, 136.961, 30.916, -132.078, -24.653, -32.893, 50.467, 31.1, -0.04425, -0.4494, 0.73193, 0.51016
2025-06-14 21:04:18.895000,f8:a2:fd:ea:fb:80, -0.675, 0.418, 0.086, -130.981, 39.185, 49.927, 131.572, 29.438, -136.005, -15.140, -18.913, 60.440, 31.1, -0.04425, -0.4494, 0.73193, 0.51016
2025-06-14 21:04:18.984000,f8:a2:fd:ea:fb:80, -0.655, 0.803, -0.049, -277.771, -65.063, 114.197, 105.255, 19.446, -140.927, -15.140, -18.913, 60.440, 31.1, -0.06824, -0.3649, 0.70929, 0.59915
2025-06-14 21:04:19.104000,f8:a2:fd:ea:fb:80, -0.656, 1.4, -1.051, -298.523, 33.508, 98.145, 75.366, 9.141, -144.888, -15.140, -18.913, 60.440, 31.1, -0.06824, -0.3649, 0.70929, 0.59915
2025-06-14 21:04:19.195000,f8:a2:fd:ea:fb:80, -0.533, 0.682, -1.525, 96.252, 4.639, -14.526, 69.785, 8.591, -141.042, -25.247, -57.680, 36.573, 31.1, -0.06824, -0.3649, 0.70929, 0.59915
2025-06-14 21:04:19.285000,f8:a2:fd:ea:fb:80, -0.117, 0.899, 0.026, 101.196, 42.114, -15.198, 83.293, 14.738, -132.089, -25.247, -57.680, 36.573, 31.1, -0.06824, -0.3649, 0.70929, 0.59915
2025-06-14 21:04:19.403000,f8:a2:fd:ea:fb:80, -0.15, 1.04, -0.104, 50.171, 36.133, -5.432, 91.901, 15.161, -129.628, -25.247, -57.680, 36.573, 31.1, -0.20758, -0.38074, 0.60196, 0.67044
2025-06-14 21:04:19.495000,f8:a2:fd:ea:fb:80, -0.165, 0.994, -0.14, 45.776, -22.217, -9.094, 97.416, 15.848, -129.617, -25.247, -57.680, 36.573, 31.1, -0.20758, -0.38074, 0.60196, 0.67044
2025-06-14 21:04:19.584000,f8:a2:fd:ea:fb:80, -0.398, 1.02, -0.264, 56.824, -23.254, -9.094, 101.821, 16.688, -133.121, -25.987, -39.713, 51.760, 31.1, -0.20758, -0.38074, 0.60196, 0.67044
2025-06-14 21:04:19.733000,f8:a2:fd:ea:fb:80, 0.14, 1.257, -0.08, 104.065, 23.865, -43.945, 109.303, 18.517, -132.742, -25.987, -39.713, 51.760, 31.1, -0.10419, -0.41202, 0.70364, 0.56934
2025-06-14 21:04:19.823000,f8:a2:fd:ea:fb:80, 0.093, 1.549, 0.087, 174.866, -32.41, -73.181, 122.888, 23.807, -133.517, -25.987, -39.713, 51.760, 31.1, -0.10419, -0.41202, 0.70364, 0.56934
2025-06-14 21:04:19.885000,f8:a2:fd:ea:fb:80, 0.052, 0.958, -0.532, 67.383, -19.714, -41.321, 138.494, 30.526, -132.1, -14.580, -14.540, 58.120, 31.1, -0.10419, -0.41202, 0.70364, 0.56934
2025-06-14 21:04:20.034000,f8:a2:fd:ea:fb:80, -0.664, 0.459, -0.06, -203.796, 59.204, 50.537, 128.82, 28.636, -134.127, -14.580, -14.540, 58.120, 31.1, 0.02789, -0.43692, 0.75684, 0.48517
2025-06-14 21:04:20.124000,f8:a2:fd:ea:fb:80, -0.533, 1.082, -0.335, -323.669, -59.937, 102.783, 98.47, 18.803, -138.016, -14.580, -14.540, 58.120, 31.1, 0.02789, -0.43692, 0.75684, 0.48517
2025-06-14 21:04:20.214000,f8:a2:fd:ea:fb:80, -0.795, 1.22, -1.43, -204.712, -17.273, 66.711, 70.285, 10.541, -139.785, -25.047, -57.920, 32.493, 31.1, 0.02789, -0.43692, 0.75684, 0.48517
2025-06-14 21:04:20.336000,f8:a2:fd:ea:fb:80, -0.315, 1.309, -0.178, 119.995, -13.55, -41.992, 71.224, 9.575, -140.219, -25.047, -57.920, 32.493, 31.1, -0.21896, -0.29645, 0.54422, 0.75357
2025-06-14 21:04:20.423000,f8:a2:fd:ea:fb:80, -0.191, 0.917, -0.038, 101.257, 42.847, -13.733, 85.677, 15.672, -130.051, -25.047, -57.920, 32.493, 31.1, -0.21896, -0.29645, 0.54422, 0.75357
2025-06-14 21:04:20.515000,f8:a2:fd:ea:fb:80, -0.059, 1.078, -0.106, 51.331, 24.78, -7.751, 95.795, 16.655, -123.959, -31.953, -50.293, 44.147, 31.1, -0.21896, -0.29645, 0.54422, 0.75357
2025-06-14 21:04:20.664000,f8:a2:fd:ea:fb:80, -0.177, 1.017, -0.293, 34.363, -9.888, 0.305, 100.19, 16.71, -123.629, -31.953, -50.293, 44.147, 31.1, -0.20059, -0.44052, 0.6261, 0.61121
2025-06-14 21:04:20.755000,f8:a2:fd:ea:fb:80, -0.082, 1.037, -0.232, 54.932, -45.837, -3.601, 103.645, 16.946, -127.837, -31.953, -50.293, 44.147, 31.1, -0.20059, -0.44052, 0.6261, 0.61121
2025-06-14 21:04:20.815000,f8:a2:fd:ea:fb:80, -0.009, 1.367, -0.213, 119.385, 13.611, -34.607, 112.297, 19.006, -128.15, -25.260, -32.567, 50.720, 31.1, -0.20059, -0.44052, 0.6261, 0.61121
2025-06-14 21:04:20.934000,f8:a2:fd:ea:fb:80, 0.383, 1.504, -0.357, 183.044, -54.138, -69.946, 126.376, 25.181, -130.891, -25.260, -32.567, 50.720, 31.1, -0.00021, -0.45312, 0.75345, 0.47635
2025-06-14 21:04:21.025000,f8:a2:fd:ea:fb:80, -0.079, 0.742, -0.509, 67.322, -23.621, -33.02, 139.351, 30.905, -130.386, -25.260, -32.567, 50.720, 31.1, -0.00021, -0.45312, 0.75345, 0.47635
2025-06-14 21:04:21.144000,f8:a2:fd:ea:fb:80, -0.616, 0.465, 0.028, -199.341, 39.368, 69.885, 125.557, 26.477, -134.193, -18.867, -25.067, 59.060, 31.1, -0.00021, -0.45312, 0.75345, 0.47635
2025-06-14 21:04:21.264000,f8:a2:fd:ea:fb:80, -0.702, 1.1, -0.213, -307.495, -79.468, 111.694, 94.438, 16.793, -141.658, -18.867, -25.067, 59.060, 31.1, -0.11938, -0.33209, 0.65323, 0.6698
2025-06-14 21:04:21.325000,f8:a2:fd:ea:fb:80, -0.236, 1.254, -1.404, -219.177, -17.822, 66.956, 66.649, 8.481, -141.163, -18.867, -25.067, 59.060, 31.1, -0.11938, -0.33209, 0.65323, 0.6698
2025-06-14 21:04:21.477000,f8:a2:fd:ea:fb:80, -0.291, 2.088, 0.779, 115.54, 42.236, -37.292, 70.06, 9.174, -139.774, -26.280, -57.780, 35.513, 31.1, -0.11938, -0.33209, 0.65323, 0.6698
2025-06-14 21:04:21.564000,f8:a2:fd:ea:fb:80, -0.049, 1.059, -0.128, 109.131, 13.916, -13.916, 84.523, 15.156, -129.315, -26.280, -57.780, 35.513, 31.1, -0.2338, -0.37354, 0.56067, 0.70096
2025-06-14 21:04:21.625000,f8:a2:fd:ea:fb:80, -0.198, 1.06, -0.254, 56.458, 3.296, -6.165, 94.12, 15.996, -124.113, -26.280, -57.780, 35.513, 31.1, -0.2338, -0.37354, 0.56067, 0.70096
2025-06-14 21:04:21.713000,f8:a2:fd:ea:fb:80, -0.215, 1.048, -0.234, 45.471, -19.897, -1.16, 99.157, 16.15, -124.2, -30.820, -43.533, 47.687, 31.1, -0.2338, -0.37354, 0.56067, 0.70096
2025-06-14 21:04:21.835000,f8:a2:fd:ea:fb:80, -0.382, 1.04, -0.184, 71.716, -31.799, -12.39, 103.815, 16.699, -127.441, -30.820, -43.533, 47.687, 31.1, -0.14331, -0.43604, 0.67874, 0.57321
2025-06-14 21:04:21.954000,f8:a2:fd:ea:fb:80, -0.293, 1.307, -0.004, 148.499, -10.254, -42.664, 113.945, 18.929, -126.233, -30.820, -43.533, 47.687, 31.1, -0.14331, -0.43604, 0.67874, 0.57321
2025-06-14 21:04:22.014000,f8:a2:fd:ea:fb:80, -0.442, 1.903, -0.345, 181.213, -19.653, -81.36, 129.419, 26.109, -129.6, -17.807, -17.053, 56.193, 31.1, -0.14331, -0.43604, 0.67874, 0.57321
2025-06-14 21:04:22.133000,f8:a2:fd:ea:fb:80, -0.188, 0.511, 0.394, -12.146, -15.686, 5.92, 139.515, 30.46, -130.265, -17.807, -17.053, 56.193, 31.1, 0.07669, -0.4567, 0.78046, 0.41989
2025-06-14 21:04:22.254000,f8:a2:fd:ea:fb:80, -0.485, 0.508, -0.067, -260.315, 23.438, 80.627, 121.328, 24.219, -132.599, -17.807, -17.053, 56.193, 31.1, 0.07669, -0.4567, 0.78046, 0.41989
2025-06-14 21:04:22.314000,f8:a2:fd:ea:fb:80, -0.402, 1.516, -0.851, -316.04, -104.858, 114.807, 87.55, 14.716, -142.526, -23.067, -53.053, 42.187, 31.1, 0.07669, -0.4567, 0.78046, 0.41989
2025-06-14 21:04:22.434000,f8:a2:fd:ea:fb:80, -0.248, 0.913, -1.604, -83.191, -40.283, 44.434, 65.561, 6.586, -142.614, -23.067, -53.053, 42.187, 31.1, -0.24548, -0.2226, 0.49405, 0.80374
2025-06-14 21:04:22.556000,f8:a2:fd:ea:fb:80, -0.091, 1.516, 0.155, 107.361, 88.257, -39.124, 75.372, 11.508, -136.615, -23.067, -53.053, 42.187, 31.1, -0.24548, -0.2226, 0.49405, 0.80374
2025-06-14 21:04:22.675000,f8:a2:fd:ea:fb:80, -0.105, 1.094, -0.211, 95.52, 9.338, -3.418, 89.171, 15.26, -128.864, -29.753, -52.393, 42.327, 31.1, -0.24548, -0.2226, 0.49405, 0.80374
2025-06-14 21:04:22.794000,f8:a2:fd:ea:fb:80, -0.143, 1.018, -0.219, 42.786, 7.446, -10.925, 97.004, 15.688, -125.969, -29.753, -52.393, 42.327, 31.1, -0.20877, -0.41589, 0.61771, 0.63388
2025-06-14 21:04:22.829000,f8:a2:fd:ea:fb:80, -0.204, 1, -0.22, 44.067, -26.489, -5.31, 100.794, 16.298, -127.205, -29.753, -52.393, 42.327, 31.1, -0.20877, -0.41589, 0.61771, 0.63388
2025-06-14 21:04:22.917000,f8:a2:fd:ea:fb:80, -0.288, 1.01, -0.253, 62.439, -9.399, -15.32, 105.82, 17.188, -129.023, -26.960, -34.693, 50.807, 31.1, -0.20877, -0.41589, 0.61771, 0.63388
2025-06-14 21:04:23.034000,f8:a2:fd:ea:fb:80, -0.284, 1.333, -0.058, 131.836, 14.16, -41.382, 116.29, 19.369, -126.678, -26.960, -34.693, 50.807, 31.1, -0.08548, -0.45868, 0.71942, 0.5144
2025-06-14 21:04:23.126000,f8:a2:fd:ea:fb:80, -0.11, 1.854, -0.463, 178.528, -23.56, -81.116, 131.891, 26.669, -128.727, -26.960, -34.693, 50.807, 31.1, -0.08548, -0.45868, 0.71942, 0.5144
2025-06-14 21:04:23.219000,f8:a2:fd:ea:fb:80, -0.251, 0.578, 0.205, -50.659, -14.343, 20.447, 139.785, 30.74, -130.243, -16.387, -15.420, 58.553, 31.1, -0.08548, -0.45868, 0.71942, 0.5144
2025-06-14 21:04:23.335000,f8:a2:fd:ea:fb:80, -0.305, 0.648, -0.024, -259.644, -7.324, 103.333, 119.866, 23.752, -134.319, -16.387, -15.420, 58.553, 31.1, -0.00443, -0.43466, 0.7515, 0.49619
2025-06-14 21:04:23.424000,f8:a2:fd:ea:fb:80, -0.439, 1.56, -1.136, -296.875, -75.745, 117.371, 87.418, 13.997, -145.085, -16.387, -15.420, 58.553, 31.11, -0.00443, -0.43466, 0.7515, 0.49619
2025-06-14 21:04:23.514000,f8:a2:fd:ea:fb:80, -0.52, 0.843, -1.523, -36.255, -14.16, 28.198, 67.626, 7.256, -142.438, -16.387, -15.420, 58.553, 31.11, -0.00443, -0.43466, 0.7515, 0.49619
2025-06-14 21:04:23.635000,f8:a2:fd:ea:fb:80, 0.006, 1.125, -0.161, 88.074, 121.582, -35.706, 76.404, 11.904, -136.241, -26.487, -56.320, 37.873, 31.11, -0.22488, -0.37271, 0.5762, 0.69165
2025-06-14 21:04:23.755000,f8:a2:fd:ea:fb:80, -0.129, 1.121, -0.196, 90.149, -1.648, -1.587, 89.275, 15.007, -130.023, -26.487, -56.320, 37.873, 31.11, -0.22488, -0.37271, 0.5762, 0.69165
2025-06-14 21:04:23.814000,f8:a2:fd:ea:fb:80, -0.134, 0.996, -0.234, 36.743, 27.222, -12.268, 96.553, 15.496, -126.826, -26.487, -56.320, 37.873, 31.11, -0.22488, -0.37271, 0.5762, 0.69165
2025-06-14 21:04:23.934000,f8:a2:fd:ea:fb:80, -0.242, 0.964, -0.263, 43.396, -15.137, -6.897, 100.591, 16.018, -126.947, -30.993, -43.567, 48.147, 31.11, -0.22488, -0.37271, 0.5762, 0.69165
2025-06-14 21:04:24.054000,f8:a2:fd:ea:fb:80, -0.257, 0.979, -0.104, 75.562, 1.465, -20.752, 105.782, 16.853, -128.469, -30.993, -43.567, 48.147, 31.11, -0.15411, -0.42252, 0.672, 0.58826
2025-06-14 21:04:24.144000,f8:a2:fd:ea:fb:80, -0.314, 1.535, 0.212, 153.87, -17.09, -41.016, 117.114, 19.061, -126.442, -30.993, -43.567, 48.147, 31.11, -0.15411, -0.42252, 0.672, 0.58826
2025-06-14 21:04:24.264000,f8:a2:fd:ea:fb:80, -0.093, 1.782, -0.55, 190.918, -53.894, -80.566, 133.127, 26.944, -129.188, -18.787, -17.080, 55.220, 31.11, -0.15411, -0.42252, 0.672, 0.58826
2025-06-14 21:04:24.354000,f8:a2:fd:ea:fb:80, -0.233, 0.508, 0.262, -64.453, -26.123, 15.503, 136.39, 30.223, -132.028, -18.787, -17.080, 55.220, 31.11, 0.0473, -0.44681, 0.76877, 0.45499
2025-06-14 21:04:24.444000,f8:a2:fd:ea:fb:80, -0.34, 0.638, 0.018, -286.438, 13.489, 95.703, 113.143, 22.571, -134.747, -18.787, -17.080, 55.220, 31.11, 0.0473, -0.44681, 0.76877, 0.45499
2025-06-14 21:04:24.564000,f8:a2:fd:ea:fb:80, -0.358, 1.618, -1.409, -301.208, -59.448, 114.746, 79.695, 12.074, -144.97, -23.667, -56.040, 38.747, 31.11, 0.0473, -0.44681, 0.76877, 0.45499
2025-06-14 21:04:24.654000,f8:a2:fd:ea:fb:80, -0.3, 0.749, -1.858, 14.648, 8.545, 12.756, 67.132, 8.454, -141.097, -23.667, -56.040, 38.747, 31.11, -0.23102, -0.2623, 0.51697, 0.78131
2025-06-14 21:04:24.744000,f8:a2:fd:ea:fb:80, -0.041, 1.234, -0.507, 97.778, 56.824, -5.981, 80.651, 14.271, -133.319, -23.667, -56.040, 38.747, 31.11, -0.23102, -0.2623, 0.51697, 0.78131
2025-06-14 21:04:24.866000,f8:a2:fd:ea:fb:80, -0.122, 1.028, -0.129, 44.006, 51.514, -10.132, 90.055, 15.233, -130.177, -29.187, -51.740, 45.593, 31.11, -0.23102, -0.2623, 0.51697, 0.78131
2025-06-14 21:04:24.955000,f8:a2:fd:ea:fb:80, -0.157, 0.995, -0.17, 47.913, -10.498, -8.911, 96.031, 16.007, -128.595, -29.187, -51.740, 45.593, 31.11, -0.18701, -0.40356, 0.6301, 0.63641
2025-06-14 21:04:25.044000,f8:a2:fd:ea:fb:80, -0.316, 0.958, -0.253, 55.481, -20.081, -10.681, 100.629, 16.683, -131.232, -29.187, -51.740, 45.593, 31.11, -0.18701, -0.40356, 0.6301, 0.63641
2025-06-14 21:04:25.169000,f8:a2:fd:ea:fb:80, 0.128, 1.244, -0.115, 114.99, 39.124, -42.542, 108.891, 18.298, -130.045, -29.187, -51.740, 45.593, 31.11, -0.18701, -0.40356, 0.6301, 0.63641
2025-06-14 21:04:25.255000,f8:a2:fd:ea:fb:80, -0.008, 1.71, 0.06, 184.753, -66.345, -67.078, 123.195, 23.599, -130.853, -23.400, -31.687, 51.207, 31.11, 0.06195, -0.46497, 0.77454, 0.42422
2025-06-14 21:04:25.344000,f8:a2:fd:ea:fb:80, -0.024, 0.715, -0.477, 71.167, -9.216, -32.471, 138.433, 30.432, -130.342, -23.400, -31.687, 51.207, 31.11, 0.06195, -0.46497, 0.77454, 0.42422
2025-06-14 21:04:25.464000,f8:a2:fd:ea:fb:80, -0.683, 0.347, 0.083, -182.312, 46.753, 54.321, 130.616, 28.218, -132.528, -23.400, -31.687, 51.207, 31.11, 0.06195, -0.46497, 0.77454, 0.42422
2025-06-14 21:04:25.553000,f8:a2:fd:ea:fb:80, -0.767, 0.998, -0.138, -288.391, -103.882, 110.718, 102.607, 19.16, -138.702, -20.547, -43.733, 53.687, 31.11, 0.06195, -0.46497, 0.77454, 0.42422
2025-06-14 21:04:25.645000,f8:a2:fd:ea:fb:80, -0.737, 1.295, -1.198, -248.779, 11.414, 89.111, 73.559, 8.762, -143.745, -20.547, -43.733, 53.687, 31.11, -0.23389, -0.22794, 0.50949, 0.79602
2025-06-14 21:04:25.764000,f8:a2:fd:ea:fb:80, -0.309, 1.935, -0.222, 141.235, 18.433, -49.438, 71.241, 8.828, -140.658, -20.547, -43.733, 53.687, 31.11, -0.23389, -0.22794, 0.50949, 0.79602
2025-06-14 21:04:25.853000,f8:a2:fd:ea:fb:80, -0.157, 1.076, -0.055, 108.887, -46.753, -3.052, 85.067, 14.106, -133.511, -28.467, -52.500, 45.873, 31.11, -0.23389, -0.22794, 0.50949, 0.79602
2025-06-14 21:04:25.944000,f8:a2:fd:ea:fb:80, -0.083, 1.042, -0.157, 51.697, 25.452, -16.113, 93.23, 15.079, -130.847, -28.467, -52.500, 45.873, 31.11, -0.19077, -0.39102, 0.62601, 0.64709
2025-06-14 21:04:26.067000,f8:a2:fd:ea:fb:80, -0.231, 0.964, -0.216, 44.189, -30.762, -11.353, 97.976, 16.221, -131.314, -28.467, -52.500, 45.873, 31.11, -0.19077, -0.39102, 0.62601, 0.64709
2025-06-14 21:04:26.154000,f8:a2:fd:ea:fb:80, -0.417, 0.995, -0.162, 60.73, -7.69, -18.372, 102.744, 17.342, -134.187, -28.467, -52.500, 45.873, 31.11, -0.19077, -0.39102, 0.62601, 0.64709
2025-06-14 21:04:26.245000,f8:a2:fd:ea:fb:80, 0.052, 1.233, -0.052, 116.455, 27.405, -51.331, 112.242, 19.644, -131.347, -22.953, -34.647, 53.400, 31.11, -0.19077, -0.39102, 0.62601, 0.64709
2025-06-14 21:04:26.365000,f8:a2:fd:ea:fb:80, 0.101, 1.542, -0.654, 191.895, -31.189, -84.229, 127.145, 26.169, -132.468, -22.953, -34.647, 53.400, 31.11, -0.03378, -0.43796, 0.73959, 0.50986
2025-06-14 21:04:26.454000,f8:a2:fd:ea:fb:80, -0.069, 0.721, -0.023, 19.104, -4.395, 1.038, 137.972, 31.756, -134.852, -22.953, -34.647, 53.400, 31.11, -0.03378, -0.43796, 0.73959, 0.50986
2025-06-14 21:04:26.544000,f8:a2:fd:ea:fb:80, -0.567, 0.507, -0.097, -215.698, 57.068, 82.703, 122.08, 24.703, -137.818, -17.560, -24.827, 59.960, 31.11, -0.03378, -0.43796, 0.73959, 0.50986
2025-06-14 21:04:26.664000,f8:a2:fd:ea:fb:80, -0.653, 1.392, -0.625, -299.683, -70.496, 112.305, 91.148, 14.052, -144.492, -17.560, -24.827, 59.960, 31.11, -0.1235, -0.30447, 0.65588, 0.6795
2025-06-14 21:04:26.755000,f8:a2:fd:ea:fb:80, -0.204, 1.157, -1.511, -160.828, -7.812, 50.293, 67.989, 6.542, -142.646, -17.560, -24.827, 59.960, 31.11, -0.1235, -0.30447, 0.65588, 0.6795
2025-06-14 21:04:26.845000,f8:a2:fd:ea:fb:80, -0.123, 1.74, 0.814, 116.943, 30.945, -45.776, 75.602, 9.805, -140.356, -27.733, -55.013, 40.420, 31.11, -0.1235, -0.30447, 0.65588, 0.6795
2025-06-14 21:04:26.965000,f8:a2:fd:ea:fb:80, -0.107, 1.116, -0.142, 68.787, 7.019, -8.545, 86.891, 13.771, -133.259, -27.733, -55.013, 40.420, 31.11, -0.20685, -0.3573, 0.59973, 0.68539
2025-06-14 21:04:27.058000,f8:a2:fd:ea:fb:80, -0.073, 0.999, -0.17, 46.753, 3.967, -15.32, 93.851, 14.793, -130.814, -27.733, -55.013, 40.420, 31.11, -0.20685, -0.3573, 0.59973, 0.68539
2025-06-14 21:04:27.147000,f8:a2:fd:ea:fb:80, -0.192, 0.979, -0.205, 54.382, -34.973, -6.958, 98.421, 15.71, -132.457, -27.647, -42.320, 51.253, 31.11, -0.20685, -0.3573, 0.59973, 0.68539
2025-06-14 21:04:27.294000,f8:a2:fd:ea:fb:80, -0.431, 1.063, -0.145, 84.778, 13.306, -30.64, 104.024, 16.996, -135.033, -27.647, -42.320, 51.253, 31.11, -0.12897, -0.37997, 0.68207, 0.6113
2025-06-14 21:04:27.355000,f8:a2:fd:ea:fb:80, -0.082, 1.76, 0.472, 177.734, -54.321, -51.88, 116.109, 20.544, -134.291, -27.647, -42.320, 51.253, 31.11, -0.12897, -0.37997, 0.68207, 0.6113
2025-06-14 21:04:27.445000,f8:a2:fd:ea:fb:80, 0.106, 1.818, -0.04, 164.612, 9.338, -77.698, 133.028, 27.565, -132.863, -16.633, -18.740, 55.700, 31.11, 0.08218, -0.4519, 0.78299, 0.41931
2025-06-14 21:04:27.565000,f8:a2:fd:ea:fb:80, -0.278, 0.413, 0.093, -132.751, 20.02, 4.211, 133.105, 30.877, -132.99, -16.633, -18.740, 55.700, 31.11, 0.08218, -0.4519, 0.78299, 0.41931
2025-06-14 21:04:27.686000,f8:a2:fd:ea:fb:80, -0.504, 0.842, -0.061, -310.547, -9.338, 87.585, 107.562, 23.67, -134.242, -16.633, -18.740, 55.700, 31.11, 0.08218, -0.4519, 0.78299, 0.41931
2025-06-14 21:04:27.746000,f8:a2:fd:ea:fb:80, -0.634, 1.517, -1.131, -291.138, -37.903, 101.99, 75.569, 13.239, -139.323, -21.247, -46.387, 50.387, 31.11, 0.08218, -0.4519, 0.78299, 0.41931
2025-06-14 21:04:27.865000,f8:a2:fd:ea:fb:80, -0.228, 0.763, -1.467, 40.771, -0.854, 3.54, 65.187, 8.108, -139.406, -21.247, -46.387, 50.387, 31.11, -0.2562, -0.23538, 0.47809, 0.8064
2025-06-14 21:04:27.955000,f8:a2:fd:ea:fb:80, -0.168, 1.123, -0.26, 117.554, 61.462, -10.254, 78.821, 14.304, -131.429, -21.247, -46.387, 50.387, 31.11, -0.2562, -0.23538, 0.47809, 0.8064
2025-06-14 21:04:28.105000,f8:a2:fd:ea:fb:80, -0.22, 1.031, -0.1, 51.575, 51.27, -5.798, 89.346, 15.117, -127.755, -29.947, -53.913, 41.933, 31.11, -0.2562, -0.23538, 0.47809, 0.8064
2025-06-14 21:04:28.165000,f8:a2:fd:ea:fb:80, -0.17, 0.979, -0.165, 43.03, -9.155, -10.193, 95.361, 15.881, -126.584, -29.947, -53.913, 41.933, 31.11, -0.21317, -0.41037, 0.60742, 0.64578
2025-06-14 21:04:28.284000,f8:a2:fd:ea:fb:80, -0.229, 0.96, -0.257, 47.791, -8.118, -6.714, 99.794, 16.359, -127.881, -29.947, -53.913, 41.933, 31.11, -0.21317, -0.41037, 0.60742, 0.64578
2025-06-14 21:04:28.383000,f8:a2:fd:ea:fb:80, -0.193, 1.114, -0.148, 85.083, 33.569, -28.137, 106.441, 17.298, -127.985, -25.220, -33.440, 49.647, 31.11, -0.21317, -0.41037, 0.60742, 0.64578
2025-06-14 21:04:28.495000,f8:a2:fd:ea:fb:80, 0.009, 1.898, 0.332, 170.41, -51.941, -55.725, 119.416, 21.022, -126.541, -25.220, -33.440, 49.647, 31.11, -0.02124, -0.46539, 0.74008, 0.48489
2025-06-14 21:04:28.614000,f8:a2:fd:ea:fb:80, 0.077, 1.683, -0.463, 183.289, -68.237, -48.401, 135.522, 29.762, -130.144, -25.220, -33.440, 49.647, 31.11, -0.02124, -0.46539, 0.74008, 0.48489
2025-06-14 21:04:28.675000,f8:a2:fd:ea:fb:80, -0.652, 0.437, 0.162, -99.182, 31.616, 55.603, 132.907, 30.366, -136.055, -25.220, -33.440, 49.647, 31.11, -0.02124, -0.46539, 0.74008, 0.48489
2025-06-14 21:04:28.796000,f8:a2:fd:ea:fb:80, -0.97, 0.843, 0.003, -302.307, -64.148, 125.244, 106.831, 19.594, -140.147, -17.747, -24.673, 59.947, 31.11, -0.13559, -0.26019, 0.62378, 0.72433
2025-06-14 21:04:28.885000,f8:a2:fd:ea:fb:80, -0.879, 1.351, -1.325, -275.452, 5.188, 102.356, 74.877, 7.635, -147.684, -17.747, -24.673, 59.947, 31.11, -0.13559, -0.26019, 0.62378, 0.72433
2025-06-14 21:04:28.974000,f8:a2:fd:ea:fb:80, -0.38, 1.109, -0.6, 130.737, 15.686, -33.386, 68.033, 7.158, -142.196, -17.747, -24.673, 59.947, 31.11, -0.13559, -0.26019, 0.62378, 0.72433
2025-06-14 21:04:29.125000,f8:a2:fd:ea:fb:80, -0.225, 0.886, -0.073, 96.558, 13.306, -7.202, 82.282, 14.019, -132.605, -25.807, -56.853, 37.513, 31.11, -0.2066, -0.36566, 0.59726, 0.6832
2025-06-14 21:04:29.185000,f8:a2:fd:ea:fb:80, -0.038, 1.035, -0.126, 60.669, -5.127, -7.446, 91.395, 14.837, -130.693, -25.807, -56.853, 37.513, 31.11, -0.2066, -0.36566, 0.59726, 0.6832
2025-06-14 21:04:29.304000,f8:a2:fd:ea:fb:80, -0.233, 1.029, -0.221, 51.025, -28.809, -13.245, 96.713, 15.87, -132.155, -25.807, -56.853, 37.513, 31.11, -0.2066, -0.36566, 0.59726, 0.6832
2025-06-14 21:04:29.395000,f8:a2:fd:ea:fb:80, -0.482, 1.014, -0.186, 58.228, -22.217, -18.188, 101.387, 17.375, -135.374, -25.733, -41.273, 53.733, 31.11, -0.09723, -0.40775, 0.70154, 0.5762
2025-06-14 21:04:29.485000,f8:a2:fd:ea:fb:80, 0.085, 1.212, 0.013, 117.798, 32.288, -50.171, 110.275, 19.638, -133.259, -25.733, -41.273, 53.733, 31.11, -0.09723, -0.40775, 0.70154, 0.5762
2025-06-14 21:04:29.574000,f8:a2:fd:ea:fb:80, 0.333, 1.653, -0.704, 183.899, -19.897, -85.205, 125.222, 25.906, -134.5, -25.733, -41.273, 53.733, 31.11, -0.09723, -0.40775, 0.70154, 0.5762
2025-06-14 21:04:29.695000,f8:a2:fd:ea:fb:80, 0.014, 0.69, -0.479, 19.958, 18.677, -32.715, 138.466, 32.355, -134.044, -13.220, -14.460, 60.160, 31.11, 0.03784, -0.43546, 0.75931, 0.48196
2025-06-14 21:04:29.785000,f8:a2:fd:ea:fb:80, -0.472, 0.434, -0.046, -213.867, 50.537, 57.678, 124.958, 27.647, -134.83, -13.220, -14.460, 60.160, 31.11, 0.03784, -0.43546, 0.75931, 0.48196
2025-06-14 21:04:29.875000,f8:a2:fd:ea:fb:80, -0.546, 1.22, -0.555, -278.32, -126.892, 113.037, 94.356, 17.77, -141.987, -13.220, -14.460, 60.160, 31.11, 0.03784, -0.43546, 0.75931, 0.48196
2025-06-14 21:04:30.025000,f8:a2:fd:ea:fb:80, -0.298, 1.228, -1.613, -192.932, 9.583, 80.017, 69.033, 8.179, -139.861, -24.153, -56.320, 34.820, 31.11, 0.03784, -0.43546, 0.75931, 0.48196
2025-06-14 21:04:30.085000,f8:a2:fd:ea:fb:80, -0.269, 1.987, 0.865, 119.141, 60.73, -51.086, 73.751, 9.003, -137.972, -24.153, -56.320, 34.820, 31.11, -0.24643, -0.30502, 0.53827, 0.74588
2025-06-14 21:04:30.175000,f8:a2:fd:ea:fb:80, 0.062, 1.119, -0.091, 102.6, -6.531, -16.602, 86.287, 14.42, -127.584, -24.153, -56.320, 34.820, 31.11, -0.24643, -0.30502, 0.53827, 0.74588
2025-06-14 21:04:30.295000,f8:a2:fd:ea:fb:80, -0.172, 1.067, -0.156, 48.889, 3.357, -3.235, 94.164, 15.106, -122.591, -34.613, -48.487, 41.693, 31.11, -0.24643, -0.30502, 0.53827, 0.74588
2025-06-14 21:04:30.385000,f8:a2:fd:ea:fb:80, -0.189, 0.995, -0.208, 45.532, -8.362, -4.761, 98.888, 15.255, -122.443, -34.613, -48.487, 41.693, 31.11, -0.21701, -0.43762, 0.62354, 0.61032
2025-06-14 21:04:30.476000,f8:a2:fd:ea:fb:80, -0.307, 1.041, -0.125, 80.872, -27.588, -13.489, 104.507, 15.963, -125.903, -34.613, -48.487, 41.693, 31.11, -0.21701, -0.43762, 0.62354, 0.61032
2025-06-14 21:04:30.595000,f8:a2:fd:ea:fb:80, -0.031, 1.34, -0.041, 144.348, -33.081, -39.49, 115.334, 18.633, -125.711, -28.067, -30.813, 50.360, 31.11, -0.01813, -0.46661, 0.74976, 0.46875
2025-06-14 21:04:30.715000,f8:a2:fd:ea:fb:80, -0.123, 1.745, -0.352, 197.693, -62.866, -55.115, 130.479, 25.203, -128.298, -28.067, -30.813, 50.360, 31.11, -0.01813, -0.46661, 0.74976, 0.46875
2025-06-14 21:04:30.776000,f8:a2:fd:ea:fb:80, -0.231, 0.524, 0.104, -36.072, -19.043, 29.175, 136.719, 30.569, -134.478, -28.067, -30.813, 50.360, 31.11, -0.01813, -0.46661, 0.74976, 0.46875
2025-06-14 21:04:30.895000,f8:a2:fd:ea:fb:80, -0.409, 0.653, 0.087, -269.897, 33.569, 83.252, 118.559, 22.505, -135.665, -19.113, -21.133, 60.253, 31.11, -0.10297, -0.36322, 0.68832, 0.61932
2025-06-14 21:04:30.985000,f8:a2:fd:ea:fb:80, -0.353, 1.542, -0.885, -311.462, -78.247, 118.652, 86.259, 13.002, -144.811, -19.113, -21.133, 60.253, 31.11, -0.10297, -0.36322, 0.68832, 0.61932
2025-06-14 21:04:31.075000,f8:a2:fd:ea:fb:80, -0.317, 0.755, -1.934, -63.232, -2.563, 24.536, 63.973, 6.795, -142.015, -23.653, -58.067, 33.553, 31.11, -0.10297, -0.36322, 0.68832, 0.61932
2025-06-14 21:04:31.195000,f8:a2:fd:ea:fb:80, 0.072, 1.164, -0.718, 102.722, 110.107, -35.461, 74.888, 11.81, -136.648, -23.653, -58.067, 33.553, 31.11, -0.23294, -0.32205, 0.54187, 0.74048
2025-06-14 21:04:31.285000,f8:a2:fd:ea:fb:80, -0.122, 1.085, -0.153, 63.721, 15.93, -10.986, 87.303, 14.008, -134.802, -23.653, -58.067, 33.553, 31.11, -0.23294, -0.32205, 0.54187, 0.74048
2025-06-14 21:04:31.405000,f8:a2:fd:ea:fb:80, -0.105, 1, -0.194, 36.926, 19.897, -12.39, 93.181, 15.101, -132.594, -28.687, -48.413, 49.067, 31.11, -0.23294, -0.32205, 0.54187, 0.74048
2025-06-14 21:04:31.495000,f8:a2:fd:ea:fb:80, -0.275, 0.961, -0.185, 45.715, -9.521, -9.277, 98.053, 15.93, -132.671, -28.687, -48.413, 49.067, 31.11, -0.16733, -0.38309, 0.64563, 0.63898
2025-06-14 21:04:31.615000,f8:a2:fd:ea:fb:80, -0.335, 1.018, -0.128, 77.332, 16.602, -27.1, 103.859, 16.985, -133.577, -28.687, -48.413, 49.067, 31.11, -0.16733, -0.38309, 0.64563, 0.63898
2025-06-14 21:04:31.674000,f8:a2:fd:ea:fb:80, -0.135, 1.522, 0.085, 159.546, -21.301, -59.509, 116.082, 20.748, -131.776, -20.713, -25.053, 54.953, 31.11, -0.16733, -0.38309, 0.64563, 0.63898
2025-06-14 21:04:31.886000,f8:a2:fd:ea:fb:80, 0.089, 1.879, -0.358, 196.167, -47.546, -78.674, 132.297, 28.466, -132.451, -20.713, -25.053, 54.953, 31.11, 0.06583, -0.4487, 0.77719, 0.43613
2025-06-14 21:04:31.916000,f8:a2:fd:ea:fb:80, -0.095, 0.476, -0.035, -57.983, 11.658, 18.921, 136.511, 31.97, -134.824, -20.713, -25.053, 54.953, 31.11, 0.06583, -0.4487, 0.77719, 0.43613
2025-06-14 21:04:31.975000,f8:a2:fd:ea:fb:80, -0.417, 0.604, -0.044, -266.174, 31.86, 93.567, 115.873, 23.665, -136.489, -19.547, -35.893, 57.840, 31.11, 0.06583, -0.4487, 0.77719, 0.43613
2025-06-14 21:04:32.094000,f8:a2:fd:ea:fb:80, -0.358, 1.373, -0.833, -293.701, -38.513, 124.207, 84.803, 13.156, -145.289, -19.547, -35.893, 57.840, 31.11, -0.16843, -0.26822, 0.59012, 0.74252
2025-06-14 21:04:32.186000,f8:a2:fd:ea:fb:80, -0.246, 0.794, -1.911, -92.163, -8.667, 34.424, 65.198, 7.723, -140.444, -19.547, -35.893, 57.840, 31.11, -0.16843, -0.26822, 0.59012, 0.74252
2025-06-14 21:04:32.307000,f8:a2:fd:ea:fb:80, -0.068, 0.952, -0.384, 88.745, 104.492, -47.119, 76.399, 12.42, -136.774, -19.547, -35.893, 57.840, 31.11, -0.16843, -0.26822, 0.59012, 0.74252
2025-06-14 21:04:32.396000,f8:a2:fd:ea:fb:80, -0.245, 1.119, -0.158, 79.102, -4.211, -2.991, 88.264, 14.656, -132.308, -27.273, -54.860, 40.380, 31.11, -0.20087, -0.38269, 0.61465, 0.65976
2025-06-14 21:04:32.515000,f8:a2:fd:ea:fb:80, -0.175, 1.043, -0.116, 39.734, -5.737, -6.042, 94.351, 15.09, -130.32, -27.273, -54.860, 40.380, 31.11, -0.20087, -0.38269, 0.61465, 0.65976
2025-06-14 21:04:32.605000,f8:a2:fd:ea:fb:80, -0.174, 0.997, -0.204, 52.124, -34.851, -8.24, 98.619, 15.732, -132.599, -27.273, -54.860, 40.380, 31.11, -0.20087, -0.38269, 0.61465, 0.65976
2025-06-14 21:04:32.725000,f8:a2:fd:ea:fb:80, -0.398, 0.988, -0.042, 84.778, -2.075, -30.212, 103.607, 17.172, -135.198, -26.000, -40.193, 52.747, 31.11, -0.09781, -0.40945, 0.70938, 0.56522
2025-06-14 21:04:32.815000,f8:a2:fd:ea:fb:80, -0.223, 1.492, 0.193, 162.415, -22.705, -53.284, 115.505, 20.209, -132.539, -26.000, -40.193, 52.747, 31.11, -0.09781, -0.40945, 0.70938, 0.56522
2025-06-14 21:04:32.906000,f8:a2:fd:ea:fb:80, -0.187, 1.782, -0.49, 191.162, -32.593, -85.754, 131.133, 27.867, -134.149, -26.000, -40.193, 52.747, 31.11, -0.09781, -0.40945, 0.70938, 0.56522
2025-06-14 21:04:33.024000,f8:a2:fd:ea:fb:80, -0.122, 0.511, 0.106, -52.612, 26.978, -2.441, 138.175, 29.91, -133.5, -14.033, -13.533, 58.660, 31.11, 0.01932, -0.43918, 0.76675, 0.46768
2025-06-14 21:04:33.115000,f8:a2:fd:ea:fb:80, -0.425, 0.647, 0.008, -252.441, 28.32, 60.242, 120.234, 23.571, -133.358, -14.033, -13.533, 58.660, 31.11, 0.01932, -0.43918, 0.76675, 0.46768
2025-06-14 21:04:33.206000,f8:a2:fd:ea:fb:80, -0.562, 1.333, -0.8, -306.396, -66.895, 99.426, 89.423, 15.172, -139.477, -14.033, -13.533, 58.660, 31.11, 0.01932, -0.43918, 0.76675, 0.46768
2025-06-14 21:04:33.325000,f8:a2:fd:ea:fb:80, -0.324, 0.823, -1.722, -73.425, -52.124, 40.344, 66.967, 7.756, -138.455, -24.620, -54.140, 38.560, 31.11, -0.24997, -0.26447, 0.52188, 0.77142
2025-06-14 21:04:33.415000,f8:a2:fd:ea:fb:80, -0.079, 1.277, -0.686, 62.5, 188.721, -35.4, 75.872, 10.948, -134.418, -24.620, -54.140, 38.560, 31.11, -0.24997, -0.26447, 0.52188, 0.77142
2025-06-14 21:04:33.506000,f8:a2:fd:ea:fb:80, -0.09, 1.097, -0.189, 89.844, 0.366, -4.944, 88.715, 14.128, -128.139, -24.620, -54.140, 38.560, 31.11, -0.24997, -0.26447, 0.52188, 0.77142
2025-06-14 21:04:33.625000,f8:a2:fd:ea:fb:80, -0.149, 1.021, -0.197, 44.617, -22.156, -7.935, 95.466, 14.7, -126.672, -32.307, -48.880, 45.027, 31.11, -0.19598, -0.4057, 0.6348, 0.62762
2025-06-14 21:04:33.715000,f8:a2:fd:ea:fb:80, -0.149, 0.95, -0.2, 49.5, -28.442, -7.385, 99.52, 15.348, -128.958, -32.307, -48.880, 45.027, 31.11, -0.19598, -0.4057, 0.6348, 0.62762
2025-06-14 21:04:33.805000,f8:a2:fd:ea:fb:80, -0.261, 0.944, -0.08, 75.745, 3.845, -26.428, 104.98, 16.639, -130.424, -26.620, -33.153, 51.060, 31.11, -0.19598, -0.4057, 0.6348, 0.62762
2025-06-14 21:04:33.926000,f8:a2:fd:ea:fb:80, -0.335, 1.55, 0.168, 158.508, -27.1, -48.828, 116.878, 19.726, -128.584, -26.620, -33.153, 51.060, 31.11, -0.04926, -0.44562, 0.737, 0.50568
2025-06-14 21:04:34.016000,f8:a2:fd:ea:fb:80, -0.101, 1.661, -0.55, 189.331, -49.316, -77.942, 133.303, 28.224, -131.523, -26.620, -33.153, 51.060, 31.11, -0.04926, -0.44562, 0.737, 0.50568
2025-06-14 21:04:34.104000,f8:a2:fd:ea:fb:80, -0.261, 0.458, 0.164, -52.49, -20.203, 21.851, 135.654, 30.641, -134.94, -15.100, -16.933, 60.660, 31.11, -0.04926, -0.44562, 0.737, 0.50568
2025-06-14 21:04:34.225000,f8:a2:fd:ea:fb:80, -0.434, 0.593, -0.064, -267.944, 30.884, 94.238, 113.549, 21.61, -137.329, -15.100, -16.933, 60.660, 31.11, -0.09061, -0.36313, 0.69455, 0.61435
2025-06-14 21:04:34.315000,f8:a2:fd:ea:fb:80, -0.554, 1.418, -1.052, -295.593, -78.979, 104.431, 81.59, 11.635, -145.261, -15.100, -16.933, 60.660, 31.11, -0.09061, -0.36313, 0.69455, 0.61435
2025-06-14 21:04:34.406000,f8:a2:fd:ea:fb:80, 0.115, 0.674, -1.552, 49.377, -23.926, 8.667, 67.879, 5.405, -144.739, -15.100, -16.933, 60.660, 31.11, -0.09061, -0.36313, 0.69455, 0.61435
2025-06-14 21:04:34.526000,f8:a2:fd:ea:fb:80, -0.155, 1.321, -0.423, 114.38, 40.894, -18.25, 79.711, 11.975, -137.444, -24.020, -56.313, 39.087, 31.11, -0.20807, -0.34363, 0.58975, 0.7005
2025-06-14 21:04:34.614000,f8:a2:fd:ea:fb:80, -0.304, 1.058, -0.194, 49.622, 56.213, -7.446, 89.83, 14.156, -133.555, -24.020, -56.313, 39.087, 31.11, -0.20807, -0.34363, 0.58975, 0.7005
2025-06-14 21:04:34.705000,f8:a2:fd:ea:fb:80, -0.192, 0.985, -0.119, 37.964, 15.503, -11.353, 96.097, 14.969, -129.831, -24.020, -56.313, 39.087, 31.11, -0.20807, -0.34363, 0.58975, 0.7005
2025-06-14 21:04:34.825000,f8:a2:fd:ea:fb:80, -0.181, 1.046, -0.2, 54.932, -30.212, -7.507, 100.629, 15.639, -131.336, -28.953, -41.447, 50.807, 31.11, -0.13049, -0.40091, 0.68808, 0.59048
2025-06-14 21:04:34.916000,f8:a2:fd:ea:fb:80, -0.156, 1.313, -0.257, 100.891, 35.522, -38.025, 107.88, 17.408, -131.819, -28.953, -41.447, 50.807, 31.11, -0.13049, -0.40091, 0.68808, 0.59048
2025-06-14 21:04:35.008000,f8:a2:fd:ea:fb:80, -0.216, 1.884, 0.506, 184.021, -70.435, -61.157, 121.965, 22.066, -131.567, -28.953, -41.447, 50.807, 31.11, -0.13049, -0.40091, 0.68808, 0.59048
2025-06-14 21:04:35.126000,f8:a2:fd:ea:fb:80, 0.03, 0.997, -0.245, 128.235, -49.438, -37.17, 137.455, 29.949, -132.759, -16.127, -15.507, 58.273, 31.11, -0.13049, -0.40091, 0.68808, 0.59048
2025-06-14 21:04:35.215000,f8:a2:fd:ea:fb:80, -0.57, 0.279, 0.056, -175.476, 85.693, 35.4, 132.204, 28.361, -133.572, -16.127, -15.507, 58.273, 31.11, 0.03638, -0.44055, 0.77039, 0.45935
2025-06-14 21:04:35.335000,f8:a2:fd:ea:fb:80, -0.632, 0.854, 0.026, -280.579, -77.393, 106.689, 104.875, 19.243, -137.538, -16.127, -15.507, 58.273, 31.11, 0.03638, -0.44055, 0.77039, 0.45935
2025-06-14 21:04:35.425000,f8:a2:fd:ea:fb:80, -0.787, 1.292, -1.392, -256.653, 23.865, 86.975, 76.514, 9.646, -142.723, -24.080, -54.013, 39.967, 31.11, 0.03638, -0.44055, 0.77039, 0.45935
2025-06-14 21:04:35.515000,f8:a2:fd:ea:fb:80, -0.505, 0.612, -1.189, 87.769, -29.846, -3.845, 72.894, 5.532, -143.361, -24.080, -54.013, 39.967, 31.11, -0.22189, -0.2308, 0.55756, 0.76584
2025-06-14 21:04:35.605000,f8:a2:fd:ea:fb:80, -0.23, 0.896, -0.05, 102.051, 41.931, -21.729, 84.99, 12.892, -131.133, -24.080, -54.013, 39.967, 31.11, -0.22189, -0.2308, 0.55756, 0.76584
2025-06-14 21:04:35.725000,f8:a2:fd:ea:fb:80, -0.115, 0.984, -0.074, 56.763, 41.809, -8.972, 94.51, 13.881, -128.09, -32.720, -46.980, 45.773, 31.11, -0.19901, -0.40576, 0.63889, 0.62247
2025-06-14 21:04:35.814000,f8:a2:fd:ea:fb:80, -0.198, 1.016, -0.222, 35.828, -15.747, -8.606, 99.349, 14.683, -127.974, -32.720, -46.980, 45.773, 31.11, -0.19901, -0.40576, 0.63889, 0.62247
2025-06-14 21:04:35.905000,f8:a2:fd:ea:fb:80, -0.513, 1.044, -0.207, 57.312, -37.598, -10.193, 103.403, 15.645, -131.391, -32.720, -46.980, 45.773, 31.11, -0.19901, -0.40576, 0.63889, 0.62247
2025-06-14 21:04:36.025000,f8:a2:fd:ea:fb:80, 0.275, 1.079, -0.03, 123.962, 11.414, -43.213, 112.176, 17.831, -130.803, -27.860, -31.273, 50.620, 31.11, -0.02338, -0.42853, 0.7515, 0.50095
2025-06-14 21:04:36.115000,f8:a2:fd:ea:fb:80, -0.117, 1.585, -0.548, 190.002, -44.006, -77.698, 126.887, 25.378, -133.759, -27.860, -31.273, 50.620, 31.11, -0.02338, -0.42853, 0.7515, 0.50095
2025-06-14 21:04:36.205000,f8:a2:fd:ea:fb:80, -0.132, 0.616, 0.105, -3.662, -21.057, -5.554, 138.713, 30.646, -132.792, -27.860, -31.273, 50.620, 31.11, -0.02338, -0.42853, 0.7515, 0.50095
2025-06-14 21:04:36.326000,f8:a2:fd:ea:fb:80, -0.599, 0.591, -0.104, -231.995, 24.78, 76.843, 123.322, 26.702, -136.258, -17.080, -22.153, 60.347, 31.11, -0.02338, -0.42853, 0.7515, 0.50095
2025-06-14 21:04:36.414000,f8:a2:fd:ea:fb:80, -0.484, 1.294, -0.736, -314.331, -61.951, 102.051, 92.192, 16.65, -141.498, -17.080, -22.153, 60.347, 31.11, -0.09546, -0.36008, 0.67563, 0.63611
2025-06-14 21:04:36.506000,f8:a2:fd:ea:fb:80, -0.24, 0.965, -1.715, -119.202, -52.429, 57.983, 66.231, 7.35, -143.3, -17.080, -22.153, 60.347, 31.11, -0.09546, -0.36008, 0.67563, 0.63611
2025-06-14 21:04:36.660000,f8:a2:fd:ea:fb:80, -0.167, 1.727, 0.421, 83.435, 128.906, -37.048, 72.279, 10.014, -138.625, -24.967, -57.753, 35.227, 31.11, -0.09546, -0.36008, 0.67563, 0.63611
2025-06-14 21:04:36.775000,f8:a2:fd:ea:fb:80, -0.054, 1.155, -0.241, 90.759, 17.761, -5.493, 85.941, 14.172, -130.809, -24.967, -57.753, 35.227, 31.11, -0.22571, -0.36356, 0.57745, 0.69519
2025-06-14 21:04:36.835000,f8:a2:fd:ea:fb:80, -0.182, 1.044, -0.21, 41.321, 33.936, -10.864, 94.224, 15.068, -124.969, -24.967, -57.753, 35.227, 31.11, -0.22571, -0.36356, 0.57745, 0.69519
2025-06-14 21:04:36.927000,f8:a2:fd:ea:fb:80, -0.18, 0.974, -0.188, 41.565, -20.203, -2.441, 98.438, 15.244, -124.865, -32.573, -44.753, 46.073, 31.11, -0.22571, -0.36356, 0.57745, 0.69519
2025-06-14 21:04:37.045000,f8:a2:fd:ea:fb:80, -0.246, 1.071, -0.236, 63.66, -17.517, -10.071, 103.277, 15.716, -127.194, -32.573, -44.753, 46.073, 31.11, -0.17731, -0.42136, 0.65796, 0.5983
2025-06-14 21:04:37.136000,f8:a2:fd:ea:fb:80, -0.189, 1.323, -0.09, 145.203, -21.301, -35.156, 112.775, 17.748, -127.09, -32.573, -44.753, 46.073, 31.11, -0.17731, -0.42136, 0.65796, 0.5983
2025-06-14 21:04:37.288000,f8:a2:fd:ea:fb:80, 0.04, 1.731, -0.598, 179.382, -22.278, -79.529, 127.7, 24.285, -130.523, -21.007, -19.987, 54.720, 31.11, -0.17731, -0.42136, 0.65796, 0.5983
2025-06-14 21:04:37.345000,f8:a2:fd:ea:fb:80, -0.12, 0.521, -0.271, 6.836, -12.878, -5.432, 137.697, 29.63, -131.874, -21.007, -19.987, 54.720, 31.11, 0.07278, -0.44351, 0.7843, 0.42749
2025-06-14 21:04:37.436000,f8:a2:fd:ea:fb:80, -0.543, 0.542, 0.021, -216.064, 32.593, 75.378, 121.767, 24.384, -135.61, -21.007, -19.987, 54.720, 31.11, 0.07278, -0.44351, 0.7843, 0.42749
2025-06-14 21:04:37.555000,f8:a2:fd:ea:fb:80, -0.878, 1.265, -0.565, -273.132, -122.62, 116.028, 91.818, 14.711, -145.371, -21.667, -49.933, 47.853, 31.11, 0.07278, -0.44351, 0.7843, 0.42749
2025-06-14 21:04:37.678000,f8:a2:fd:ea:fb:80, 0.023, 1.271, -1.436, -181.213, -4.456, 51.88, 67.456, 6.345, -144.025, -21.667, -49.933, 47.853, 31.11, -0.23282, -0.21185, 0.50595, 0.80301
2025-06-14 21:04:37.766000,f8:a2:fd:ea:fb:80, -0.212, 2.037, 0.834, 98.206, 55.054, -36.621, 73.965, 9.855, -140.543, -21.667, -49.933, 47.853, 31.11, -0.23282, -0.21185, 0.50595, 0.80301
2025-06-14 21:04:37.857000,f8:a2:fd:ea:fb:80, -0.167, 1.055, -0.122, 81.909, 16.846, -13.916, 85.968, 13.815, -133.616, -29.247, -51.447, 45.407, 31.11, -0.23282, -0.21185, 0.50595, 0.80301
2025-06-14 21:04:37.976000,f8:a2:fd:ea:fb:80, -0.154, 1.04, -0.14, 56.885, 26.367, -12.39, 93.785, 14.727, -129.71, -29.247, -51.447, 45.407, 31.11, -0.20001, -0.39169, 0.62402, 0.64581
2025-06-14 21:04:38.036000,f8:a2:fd:ea:fb:80, -0.233, 0.986, -0.189, 39.062, -18.677, -7.507, 98.053, 15.156, -130.243, -29.247, -51.447, 45.407, 31.11, -0.20001, -0.39169, 0.62402, 0.64581
2025-06-14 21:04:38.156000,f8:a2:fd:ea:fb:80, -0.286, 0.955, -0.089, 75.317, 5.615, -25.879, 102.607, 16.188, -132.363, -26.380, -37.293, 50.700, 31.11, -0.11407, -0.43124, 0.70453, 0.55185
2025-06-14 21:04:38.245000,f8:a2:fd:ea:fb:80, -0.156, 1.54, 0, 157.715, -4.822, -50.842, 114.082, 18.803, -129.265, -26.380, -37.293, 50.700, 31.11, -0.11407, -0.43124, 0.70453, 0.55185
2025-06-14 21:04:38.335000,f8:a2:fd:ea:fb:80, -0.214, 1.777, -0.387, 196.289, -59.692, -75.867, 130.408, 26.691, -131.803, -26.380, -37.293, 50.700, 31.11, -0.11407, -0.43124, 0.70453, 0.55185
2025-06-14 21:04:38.486000,f8:a2:fd:ea:fb:80, -0.049, 0.581, 0.193, -21.118, -33.936, 14.526, 138.115, 31.569, -135.071, -13.820, -14.273, 58.987, 31.11, 0.0155, -0.40405, 0.76425, 0.50229
2025-06-14 21:04:38.606000,f8:a2:fd:ea:fb:80, -0.422, 0.63, -0.099, -247.498, 45.471, 98.022, 120.482, 24.285, -138.516, -13.820, -14.273, 58.987, 31.11, 0.0155, -0.40405, 0.76425, 0.50229
2025-06-14 21:04:38.635000,f8:a2:fd:ea:fb:80, -0.579, 1.542, -0.853, -292.419, -103.394, 127.869, 88.978, 13.03, -146.882, -13.820, -14.273, 58.987, 31.11, 0.0155, -0.40405, 0.76425, 0.50229
2025-06-14 21:04:38.757000,f8:a2:fd:ea:fb:80, -0.465, 0.785, -1.855, -79.163, 17.151, 21.851, 66.808, 5.554, -144.388, -23.820, -54.273, 40.393, 31.11, 0.0155, -0.40405, 0.76425, 0.50229
2025-06-14 21:04:38.844000,f8:a2:fd:ea:fb:80, -0.202, 0.932, -0.598, 92.102, 109.802, -44.922, 75.828, 11.14, -138.417, -23.820, -54.273, 40.393, 31.11, -0.23285, -0.24274, 0.51965, 0.78531
2025-06-14 21:04:38.937000,f8:a2:fd:ea:fb:80, -0.075, 1.042, -0.114, 76.111, -11.047, -0.488, 87.462, 14.343, -132.534, -23.820, -54.273, 40.393, 31.13, -0.23285, -0.24274, 0.51965, 0.78531
2025-06-14 21:04:39.056000,f8:a2:fd:ea:fb:80, -0.158, 0.994, -0.176, 42.297, 0.977, -9.216, 94.153, 14.903, -130.226, -23.820, -54.273, 40.393, 31.13, -0.23285, -0.24274, 0.51965, 0.78531
2025-06-14 21:04:39.146000,f8:a2:fd:ea:fb:80, -0.188, 0.996, -0.171, 41.199, -16.663, -8.911, 98.08, 15.529, -131.166, -28.620, -41.833, 49.633, 31.13, -0.23285, -0.24274, 0.51965, 0.78531
2025-06-14 21:04:39.234000,f8:a2:fd:ea:fb:80, -0.375, 0.947, -0.109, 68.787, 8.606, -26.367, 102.942, 16.82, -132.512, -28.620, -41.833, 49.633, 31.13, -0.14172, -0.39618, 0.67307, 0.60815
2025-06-14 21:04:39.356000,f8:a2:fd:ea:fb:80, -0.137, 1.358, 0.045, 150.391, 2.869, -51.331, 114.554, 19.627, -129.315, -28.620, -41.833, 49.633, 31.13, -0.14172, -0.39618, 0.67307, 0.60815
2025-06-14 21:04:39.446000,f8:a2:fd:ea:fb:80, -0.33, 1.83, -0.258, 203.857, -74.768, -74.036, 130.963, 28.032, -132.599, -16.060, -17.193, 55.233, 31.13, -0.14172, -0.39618, 0.67307, 0.60815
2025-06-14 21:04:39.538000,f8:a2:fd:ea:fb:80, -0.128, 0.542, 0.168, 2.502, -22.339, 12.695, 137.313, 32.113, -136.478, -16.060, -17.193, 55.233, 31.13, 0.10959, -0.42529, 0.79395, 0.42029
2025-06-14 21:04:39.656000,f8:a2:fd:ea:fb:80, -0.406, 0.553, -0.041, -241.333, 64.941, 84.717, 119.427, 23.417, -137.637, -16.060, -17.193, 55.233, 31.13, 0.10959, -0.42529, 0.79395, 0.42029
2025-06-14 21:04:39.745000,f8:a2:fd:ea:fb:80, -0.725, 1.477, -0.7, -299.377, -110.596, 116.699, 87.852, 13.332, -145.508, -22.133, -46.780, 50.247, 31.13, 0.10959, -0.42529, 0.79395, 0.42029
2025-06-14 21:04:39.837000,f8:a2:fd:ea:fb:80, -0.874, 0.933, -1.741, -121.033, -47.058, 53.467, 64.786, 3.917, -144.086, -22.133, -46.780, 50.247, 31.13, -0.24271, -0.1925, 0.50043, 0.80838
2025-06-14 21:04:39.956000,f8:a2:fd:ea:fb:80, -0.089, 0.917, -1.197, 66.956, 175.659, -49.744, 74.323, 9.196, -137.307, -22.133, -46.780, 50.247, 31.13, -0.24271, -0.1925, 0.50043, 0.80838
2025-06-14 21:04:40.046000,f8:a2:fd:ea:fb:80, -0.055, 1.062, -0.201, 85.571, -8.789, -6.287, 86.907, 12.903, -131.616, -31.280, -48.773, 44.707, 31.13, -0.24271, -0.1925, 0.50043, 0.80838
2025-06-14 21:04:40.166000,f8:a2:fd:ea:fb:80, -0.096, 1.035, -0.179, 40.771, -8.179, -7.08, 93.829, 13.552, -129.968, -31.280, -48.773, 44.707, 31.13, -0.20377, -0.38159, 0.62872, 0.64612
2025-06-14 21:04:40.256000,f8:a2:fd:ea:fb:80, -0.203, 0.976, -0.206, 39.185, -36.499, -8.911, 97.234, 14.326, -132.314, -31.280, -48.773, 44.707, 31.13, -0.20377, -0.38159, 0.62872, 0.64612
2025-06-14 21:04:40.346000,f8:a2:fd:ea:fb:80, -0.479, 0.989, -0.129, 75.745, 9.399, -26.306, 101.904, 15.463, -134.621, -26.980, -31.993, 50.233, 31.13, -0.20377, -0.38159, 0.62872, 0.64612
2025-06-14 21:04:40.435000,f8:a2:fd:ea:fb:80, -0.259, 1.479, 0.146, 162.231, -9.094, -54.688, 113.879, 18.232, -131.677, -26.980, -31.993, 50.233, 31.13, -0.0712, -0.42358, 0.7348, 0.52481
2025-06-14 21:04:40.557000,f8:a2:fd:ea:fb:80, -0.222, 1.787, -0.502, 209.839, -62.805, -82.336, 130.809, 26.823, -134.324, -26.980, -31.993, 50.233, 31.13, -0.0712, -0.42358, 0.7348, 0.52481
2025-06-14 21:04:40.646000,f8:a2:fd:ea:fb:80, -0.067, 0.489, 0.097, -30.212, -2.563, 1.77, 139.005, 30.624, -134.835, -15.153, -12.647, 58.667, 31.13, -0.0712, -0.42358, 0.7348, 0.52481
2025-06-14 21:04:40.737000,f8:a2:fd:ea:fb:80, -0.46, 0.589, -0.065, -258.545, 40.894, 79.773, 121.174, 24.071, -136.39, -15.153, -12.647, 58.667, 31.13, -0.05081, -0.39612, 0.72787, 0.55731
2025-06-14 21:04:40.856000,f8:a2:fd:ea:fb:80, -0.456, 1.48, -0.9, -313.782, -89.172, 109.375, 88.237, 14.337, -143.575, -15.153, -12.647, 58.667, 31.13, -0.05081, -0.39612, 0.72787, 0.55731
2025-06-14 21:04:40.947000,f8:a2:fd:ea:fb:80, -0.386, 0.817, -1.618, -73.669, -35.522, 27.954, 67.764, 8.416, -142.366, -24.253, -57.313, 36.327, 31.13, -0.05081, -0.39612, 0.72787, 0.55731
2025-06-14 21:04:41.097000,f8:a2:fd:ea:fb:80, -0.006, 0.938, -0.683, 105.713, 73.914, -31.616, 77.294, 12.914, -137.758, -24.253, -57.313, 36.327, 31.13, -0.21518, -0.29486, 0.54196, 0.7569
2025-06-14 21:04:41.158000,f8:a2:fd:ea:fb:80, -0.136, 1.084, -0.208, 60.242, 25.33, -5.493, 89.231, 14.722, -134.989, -24.253, -57.313, 36.327, 31.13, -0.21518, -0.29486, 0.54196, 0.7569
2025-06-14 21:04:41.276000,f8:a2:fd:ea:fb:80, -0.161, 0.994, -0.142, 33.447, -4.089, -8.606, 94.598, 15.271, -133.363, -27.880, -48.547, 49.833, 31.13, -0.15836, -0.3703, 0.64792, 0.64645
2025-06-14 21:04:41.366000,f8:a2:fd:ea:fb:80, -0.12, 0.927, -0.195, 48.462, -47.852, -10.62, 98.24, 16.375, -136.522, -27.880, -48.547, 49.833, 31.13, -0.15836, -0.3703, 0.64792, 0.64645
2025-06-14 21:04:41.486000,f8:a2:fd:ea:fb:80, -0.36, 1.064, -0.167, 64.575, 42.114, -35.461, 103.722, 18.051, -136.989, -27.880, -48.547, 49.833, 31.13, -0.15836, -0.3703, 0.64792, 0.64645
2025-06-14 21:04:41.576000,f8:a2:fd:ea:fb:80, -0.096, 1.45, 0.139, 143.982, 2.686, -52.307, 115.593, 20.709, -132.341, -17.833, -23.780, 53.007, 31.13, -0.15836, -0.3703, 0.64792, 0.64645
2025-06-14 21:04:41.666000,f8:a2:fd:ea:fb:80, -0.01, 1.774, -0.556, 191.711, -34.302, -80.75, 131.655, 28.18, -133.281, -17.833, -23.780, 53.007, 31.13, 0.09183, -0.44492, 0.78922, 0.41306
2025-06-14 21:04:41.785000,f8:a2:fd:ea:fb:80, -0.137, 0.427, 0.106, -63.416, 4.395, 7.874, 138.175, 30.41, -132.907, -17.833, -23.780, 53.007, 31.13, 0.09183, -0.44492, 0.78922, 0.41306
2025-06-14 21:04:41.878000,f8:a2:fd:ea:fb:80, -0.27, 0.664, 0.027, -280.029, 37.537, 86.182, 118.916, 22.945, -133.132, -22.733, -39.280, 54.200, 31.13, 0.09183, -0.44492, 0.78922, 0.41306
2025-06-14 21:04:41.965000,f8:a2:fd:ea:fb:80, -0.484, 1.451, -1.11, -302.49, -56.213, 130.981, 87.083, 13.431, -142.273, -22.733, -39.280, 54.200, 31.13, -0.21573, -0.2467, 0.5564, 0.76349
2025-06-14 21:04:42.086000,f8:a2:fd:ea:fb:80, 0.03, 0.759, -1.836, -42.969, 14.099, 28.076, 67.236, 4.834, -140.828, -22.733, -39.280, 54.200, 31.13, -0.21573, -0.2467, 0.5564, 0.76349
2025-06-14 21:04:42.176000,f8:a2:fd:ea:fb:80, -0.112, 1.434, -0.991, 110.718, 99.915, -19.165, 77.706, 11.376, -133.594, -30.013, -52.633, 40.153, 31.13, -0.21573, -0.2467, 0.5564, 0.76349
2025-06-14 21:04:42.265000,f8:a2:fd:ea:fb:80, -0.125, 1.05, -0.22, 43.945, 83.008, -10.498, 88.896, 13.744, -129.452, -30.013, -52.633, 40.153, 31.13, -0.23059, -0.39575, 0.59766, 0.65793
2025-06-14 21:04:42.386000,f8:a2:fd:ea:fb:80, -0.102, 0.984, -0.193, 33.203, 18.677, -12.878, 94.719, 14.705, -126.497, -30.013, -52.633, 40.153, 31.13, -0.23059, -0.39575, 0.59766, 0.65793
2025-06-14 21:04:42.479000,f8:a2:fd:ea:fb:80, -0.219, 1.023, -0.217, 50.659, -28.931, -4.211, 98.784, 15.233, -127.634, -31.153, -39.927, 47.360, 31.13, -0.23059, -0.39575, 0.59766, 0.65793
2025-06-14 21:04:42.566000,f8:a2:fd:ea:fb:80, -0.222, 1.064, -0.159, 92.102, 26.062, -30.945, 104.908, 16.485, -130.106, -31.153, -39.927, 47.360, 31.13, -0.14795, -0.41397, 0.67801, 0.58902
2025-06-14 21:04:42.685000,f8:a2:fd:ea:fb:80, 0.062, 1.926, 0.268, 177.673, -48.157, -43.945, 118.328, 20.094, -129.386, -31.153, -39.927, 47.360, 31.13, -0.14795, -0.41397, 0.67801, 0.58902
2025-06-14 21:04:42.777000,f8:a2:fd:ea:fb:80, 0.233, 1.522, 0.132, 157.166, -63.66, -50.964, 134.11, 28.427, -134.077, -16.647, -14.307, 57.047, 31.13, -0.14795, -0.41397, 0.67801, 0.58902
2025-06-14 21:04:42.866000,f8:a2:fd:ea:fb:80, -0.342, 0.443, -0.031, -110.962, 71.228, 38.269, 132.973, 29.004, -137.318, -16.647, -14.307, 57.047, 31.13, 0.05933, -0.41602, 0.78714, 0.45135
2025-06-14 21:04:42.987000,f8:a2:fd:ea:fb:80, -0.376, 0.699, 0.002, -285.095, 10.376, 93.445, 109.775, 18.435, -136.901, -16.647, -14.307, 57.047, 31.13, 0.05933, -0.41602, 0.78714, 0.45135
2025-06-14 21:04:43.076000,f8:a2:fd:ea:fb:80, -0.666, 1.494, -1.118, -293.335, 9.277, 107.849, 79.629, 9.086, -144.619, -24.807, -49.773, 44.100, 31.13, 0.05933, -0.41602, 0.78714, 0.45135
2025-06-14 21:04:43.167000,f8:a2:fd:ea:fb:80, -0.429, 0.75, -1.265, -0.61, -37.537, 25.208, 66.912, 5.048, -140.889, -24.807, -49.773, 44.100, 31.13, -0.2467, -0.24399, 0.52664, 0.77597
2025-06-14 21:04:43.287000,f8:a2:fd:ea:fb:80, -0.278, 1.043, -0.68, 107.605, 55.725, -25.024, 78.739, 11.223, -134.324, -24.807, -49.773, 44.100, 31.13, -0.2467, -0.24399, 0.52664, 0.77597
2025-06-14 21:04:43.377000,f8:a2:fd:ea:fb:80, -0.125, 1.045, -0.148, 54.077, 35.4, -5.127, 89.209, 12.7, -131.88, -32.100, -46.140, 46.447, 31.13, -0.2467, -0.24399, 0.52664, 0.77597
2025-06-14 21:04:43.466000,f8:a2:fd:ea:fb:80, -0.222, 1.006, -0.149, 38.147, 0.977, -12.024, 94.9, 13.381, -131.627, -32.100, -46.140, 46.447, 31.13, -0.19534, -0.37164, 0.63654, 0.64685
2025-06-14 21:04:43.586000,f8:a2:fd:ea:fb:80, -0.145, 1, -0.213, 53.65, -11.169, -11.108, 99.245, 14.156, -134.094, -32.100, -46.140, 46.447, 31.13, -0.19534, -0.37164, 0.63654, 0.64685
2025-06-14 21:04:43.677000,f8:a2:fd:ea:fb:80, -0.291, 1.19, -0.137, 90.393, 62.744, -35.4, 106.089, 15.672, -132.94, -28.547, -30.520, 49.000, 31.13, -0.19534, -0.37164, 0.63654, 0.64685
2025-06-14 21:04:43.766000,f8:a2:fd:ea:fb:80, -0.059, 1.781, 0.47, 191.223, -85.51, -65.125, 119.625, 20.11, -131.781, -28.547, -30.520, 49.000, 31.13, -0.19534, -0.37164, 0.63654, 0.64685
2025-06-14 21:04:43.886000,f8:a2:fd:ea:fb:80, 0.03, 1.317, 0.062, 142.7, -65.186, -57.983, 136.45, 29.114, -133.797, -28.547, -30.520, 49.000, 31.13, -0.01721, -0.42917, 0.75882, 0.48947
2025-06-14 21:04:43.977000,f8:a2:fd:ea:fb:80, -0.155, 0.455, 0.208, -134.033, 18.86, 52.063, 134.511, 30.377, -137.549, -28.547, -30.520, 49.000, 31.13, -0.01721, -0.42917, 0.75882, 0.48947
2025-06-14 21:04:44.127000,f8:a2:fd:ea:fb:80, -0.432, 0.836, -0.107, -306.152, -0.732, 111.694, 109.083, 20.753, -140.301, -20.247, -32.147, 58.187, 31.13, -0.01721, -0.42917, 0.75882, 0.48947
2025-06-14 21:04:44.186000,f8:a2:fd:ea:fb:80, -0.873, 1.85, -1.324, -336.121, 30.273, 122.314, 74.855, 8.773, -146.234, -20.247, -32.147, 58.187, 31.13, -0.16898, -0.24237, 0.58157, 0.75787
2025-06-14 21:04:44.277000,f8:a2:fd:ea:fb:80, -0.77, 0.665, -1.517, 107.178, 26.55, -27.832, 63.314, 7.454, -139.955, -20.247, -32.147, 58.187, 31.13, -0.16898, -0.24237, 0.58157, 0.75787
2025-06-14 21:04:44.365000,f8:a2:fd:ea:fb:80, -0.024, 0.962, 0.005, 115.906, 49.744, -14.16, 79.525, 12.986, -135.681, -26.473, -53.973, 42.813, 31.13, -0.16898, -0.24237, 0.58157, 0.75787
2025-06-14 21:04:44.516000,f8:a2:fd:ea:fb:80, -0.126, 1.037, -0.169, 43.579, 12.329, -5.615, 89.753, 13.519, -136.549, -26.473, -53.973, 42.813, 31.13, -0.18051, -0.33853, 0.62448, 0.68024
2025-06-14 21:04:44.576000,f8:a2:fd:ea:fb:80, -0.166, 0.99, -0.151, 33.691, 5.432, -18.799, 94.186, 14.584, -136.527, -26.473, -53.973, 42.813, 31.13, -0.18051, -0.33853, 0.62448, 0.68024
2025-06-14 21:04:44.666000,f8:a2:fd:ea:fb:80, -0.365, 0.927, -0.16, 49.377, 4.272, -15.869, 98.795, 15.705, -136.214, -25.887, -41.787, 53.340, 31.13, -0.18051, -0.33853, 0.62448, 0.68024
2025-06-14 21:04:44.786000,f8:a2:fd:ea:fb:80, -0.237, 1.091, -0.162, 78.43, 63.599, -38.635, 106.386, 17.292, -132.534, -25.887, -41.787, 53.340, 31.13, -0.12955, -0.39206, 0.68521, 0.59988
2025-06-14 21:04:44.876000,f8:a2:fd:ea:fb:80, 0.125, 1.882, 0.299, 179.138, -60.303, -57.739, 119.707, 21.703, -131.484, -25.887, -41.787, 53.340, 31.13, -0.12955, -0.39206, 0.68521, 0.59988
2025-06-14 21:04:44.966000,f8:a2:fd:ea:fb:80, 0.037, 1.365, -0.04, 151.428, -64.514, -52.49, 135.225, 30.712, -134.67, -14.653, -15.720, 57.807, 31.13, -0.12955, -0.39206, 0.68521, 0.59988
2025-06-14 21:04:45.086000,f8:a2:fd:ea:fb:80, -0.197, 0.424, 0.101, -109.314, 58.472, 32.776, 133.138, 29.52, -135.895, -14.653, -15.720, 57.807, 31.13, 0.05927, -0.42575, 0.78046, 0.45389
2025-06-14 21:04:45.176000,f8:a2:fd:ea:fb:80, -0.436, 0.738, 0.019, -275.879, 7.324, 108.032, 109.303, 19.517, -137.807, -14.653, -15.720, 57.807, 31.13, 0.05927, -0.42575, 0.78046, 0.45389
2025-06-14 21:04:45.267000,f8:a2:fd:ea:fb:80, -0.583, 1.472, -1.236, -298.096, 14.099, 111.633, 78.799, 9.064, -145.096, -23.447, -48.860, 47.527, 31.13, 0.05927, -0.42575, 0.78046, 0.45389
2025-06-14 21:04:45.415000,f8:a2:fd:ea:fb:80, -0.506, 0.828, -1.416, 0.244, -2.502, 5.615, 66.627, 7.872, -139.625, -23.447, -48.860, 47.527, 31.13, -0.2514, -0.23672, 0.49258, 0.79874
2025-06-14 21:04:45.507000,f8:a2:fd:ea:fb:80, -0.059, 1.136, 0.077, 106.812, 18.494, -5.371, 79.662, 13.288, -133.33, -23.447, -48.860, 47.527, 31.13, -0.2514, -0.23672, 0.49258, 0.79874
2025-06-14 21:04:45.597000,f8:a2:fd:ea:fb:80, -0.175, 1.03, -0.189, 37.354, 61.34, -6.531, 89.236, 13.997, -131.353, -29.307, -51.400, 44.867, 31.13, -0.2514, -0.23672, 0.49258, 0.79874
2025-06-14 21:04:45.717000,f8:a2:fd:ea:fb:80, -0.206, 0.947, -0.198, 32.776, 7.996, -9.766, 94.916, 14.678, -128.007, -29.307, -51.400, 44.867, 31.13, -0.2114, -0.39413, 0.61542, 0.64896
2025-06-14 21:04:45.836000,f8:a2:fd:ea:fb:80, -0.245, 1, -0.18, 48.157, -16.296, -9.888, 98.778, 15.222, -129.589, -29.307, -51.400, 44.867, 31.13, -0.2114, -0.39413, 0.61542, 0.64896
2025-06-14 21:04:45.897000,f8:a2:fd:ea:fb:80, -0.212, 1.185, -0.153, 86.487, 60.303, -32.166, 105.54, 16.463, -129.249, -25.867, -32.060, 47.533, 31.13, -0.2114, -0.39413, 0.61542, 0.64896
2025-06-14 21:04:46.017000,f8:a2:fd:ea:fb:80, -0.127, 1.903, 0.404, 185.547, -60.12, -56.824, 119.68, 20.484, -128.249, -25.867, -32.060, 47.533, 31.13, -0.02255, -0.45117, 0.74854, 0.48529
2025-06-14 21:04:46.107000,f8:a2:fd:ea:fb:80, -0.027, 1.268, 0.239, 154.846, -91.003, -46.082, 135.412, 29.592, -132.66, -25.867, -32.060, 47.533, 31.13, -0.02255, -0.45117, 0.74854, 0.48529
2025-06-14 21:04:46.197000,f8:a2:fd:ea:fb:80, -0.536, 0.392, 0.155, -134.521, 70.923, 56.58, 132.605, 29.048, -137.071, -16.980, -17.740, 58.380, 31.13, -0.02255, -0.45117, 0.74854, 0.48529
2025-06-14 21:04:46.315000,f8:a2:fd:ea:fb:80, -0.688, 0.763, 0.169, -293.457, -40.283, 115.723, 107.699, 18.682, -139.779, -16.980, -17.740, 58.380, 31.13, -0.08331, -0.35782, 0.70944, 0.60132
2025-06-14 21:04:46.407000,f8:a2:fd:ea:fb:80, -0.821, 1.459, -1.433, -297.607, 49.194, 105.591, 76.701, 8.086, -146.953, -16.980, -17.740, 58.380, 31.13, -0.08331, -0.35782, 0.70944, 0.60132
2025-06-14 21:04:46.497000,f8:a2:fd:ea:fb:80, -0.372, 0.72, -1.343, 80.017, 29.907, -15.137, 69.505, 7.806, -141.498, -25.873, -55.927, 39.913, 31.13, -0.08331, -0.35782, 0.70944, 0.60132
2025-06-14 21:04:46.617000,f8:a2:fd:ea:fb:80, -0.173, 0.885, -0.073, 95.947, 35.339, -3.906, 83.732, 13.623, -133.292, -25.873, -55.927, 39.913, 31.13, -0.2204, -0.34378, 0.57336, 0.71017
2025-06-14 21:04:46.709000,f8:a2:fd:ea:fb:80, -0.097, 1.013, -0.069, 47.424, 36.56, -6.104, 92.593, 14.079, -130.814, -25.873, -55.927, 39.913, 31.13, -0.2204, -0.34378, 0.57336, 0.71017
2025-06-14 21:04:46.827000,f8:a2:fd:ea:fb:80, -0.201, 1.006, -0.187, 33.936, -33.508, -6.653, 96.79, 14.727, -131.759, -29.140, -44.460, 49.527, 31.13, -0.15256, -0.36914, 0.66171, 0.63443
2025-06-14 21:04:46.921000,f8:a2:fd:ea:fb:80, -0.416, 0.96, -0.19, 39.978, -12.146, -15.442, 99.97, 15.842, -135.544, -29.140, -44.460, 49.527, 31.13, -0.15256, -0.36914, 0.66171, 0.63443
2025-06-14 21:04:47.036000,f8:a2:fd:ea:fb:80, -0.042, 1.068, -0.07, 110.596, 28.87, -47.668, 108.144, 17.715, -132.72, -29.140, -44.460, 49.527, 31.13, -0.15256, -0.36914, 0.66171, 0.63443
2025-06-14 21:04:47.097000,f8:a2:fd:ea:fb:80, -0.068, 1.731, 0.251, 182.251, -57.983, -72.083, 122.294, 23.84, -133.116, -16.953, -20.573, 52.347, 31.13, -0.15256, -0.36914, 0.66171, 0.63443
2025-06-14 21:04:47.216000,f8:a2:fd:ea:fb:80, 0.03, 1.24, -0.147, 128.113, -19.043, -37.231, 137.741, 31.355, -134.923, -16.953, -20.573, 52.347, 31.13, 0.09982, -0.43414, 0.79211, 0.41711
2025-06-14 21:04:47.305000,f8:a2:fd:ea:fb:80, -0.521, 0.488, -0.014, -194.885, 65.369, 58.655, 130.567, 28.444, -136.203, -16.953, -20.573, 52.347, 31.13, 0.09982, -0.43414, 0.79211, 0.41711
2025-06-14 21:04:47.398000,f8:a2:fd:ea:fb:80, -0.764, 1.143, -0.336, -297.485, -98.633, 120.239, 101.772, 18.484, -141.097, -20.300, -38.387, 56.047, 31.13, 0.09982, -0.43414, 0.79211, 0.41711
2025-06-14 21:04:47.520000,f8:a2:fd:ea:fb:80, -0.51, 1.333, -1.785, -227.234, 35.706, 77.026, 72.153, 7.548, -143.833, -20.300, -38.387, 56.047, 31.13, -0.20764, -0.23459, 0.54874, 0.77499
2025-06-14 21:04:47.636000,f8:a2:fd:ea:fb:80, -0.098, 2.262, 0.919, 110.779, 62.866, -42.908, 71.96, 9.525, -136.917, -20.300, -38.387, 56.047, 31.13, -0.20764, -0.23459, 0.54874, 0.77499
2025-06-14 21:04:47.697000,f8:a2:fd:ea:fb:80, -0.096, 1.175, -0.244, 106.201, -34.424, -0.549, 86.325, 14.222, -128.392, -31.567, -51.740, 41.260, 31.13, -0.20764, -0.23459, 0.54874, 0.77499
2025-06-14 21:04:47.817000,f8:a2:fd:ea:fb:80, -0.079, 1.051, -0.167, 46.082, -44.434, -1.709, 93.582, 14.634, -126.42, -31.567, -51.740, 41.260, 31.13, -0.22522, -0.4043, 0.60413, 0.64865
2025-06-14 21:04:47.907000,f8:a2:fd:ea:fb:80, -0.305, 0.99, -0.208, 47.424, -30.518, -10.864, 97.355, 15.298, -129.732, -31.567, -51.740, 41.260, 31.13, -0.22522, -0.4043, 0.60413, 0.64865
2025-06-14 21:04:47.996000,f8:a2:fd:ea:fb:80, -0.44, 1.039, -0.207, 56.763, -9.827, -16.052, 102.272, 16.205, -131.05, -27.240, -36.680, 49.193, 31.13, -0.22522, -0.4043, 0.60413, 0.64865
2025-06-14 21:04:48.116000,f8:a2:fd:ea:fb:80, 0.34, 1.257, -0.007, 127.075, 21.729, -43.396, 111.363, 17.748, -128.271, -27.240, -36.680, 49.193, 31.13, -0.13382, -0.42987, 0.69189, 0.56433
2025-06-14 21:04:48.207000,f8:a2:fd:ea:fb:80, 0.383, 1.537, -0.673, 202.148, -73.975, -75.317, 126.26, 24.73, -130.71, -27.240, -36.680, 49.193, 31.13, -0.13382, -0.42987, 0.69189, 0.56433
2025-06-14 21:04:48.298000,f8:a2:fd:ea:fb:80, 0.001, 0.591, -0.373, 52.979, -25.208, -28.259, 138.708, 31.602, -132.534, -14.727, -14.400, 56.693, 31.13, -0.13382, -0.42987, 0.69189, 0.56433
2025-06-14 21:04:48.416000,f8:a2:fd:ea:fb:80, -0.582, 0.368, -0.056, -201.477, 71.96, 60.608, 126.321, 26.873, -135.044, -14.727, -14.400, 56.693, 31.13, 0.03928, -0.43085, 0.76761, 0.47275
2025-06-14 21:04:48.507000,f8:a2:fd:ea:fb:80, -0.856, 1.134, -0.249, -287.842, -98.083, 113.281, 97.202, 16.199, -140.059, -14.727, -14.400, 56.693, 31.13, 0.03928, -0.43085, 0.76761, 0.47275
2025-06-14 21:04:48.598000,f8:a2:fd:ea:fb:80, -0.582, 1.323, -1.296, -224.67, -5.188, 84.595, 70.109, 5.378, -143.234, -25.420, -52.953, 41.627, 31.13, 0.03928, -0.43085, 0.76761, 0.47275
2025-06-14 21:04:48.717000,f8:a2:fd:ea:fb:80, -0.25, 2.123, 0.289, 136.414, 41.077, -52.185, 73.455, 7.976, -139.087, -25.420, -52.953, 41.627, 31.13, -0.24734, -0.24405, 0.52789, 0.7749
2025-06-14 21:04:48.807000,f8:a2:fd:ea:fb:80, -0.069, 1.196, -0.094, 104.858, -40.344, 1.404, 86.012, 12.7, -131.221, -25.420, -52.953, 41.627, 31.13, -0.24734, -0.24405, 0.52789, 0.7749
2025-06-14 21:04:48.927000,f8:a2:fd:ea:fb:80, -0.125, 1.086, -0.171, 60.364, -3.784, -9.033, 93.9, 13.403, -128.029, -33.120, -46.300, 45.233, 31.13, -0.24734, -0.24405, 0.52789, 0.7749
2025-06-14 21:04:49.017000,f8:a2:fd:ea:fb:80, -0.237, 1.026, -0.225, 36.255, -16.052, -8.179, 98.124, 14.271, -128.535, -33.120, -46.300, 45.233, 31.13, -0.19238, -0.39737, 0.64417, 0.62454
2025-06-14 21:04:49.107000,f8:a2:fd:ea:fb:80, -0.223, 0.973, -0.152, 59.204, -18.982, -15.686, 102.184, 15.178, -131.682, -33.120, -46.300, 45.233, 31.13, -0.19238, -0.39737, 0.64417, 0.62454
2025-06-14 21:04:49.227000,f8:a2:fd:ea:fb:80, -0.207, 1.294, -0.101, 141.479, -2.38, -44.25, 111.489, 17.205, -129.672, -25.773, -29.293, 47.827, 31.13, -0.19238, -0.39737, 0.64417, 0.62454
2025-06-14 21:04:49.315000,f8:a2:fd:ea:fb:80, -0.041, 1.755, -0.71, 181.702, -16.663, -87.83, 126.2, 24.472, -132.539, -25.773, -29.293, 47.827, 31.13, -0.02502, -0.43607, 0.75195, 0.49365
2025-06-14 21:04:49.406000,f8:a2:fd:ea:fb:80, -0.125, 0.651, -0.319, 12.756, 17.09, -13.855, 139.098, 30.943, -133.011, -25.773, -29.293, 47.827, 31.13, -0.02502, -0.43607, 0.75195, 0.49365
2025-06-14 21:04:49.497000,f8:a2:fd:ea:fb:80, -0.676, 0.425, -0.018, -208.008, 61.646, 66.284, 127.634, 26.169, -134.714, -25.773, -29.293, 47.827, 31.13, -0.02502, -0.43607, 0.75195, 0.49365
2025-06-14 21:04:49.616000,f8:a2:fd:ea:fb:80, -0.813, 1.083, -0.387, -290.955, -106.262, 97.595, 98.619, 17.216, -140.609, -20.187, -24.007, 57.293, 31.13, -0.14621, -0.28949, 0.61932, 0.71494
2025-06-14 21:04:49.737000,f8:a2:fd:ea:fb:80, 0.352, 1.302, -1.381, -207.336, -10.498, 54.626, 71.115, 9.113, -141.586, -20.187, -24.007, 57.293, 31.13, -0.14621, -0.28949, 0.61932, 0.71494
2025-06-14 21:04:49.832000,f8:a2:fd:ea:fb:80, 0.025, 1.392, 1.128, 126.587, 48.279, -40.649, 75.707, 11.047, -140.257, -20.187, -24.007, 57.293, 31.13, -0.14621, -0.28949, 0.61932, 0.71494
2025-06-14 21:04:49.976000,f8:a2:fd:ea:fb:80, -0.179, 1.2, -0.172, 72.449, 7.568, 2.625, 87.918, 14.216, -134.033, -27.080, -55.820, 40.573, 31.13, -0.1972, -0.37445, 0.62082, 0.65982
2025-06-14 21:04:50.037000,f8:a2:fd:ea:fb:80, -0.151, 1.06, -0.185, 43.213, 14.221, -11.597, 94.746, 14.656, -131.034, -27.080, -55.820, 40.573, 31.13, -0.1972, -0.37445, 0.62082, 0.65982
2025-06-14 21:04:50.126000,f8:a2:fd:ea:fb:80, -0.281, 0.97, -0.181, 43.701, -28.687, -8.85, 98.718, 15.474, -132.418, -27.080, -55.820, 40.573, 31.13, -0.1972, -0.37445, 0.62082, 0.65982
2025-06-14 21:04:50.249000,f8:a2:fd:ea:fb:80, -0.245, 1.025, -0.15, 59.265, 1.587, -21.301, 103.689, 16.518, -134.522, -23.200, -34.140, 50.660, 31.13, -0.1972, -0.37445, 0.62082, 0.65982
2025-06-14 21:04:50.336000,f8:a2:fd:ea:fb:80, -0.365, 1.349, -0.065, 142.456, -7.69, -49.561, 114.033, 19.199, -131.451, -23.200, -34.140, 50.660, 31.13, -0.07043, -0.4292, 0.72952, 0.52774
2025-06-14 21:04:50.426000,f8:a2:fd:ea:fb:80, -0.159, 1.807, -0.701, 187.317, -29.419, -94.055, 129.177, 26.73, -133.116, -23.200, -34.140, 50.660, 31.13, -0.07043, -0.4292, 0.72952, 0.52774
2025-06-14 21:04:50.547000,f8:a2:fd:ea:fb:80, -0.117, 0.659, 0.025, 4.7, 2.93, 7.202, 138.823, 31.646, -134.747, -13.407, -13.573, 57.353, 31.13, 0.00174, -0.40942, 0.76083, 0.50336
2025-06-14 21:04:50.637000,f8:a2:fd:ea:fb:80, -0.649, 0.52, -0.05, -228.943, 62.134, 80.811, 121.591, 23.967, -136.972, -13.407, -13.573, 57.353, 31.13, 0.00174, -0.40942, 0.76083, 0.50336
2025-06-14 21:04:50.757000,f8:a2:fd:ea:fb:80, -0.57, 1.273, -0.731, -300.171, -96.313, 105.347, 89.72, 14.019, -144.174, -13.407, -13.573, 57.353, 31.13, 0.00174, -0.40942, 0.76083, 0.50336
2025-06-14 21:04:50.877000,f8:a2:fd:ea:fb:80, -0.092, 1.146, -1.587, -136.902, -20.508, 37.292, 66.764, 7.625, -141.575, -25.867, -57.647, 35.640, 31.13, 0.00174, -0.40942, 0.76083, 0.50336
2025-06-14 21:04:50.936000,f8:a2:fd:ea:fb:80, -0.057, 1.987, 0.669, 114.136, 42.419, -39.429, 74.844, 11.074, -138.977, -25.867, -57.647, 35.640, 31.13, -0.22281, -0.30737, 0.54788, 0.74539
2025-06-14 21:04:51.026000,f8:a2:fd:ea:fb:80, -0.162, 1.011, -0.179, 63.049, 33.63, -7.812, 87.144, 13.925, -134.89, -25.867, -57.647, 35.640, 31.13, -0.22281, -0.30737, 0.54788, 0.74539
2025-06-14 21:04:51.147000,f8:a2:fd:ea:fb:80, -0.136, 1.005, -0.186, 45.166, 24.658, -13.916, 94.29, 14.87, -131.199, -28.633, -46.460, 49.727, 31.13, -0.22281, -0.30737, 0.54788, 0.74539
2025-06-14 21:04:51.236000,f8:a2:fd:ea:fb:80, -0.119, 1, -0.249, 42.786, -18.555, -9.766, 98.855, 15.623, -131.578, -28.633, -46.460, 49.727, 31.13, -0.16376, -0.38855, 0.65561, 0.62634
2025-06-14 21:04:51.328000,f8:a2:fd:ea:fb:80, -0.46, 0.961, -0.147, 64.392, 8.728, -24.963, 103.425, 16.776, -133.715, -28.633, -46.460, 49.727, 31.13, -0.16376, -0.38855, 0.65561, 0.62634
2025-06-14 21:04:51.447000,f8:a2:fd:ea:fb:80, -0.141, 1.388, 0.077, 140.93, -7.385, -50.72, 113.659, 19.297, -131.094, -21.367, -27.040, 50.453, 31.13, -0.00684, -0.44659, 0.75311, 0.48294
2025-06-14 21:04:51.537000,f8:a2:fd:ea:fb:80, -0.181, 1.867, -0.451, 189.636, -31.799, -84.412, 128.683, 26.071, -131.276, -21.367, -27.040, 50.453, 31.13, -0.00684, -0.44659, 0.75311, 0.48294
2025-06-14 21:04:51.657000,f8:a2:fd:ea:fb:80, -0.083, 0.511, 0.064, -28.259, -10.681, 11.963, 136.873, 31.613, -134.533, -21.367, -27.040, 50.453, 31.13, -0.00684, -0.44659, 0.75311, 0.48294
2025-06-14 21:04:51.746000,f8:a2:fd:ea:fb:80, -0.403, 0.626, -0.084, -253.174, 45.654, 89.966, 118.707, 24.307, -137.346, -17.513, -25.533, 59.193, 31.13, -0.00684, -0.44659, 0.75311, 0.48294
2025-06-14 21:04:51.836000,f8:a2:fd:ea:fb:80, -0.459, 1.465, -0.947, -284.18, -119.08, 133.118, 86.935, 13.162, -146.794, -17.513, -25.533, 59.193, 31.13, -0.19034, -0.22296, 0.56201, 0.77338
2025-06-14 21:04:51.928000,f8:a2:fd:ea:fb:80, -0.222, 0.893, -1.747, -99.243, 13.062, 37.598, 65.165, 5.422, -143.036, -17.513, -25.533, 59.193, 31.13, -0.19034, -0.22296, 0.56201, 0.77338
2025-06-14 21:04:52.046000,f8:a2:fd:ea:fb:80, -0.075, 1.057, -0.217, 101.44, 114.197, -48.584, 76.141, 11.157, -136.923, -17.513, -25.533, 59.193, 31.13, -0.19034, -0.22296, 0.56201, 0.77338
2025-06-14 21:04:52.140000,f8:a2:fd:ea:fb:80, -0.195, 1.091, -0.143, 82.886, -3.052, -2.38, 88.522, 14.062, -131.638, -30.187, -51.607, 43.980, 31.13, -0.19034, -0.22296, 0.56201, 0.77338
2025-06-14 21:04:52.228000,f8:a2:fd:ea:fb:80, -0.147, 1.026, -0.199, 45.532, 12.451, -10.254, 95.696, 14.848, -128.068, -30.187, -51.607, 43.980, 31.13, -0.2052, -0.39981, 0.62296, 0.6402
2025-06-14 21:04:52.348000,f8:a2:fd:ea:fb:80, -0.19, 0.966, -0.236, 39.062, -34.119, -7.446, 99.207, 15.623, -129.913, -30.187, -51.607, 43.980, 31.13, -0.2052, -0.39981, 0.62296, 0.6402
2025-06-14 21:04:52.439000,f8:a2:fd:ea:fb:80, -0.234, 0.964, -0.144, 64.026, 3.967, -24.109, 103.92, 16.946, -132.144, -25.493, -35.553, 50.607, 31.13, -0.2052, -0.39981, 0.62296, 0.6402
2025-06-14 21:04:52.527000,f8:a2:fd:ea:fb:80, -0.319, 1.446, 0.011, 151.733, -24.353, -51.88, 115.115, 20.072, -129.974, -25.493, -35.553, 50.607, 31.13, -0.09003, -0.43607, 0.7135, 0.54086
2025-06-14 21:04:52.647000,f8:a2:fd:ea:fb:80, -0.218, 1.956, -0.663, 201.965, -60.669, -89.844, 131.243, 29.41, -133.55, -25.493, -35.553, 50.607, 31.13, -0.09003, -0.43607, 0.7135, 0.54086
2025-06-14 21:04:52.738000,f8:a2:fd:ea:fb:80, -0.012, 0.542, 0.134, -19.714, 1.038, 10.376, 137.527, 32.267, -135.423, -13.373, -15.547, 59.620, 31.13, -0.09003, -0.43607, 0.7135, 0.54086
2025-06-14 21:04:52.827000,f8:a2:fd:ea:fb:80, -0.202, 0.629, -0.164, -264.954, 47.424, 97.534, 118.608, 24.313, -137.758, -13.373, -15.547, 59.620, 31.13, -0.01086, -0.40317, 0.74536, 0.53073
2025-06-14 21:04:52.947000,f8:a2:fd:ea:fb:80, -0.45, 1.458, -1.213, -296.692, -3.296, 92.163, 88.467, 13.771, -139.274, -13.373, -15.547, 59.620, 31.13, -0.01086, -0.40317, 0.74536, 0.53073
2025-06-14 21:04:53.038000,f8:a2:fd:ea:fb:80, -0.531, 0.889, -1.203, -49.072, -103.271, 32.776, 69.582, 6.476, -139.356, -27.047, -54.187, 37.287, 31.13, -0.01086, -0.40317, 0.74536, 0.53073
2025-06-14 21:04:53.128000,f8:a2:fd:ea:fb:80, -0.066, 0.982, -0.564, 57.739, 183.105, -40.161, 77.596, 9.712, -137.175, -27.047, -54.187, 37.287, 31.13, -0.23163, -0.28079, 0.55734, 0.74615
2025-06-14 21:04:53.248000,f8:a2:fd:ea:fb:80, -0.193, 1.174, -0.194, 88.013, 18.372, -8.118, 89.451, 13.134, -130.737, -27.047, -54.187, 37.287, 31.13, -0.23163, -0.28079, 0.55734, 0.74615
2025-06-14 21:04:53.368000,f8:a2:fd:ea:fb:80, -0.132, 1.009, -0.215, 34.485, 22.339, -12.695, 96.839, 14.233, -126.497, -35.073, -44.173, 44.533, 31.13, -0.23163, -0.28079, 0.55734, 0.74615
2025-06-14 21:04:53.427000,f8:a2:fd:ea:fb:80, -0.151, 0.958, -0.176, 47.302, -32.715, -4.822, 100.783, 14.903, -127.82, -35.073, -44.173, 44.533, 31.13, -0.23163, -0.28079, 0.55734, 0.74615
2025-06-14 21:04:53.547000,f8:a2:fd:ea:fb:80, -0.318, 0.968, -0.135, 83.13, 0.916, -23.865, 105.936, 16.1, -130.809, -35.073, -44.173, 44.533, 31.13, -0.15292, -0.40356, 0.67825, 0.59467
2025-06-14 21:04:53.638000,f8:a2:fd:ea:fb:80, 0.004, 1.871, 0.162, 173.889, -51.147, -49.5, 118.405, 19.341, -130.04, -35.073, -44.173, 44.533, 31.13, -0.15292, -0.40356, 0.67825, 0.59467
2025-06-14 21:04:53.728000,f8:a2:fd:ea:fb:80, 0.124, 1.726, -0.38, 174.133, -48.828, -55.298, 134.901, 27.521, -132.49, -20.720, -17.560, 54.320, 31.13, -0.15292, -0.40356, 0.67825, 0.59467
2025-06-14 21:04:53.877000,f8:a2:fd:ea:fb:80, -0.286, 0.504, 0.116, -91.492, -1.892, 43.945, 134.061, 30.35, -137.928, -20.720, -17.560, 54.320, 31.13, 0.099, -0.42178, 0.79605, 0.42252
2025-06-14 21:04:53.937000,f8:a2:fd:ea:fb:80, -0.294, 0.677, -0.034, -276.978, -1.16, 109.497, 110.369, 20.5, -140.922, -20.720, -17.560, 54.320, 31.13, 0.099, -0.42178, 0.79605, 0.42252
2025-06-14 21:04:54.120000,f8:a2:fd:ea:fb:80, -0.562, 1.689, -1.06, -308.96, -8.911, 112.793, 79.003, 9.893, -147.854, -21.627, -47.800, 49.493, 31.13, 0.099, -0.42178, 0.79605, 0.42252
2025-06-14 21:04:54.208000,f8:a2:fd:ea:fb:80, -0.599, 0.799, -1.406, -6.653, 6.165, 18.372, 64.083, 6.888, -141.795, -21.627, -47.800, 49.493, 31.13, -0.23508, -0.24399, 0.51318, 0.78851
2025-06-14 21:04:54.267000,f8:a2:fd:ea:fb:80, -0.078, 0.979, -1.092, 88.013, 193.176, -42.358, 78.173, 13.365, -133.478, -21.627, -47.800, 49.493, 31.13, -0.23508, -0.24399, 0.51318, 0.78851
2025-06-14 21:04:54.406000,f8:a2:fd:ea:fb:80, -0.217, 1.056, -0.242, 63.049, 81.238, -6.531, 90.791, 15.134, -125.942, -21.627, -47.800, 49.493, 31.13, -0.23508, -0.24399, 0.51318, 0.78851
2025-06-14 21:04:54.498000,f8:a2:fd:ea:fb:80, -0.166, 1.004, -0.208, 38.513, -2.502, 0.366, 96.729, 15.282, -124.239, -33.773, -47.633, 43.207, 31.13, -0.23508, -0.24399, 0.51318, 0.78851
2025-06-14 21:04:54.567000,f8:a2:fd:ea:fb:80, -0.127, 1.024, -0.215, 41.809, -38.879, -1.038, 100.162, 15.37, -127.568, -33.773, -47.633, 43.207, 31.13, -0.16388, -0.40637, 0.66333, 0.60654
2025-06-14 21:04:54.656000,f8:a2:fd:ea:fb:80, -0.034, 1.228, -0.194, 93.689, 33.569, -26.55, 106.633, 16.688, -129.078, -33.773, -47.633, 43.207, 31.15, -0.16388, -0.40637, 0.66333, 0.60654
2025-06-14 21:04:54.841000,f8:a2:fd:ea:fb:80, 0.019, 1.687, 0.263, 207.642, -105.774, -67.627, 121.075, 22.159, -130.43, -33.773, -47.633, 43.207, 31.15, -0.16388, -0.40637, 0.66333, 0.60654
2025-06-14 21:04:54.867000,f8:a2:fd:ea:fb:80, -0.06, 0.857, -0.439, 115.54, -47.058, -24.048, 137.362, 30.004, -131.885, -33.773, -47.633, 43.207, 31.15, -0.16388, -0.40637, 0.66333, 0.60654
2025-06-14 21:04:54.957000,f8:a2:fd:ea:fb:80, -0.75, 0.342, 0.082, -176.086, 43.701, 69.031, 130.583, 28.713, -136.439, -15.887, -16.847, 59.407, 31.15, -0.04413, -0.3819, 0.72879, 0.56653
2025-06-14 21:04:55.077000,f8:a2:fd:ea:fb:80, -0.778, 0.902, -0.094, -309.875, -59.326, 119.141, 102.48, 18.16, -141.273, -15.887, -16.847, 59.407, 31.15, -0.04413, -0.3819, 0.72879, 0.56653
2025-06-14 21:04:55.167000,f8:a2:fd:ea:fb:80, -1.022, 1.317, -1.51, -244.995, 26.855, 75.623, 72.186, 8.24, -145.794, -23.487, -57.087, 36.960, 31.15, -0.04413, -0.3819, 0.72879, 0.56653
2025-06-14 21:04:55.347000,f8:a2:fd:ea:fb:80, -0.203, 1.494, -0.295, 132.935, 24.109, -50.354, 70.873, 9.706, -140.636, -23.487, -57.087, 36.960, 31.15, -0.21732, -0.30453, 0.54562, 0.74982
2025-06-14 21:04:55.469000,f8:a2:fd:ea:fb:80, -0.127, 1.015, -0.202, 49.255, 62.012, -7.874, 85.397, 15.002, -131.567, -30.847, -49.033, 45.447, 31.15, -0.21732, -0.30453, 0.54562, 0.74982
2025-06-14 21:04:55.558000,f8:a2:fd:ea:fb:80, -0.236, 1.023, -0.216, 32.532, -22.766, -2.93, 90.807, 15.727, -130.023, -30.847, -49.033, 45.447, 31.15, -0.21732, -0.30453, 0.54562, 0.74982
2025-06-14 21:04:55.647000,f8:a2:fd:ea:fb:80, -0.23, 0.978, -0.214, 43.884, -32.715, -6.958, 94.46, 16.095, -132.836, -30.847, -49.033, 45.447, 31.15, -0.19031, -0.38202, 0.61383, 0.664
2025-06-14 21:04:55.771000,f8:a2:fd:ea:fb:80, -0.219, 1.222, -0.156, 84.839, 54.932, -31.372, 101.942, 17.699, -131.539, -30.847, -49.033, 45.447, 31.15, -0.19031, -0.38202, 0.61383, 0.664
2025-06-14 21:04:55.857000,f8:a2:fd:ea:fb:80, 0.022, 1.914, 0.394, 185.669, -62.622, -60.242, 116.444, 22.89, -132.858, -20.353, -22.147, 52.547, 31.15, -0.19031, -0.38202, 0.61383, 0.664
2025-06-14 21:04:55.946000,f8:a2:fd:ea:fb:80, -0.074, 1.321, 0.338, 155.029, -70.496, -48.34, 132.435, 30.339, -134.357, -20.353, -22.147, 52.547, 31.15, 0.08725, -0.43256, 0.77942, 0.44461
2025-06-14 21:04:56.067000,f8:a2:fd:ea:fb:80, -0.755, 0.373, 0.062, -185.12, 53.528, 61.523, 126.277, 28.845, -138.043, -20.353, -22.147, 52.547, 31.15, 0.08725, -0.43256, 0.77942, 0.44461
2025-06-14 21:04:56.158000,f8:a2:fd:ea:fb:80, -0.715, 0.92, 0.005, -304.565, -85.266, 124.451, 98.339, 18.336, -142.795, -20.353, -22.147, 52.547, 31.15, 0.08725, -0.43256, 0.77942, 0.44461
2025-06-14 21:04:56.248000,f8:a2:fd:ea:fb:80, -1.057, 1.264, -1.394, -232.605, 2.93, 100.037, 68.994, 5.878, -149.117, -20.307, -41.127, 55.133, 31.15, -0.2363, -0.18115, 0.48083, 0.82465
2025-06-14 21:04:56.367000,f8:a2:fd:ea:fb:80, -0.494, 1.061, -0.474, 117.676, 39.368, -39.185, 64.319, 5.663, -143.822, -20.307, -41.127, 55.133, 31.15, -0.2363, -0.18115, 0.48083, 0.82465
2025-06-14 21:04:56.457000,f8:a2:fd:ea:fb:80, -0.278, 0.754, -0.07, 103.577, 31.677, -20.081, 78.256, 13.969, -133.011, -29.967, -51.813, 42.940, 31.15, -0.2363, -0.18115, 0.48083, 0.82465
2025-06-14 21:04:56.548000,f8:a2:fd:ea:fb:80, -0.009, 0.962, -0.106, 48.279, 41.26, -11.963, 88.572, 15.771, -128.117, -29.967, -51.813, 42.940, 31.15, -0.21692, -0.39844, 0.58917, 0.66855
2025-06-14 21:04:56.666000,f8:a2:fd:ea:fb:80, -0.212, 0.976, -0.209, 41.443, -23.682, -4.211, 93.505, 16.282, -127.864, -29.967, -51.813, 42.940, 31.15, -0.21692, -0.39844, 0.58917, 0.66855
2025-06-14 21:04:56.757000,f8:a2:fd:ea:fb:80, -0.389, 1.009, -0.2, 56.641, -32.837, -8.789, 97.592, 16.545, -130.644, -29.560, -39.127, 48.720, 31.15, -0.21692, -0.39844, 0.58917, 0.66855
2025-06-14 21:04:56.847000,f8:a2:fd:ea:fb:80, 0.099, 1.167, -0.048, 145.386, 2.686, -49.561, 106.485, 18.21, -129.666, -29.560, -39.127, 48.720, 31.15, -0.13266, -0.42413, 0.67856, 0.58478
2025-06-14 21:04:56.966000,f8:a2:fd:ea:fb:80, 0.25, 1.585, -0.47, 209.106, -88.318, -66.223, 122.267, 24.659, -132.715, -29.560, -39.127, 48.720, 31.15, -0.13266, -0.42413, 0.67856, 0.58478
2025-06-14 21:04:57.059000,f8:a2:fd:ea:fb:80, -0.167, 0.625, -0.318, 55.176, -9.583, -9.521, 134.286, 31.767, -138.038, -14.460, -13.267, 59.167, 31.15, -0.13266, -0.42413, 0.67856, 0.58478
2025-06-14 21:04:57.146000,f8:a2:fd:ea:fb:80, -0.592, 0.476, -0.017, -187.256, 75.378, 69.214, 123.794, 25.049, -139.406, -14.460, -13.267, 59.167, 31.15, 0.01993, -0.39447, 0.77219, 0.49762
2025-06-14 21:04:57.268000,f8:a2:fd:ea:fb:80, -0.757, 1.024, -0.148, -293.091, -78.918, 102.356, 95.867, 15.529, -144.662, -14.460, -13.267, 59.167, 31.15, 0.01993, -0.39447, 0.77219, 0.49762
2025-06-14 21:04:57.357000,f8:a2:fd:ea:fb:80, -0.763, 1.317, -1.327, -253.418, 31.738, 78.552, 67.165, 6.509, -145.844, -23.093, -55.100, 39.627, 31.15, 0.01993, -0.39447, 0.77219, 0.49762
2025-06-14 21:04:57.449000,f8:a2:fd:ea:fb:80, -0.273, 1.686, -0.154, 142.517, 27.405, -55.054, 67.714, 9.212, -141.229, -23.093, -55.100, 39.627, 31.15, -0.23248, -0.24725, 0.50168, 0.79562
2025-06-14 21:04:57.567000,f8:a2:fd:ea:fb:80, -0.219, 0.892, -0.124, 94.666, 8.972, -5.432, 81.497, 14.332, -133.846, -23.093, -55.100, 39.627, 31.15, -0.23248, -0.24725, 0.50168, 0.79562
2025-06-14 21:04:57.658000,f8:a2:fd:ea:fb:80, -0.053, 1.026, -0.05, 60.303, 10.437, -4.517, 90.313, 14.991, -129.424, -31.293, -47.773, 46.547, 31.15, -0.23248, -0.24725, 0.50168, 0.79562
2025-06-14 21:04:57.748000,f8:a2:fd:ea:fb:80, -0.205, 0.995, -0.241, 35.522, -12.878, -6.531, 94.905, 15.452, -129.688, -31.293, -47.773, 46.547, 31.15, -0.19516, -0.39258, 0.62213, 0.64856
2025-06-14 21:04:57.898000,f8:a2:fd:ea:fb:80, -0.173, 1.005, -0.226, 45.837, -15.503, -11.475, 98.613, 16.051, -131.94, -31.293, -47.773, 46.547, 31.15, -0.19516, -0.39258, 0.62213, 0.64856
2025-06-14 21:04:57.988000,f8:a2:fd:ea:fb:80, 0.097, 1.302, -0.108, 139.038, 7.751, -45.227, 107.737, 18.144, -129.771, -24.253, -27.973, 50.007, 31.15, -0.19516, -0.39258, 0.62213, 0.64856
2025-06-14 21:04:58.048000,f8:a2:fd:ea:fb:80, 0.062, 1.737, -0.762, 202.332, -51.819, -74.524, 122.882, 25.027, -132.594, -24.253, -27.973, 50.007, 31.15, 0.06091, -0.44067, 0.77405, 0.45038
2025-06-14 21:04:58.169000,f8:a2:fd:ea:fb:80, -0.047, 0.594, -0.339, 34.058, 3.235, -10.925, 136, 32.201, -136.642, -24.253, -27.973, 50.007, 31.15, 0.06091, -0.44067, 0.77405, 0.45038
2025-06-14 21:04:58.258000,f8:a2:fd:ea:fb:80, -0.586, 0.426, -0.049, -204.041, 70.862, 71.899, 125.969, 27.026, -138.757, -18.993, -24.840, 59.513, 31.15, 0.06091, -0.44067, 0.77405, 0.45038
2025-06-14 21:04:58.347000,f8:a2:fd:ea:fb:80, -0.704, 1.204, -0.266, -302.856, -107.239, 108.826, 96.943, 16.941, -143.091, -18.993, -24.840, 59.513, 31.15, -0.12387, -0.28799, 0.63687, 0.70428
2025-06-14 21:04:58.467000,f8:a2:fd:ea:fb:80, -0.7, 1.239, -1.614, -195.984, 4.517, 70.374, 69.428, 7.388, -144.558, -18.993, -24.840, 59.513, 31.15, -0.12387, -0.28799, 0.63687, 0.70428
2025-06-14 21:04:58.557000,f8:a2:fd:ea:fb:80, -0.131, 1.716, 0.147, 123.291, 70.129, -46.692, 71.406, 8.877, -139.845, -25.933, -55.933, 38.207, 31.15, -0.12387, -0.28799, 0.63687, 0.70428
2025-06-14 21:04:58.648000,f8:a2:fd:ea:fb:80, -0.038, 1.25, -0.206, 121.277, -18.921, 4.761, 85.594, 14.266, -130.281, -25.933, -55.933, 38.207, 31.15, -0.22485, -0.37405, 0.58536, 0.6832
2025-06-14 21:04:58.799000,f8:a2:fd:ea:fb:80, -0.236, 1.054, -0.234, 42.847, 13.123, -8.667, 93.917, 14.716, -126.639, -25.933, -55.933, 38.207, 31.15, -0.22485, -0.37405, 0.58536, 0.6832
2025-06-14 21:04:58.857000,f8:a2:fd:ea:fb:80, -0.151, 0.988, -0.205, 36.316, -23.56, -9.155, 97.712, 15.386, -127.299, -30.607, -41.973, 48.140, 31.15, -0.22485, -0.37405, 0.58536, 0.6832
2025-06-14 21:04:58.978000,f8:a2:fd:ea:fb:80, -0.372, 1.026, -0.199, 58.777, -27.344, -10.376, 102.09, 16.359, -129.765, -30.607, -41.973, 48.140, 31.15, -0.15622, -0.4082, 0.66565, 0.60477
2025-06-14 21:04:59.097000,f8:a2:fd:ea:fb:80, 0.275, 1.274, -0.031, 113.892, 41.382, -40.1, 110.995, 18.133, -128.09, -30.607, -41.973, 48.140, 31.15, -0.15622, -0.4082, 0.66565, 0.60477
2025-06-14 21:04:59.188000,f8:a2:fd:ea:fb:80, 0.401, 1.626, -0.78, 200.745, -64.087, -77.698, 126.079, 25.433, -131.874, -17.500, -17.673, 55.140, 31.15, -0.15622, -0.4082, 0.66565, 0.60477
2025-06-14 21:04:59.277000,f8:a2:fd:ea:fb:80, -0.116, 0.494, -0.567, 70.374, -44.8, -23.926, 138.625, 31.663, -133.726, -17.500, -17.673, 55.140, 31.15, 0.09232, -0.43063, 0.7883, 0.42953
2025-06-14 21:04:59.398000,f8:a2:fd:ea:fb:80, -0.547, 0.372, 0.047, -192.871, 53.528, 72.693, 125.7, 26.801, -137.532, -17.500, -17.673, 55.140, 31.15, 0.09232, -0.43063, 0.7883, 0.42953
2025-06-14 21:04:59.488000,f8:a2:fd:ea:fb:80, -0.685, 1.061, -0.229, -303.223, -68.176, 122.925, 96.169, 15.941, -143.317, -20.607, -45.307, 52.387, 31.15, 0.09232, -0.43063, 0.7883, 0.42953
2025-06-14 21:04:59.608000,f8:a2:fd:ea:fb:80, -0.436, 1.309, -1.6, -232.788, 31.616, 79.346, 68.318, 6.042, -144.673, -20.607, -45.307, 52.387, 31.15, -0.23444, -0.21344, 0.50626, 0.80191
2025-06-14 21:04:59.698000,f8:a2:fd:ea:fb:80, -0.151, 1.991, 0.725, 134.216, 18.066, -45.471, 72.96, 10.228, -138.752, -20.607, -45.307, 52.387, 31.15, -0.23444, -0.21344, 0.50626, 0.80191
2025-06-14 21:04:59.848000,f8:a2:fd:ea:fb:80, -0.084, 1.113, -0.121, 83.618, 0.916, 1.16, 86.325, 14.376, -131.523, -29.973, -51.140, 44.480, 31.15, -0.23444, -0.21344, 0.50626, 0.80191
2025-06-14 21:04:59.879000,f8:a2:fd:ea:fb:80, -0.194, 1.019, -0.242, 39.062, 9.277, -9.827, 93.983, 14.843, -128.353, -29.973, -51.140, 44.480, 31.15, -0.2074, -0.3978, 0.61752, 0.64597
2025-06-14 21:04:59.998000,f8:a2:fd:ea:fb:80, -0.189, 0.98, -0.173, 38.635, -34.363, -7.69, 97.482, 15.474, -129.886, -29.973, -51.140, 44.480, 31.15, -0.2074, -0.3978, 0.61752, 0.64597
2025-06-14 21:05:00.088000,f8:a2:fd:ea:fb:80, -0.34, 0.952, -0.157, 61.707, 10.254, -22.522, 101.827, 16.518, -132.034, -25.460, -33.487, 50.040, 31.15, -0.2074, -0.3978, 0.61752, 0.64597
2025-06-14 21:05:00.207000,f8:a2:fd:ea:fb:80, -0.288, 1.382, 0.017, 144.531, 3.479, -49.133, 112.099, 18.798, -128.584, -25.460, -33.487, 50.040, 31.15, -0.07629, -0.44769, 0.71982, 0.52487
2025-06-14 21:05:00.297000,f8:a2:fd:ea:fb:80, -0.294, 1.904, -0.643, 192.993, -50.11, -84.595, 127.7, 27.488, -132.863, -25.460, -33.487, 50.040, 31.15, -0.07629, -0.44769, 0.71982, 0.52487
2025-06-14 21:05:00.387000,f8:a2:fd:ea:fb:80, -0.111, 0.443, 0.019, -12.573, 2.563, 16.479, 136.928, 32.135, -135.352, -13.313, -14.453, 59.707, 31.15, -0.07629, -0.44769, 0.71982, 0.52487
2025-06-14 21:05:00.478000,f8:a2:fd:ea:fb:80, -0.669, 0.503, -0.006, -232.422, 50.476, 88.928, 120.938, 25.126, -138.51, -13.313, -14.453, 59.707, 31.15, -0.00919, -0.39603, 0.74866, 0.53149
2025-06-14 21:05:00.596000,f8:a2:fd:ea:fb:80, -0.55, 1.384, -0.717, -293.152, -106.201, 116.943, 89.94, 14.414, -145.426, -13.313, -14.453, 59.707, 31.15, -0.00919, -0.39603, 0.74866, 0.53149
2025-06-14 21:05:00.688000,f8:a2:fd:ea:fb:80, -0.5, 1.087, -1.698, -118.469, 3.662, 31.189, 66.407, 6.795, -144.404, -24.313, -57.573, 37.233, 31.15, -0.00919, -0.39603, 0.74866, 0.53149
2025-06-14 21:05:00.808000,f8:a2:fd:ea:fb:80, -0.098, 0.888, -0.44, 85.083, 110.107, -42.847, 75.383, 12.167, -138.12, -24.313, -57.573, 37.233, 31.15, -0.22095, -0.33121, 0.55331, 0.73157
2025-06-14 21:05:00.988000,f8:a2:fd:ea:fb:80, -0.15, 1.051, -0.144, 68.97, 14.954, -4.517, 86.699, 14.634, -133.077, -24.313, -57.573, 37.233, 31.15, -0.22095, -0.33121, 0.55331, 0.73157
2025-06-14 21:05:00.988000,f8:a2:fd:ea:fb:80, -0.231, 0.985, -0.157, 37.292, 13, -10.559, 93.17, 15.606, -129.15, -24.313, -57.573, 37.233, 31.15, -0.22095, -0.33121, 0.55331, 0.73157
2025-06-14 21:05:01.080000,f8:a2:fd:ea:fb:80, -0.188, 0.987, -0.188, 38.635, -13.428, -6.653, 97.053, 16.04, -130.023, -27.400, -43.173, 49.227, 31.15, -0.22095, -0.33121, 0.55331, 0.73157
2025-06-14 21:05:01.228000,f8:a2:fd:ea:fb:80, -0.368, 1.001, -0.102, 84.534, 9.033, -26.306, 102.881, 17.122, -131.765, -27.400, -43.173, 49.227, 31.15, -0.14746, -0.39941, 0.66595, 0.61249
2025-06-14 21:05:01.318000,f8:a2:fd:ea:fb:80, -0.084, 1.686, 0.218, 176.025, -23.682, -50.842, 116.532, 20.325, -129.364, -27.400, -43.173, 49.227, 31.15, -0.14746, -0.39941, 0.66595, 0.61249
2025-06-14 21:05:01.408000,f8:a2:fd:ea:fb:80, -0.001, 1.821, -0.704, 196.35, -49.316, -68.909, 133.599, 29.938, -133.962, -15.880, -17.780, 54.833, 31.15, -0.14746, -0.39941, 0.66595, 0.61249
2025-06-14 21:05:01.528000,f8:a2:fd:ea:fb:80, -0.231, 0.463, 0.113, -53.955, 7.996, 23.743, 135.566, 31.13, -137.208, -15.880, -17.780, 54.833, 31.15, 0.10272, -0.42221, 0.79428, 0.4245
2025-06-14 21:05:01.588000,f8:a2:fd:ea:fb:80, -0.371, 0.565, 0.007, -263.733, 33.63, 83.374, 114.285, 20.923, -137.131, -15.880, -17.780, 54.833, 31.15, 0.10272, -0.42221, 0.79428, 0.4245
2025-06-14 21:05:01.678000,f8:a2:fd:ea:fb:80, -0.481, 1.628, -0.979, -323.12, 14.465, 108.459, 82.458, 11.766, -144.838, -23.400, -49.320, 46.807, 31.15, 0.10272, -0.42221, 0.79428, 0.4245
2025-06-14 21:05:01.797000,f8:a2:fd:ea:fb:80, -0.317, 0.7, -1.922, 26.489, 13.733, 2.869, 65.226, 8.229, -140.817, -23.400, -49.320, 46.807, 31.15, -0.2435, -0.24719, 0.49435, 0.79694
2025-06-14 21:05:01.888000,f8:a2:fd:ea:fb:80, -0.024, 0.872, -0.248, 105.835, 69.641, -19.104, 78.799, 13.651, -134.731, -23.400, -49.320, 46.807, 31.15, -0.2435, -0.24719, 0.49435, 0.79694
2025-06-14 21:05:01.983000,f8:a2:fd:ea:fb:80, -0.245, 1.077, -0.161, 53.406, 46.753, -4.883, 89.302, 14.551, -131.797, -29.807, -51.433, 44.747, 31.15, -0.2435, -0.24719, 0.49435, 0.79694
2025-06-14 21:05:02.098000,f8:a2:fd:ea:fb:80, -0.098, 0.966, -0.166, 34.607, -11.841, -9.583, 95.021, 15.156, -130.353, -29.807, -51.433, 44.747, 31.15, -0.18872, -0.3877, 0.62955, 0.64624
2025-06-14 21:05:02.217000,f8:a2:fd:ea:fb:80, -0.177, 0.996, -0.177, 48.645, -21.362, -10.437, 98.762, 16.018, -132.72, -29.807, -51.433, 44.747, 31.15, -0.18872, -0.3877, 0.62955, 0.64624
2025-06-14 21:05:02.277000,f8:a2:fd:ea:fb:80, -0.289, 1.021, -0.166, 85.938, 35.156, -32.654, 104.936, 17.325, -132.913, -23.780, -32.033, 49.933, 31.15, -0.18872, -0.3877, 0.62955, 0.64624
2025-06-14 21:05:02.398000,f8:a2:fd:ea:fb:80, -0.086, 1.995, 0.349, 181.946, -37.964, -53.406, 118.169, 20.297, -129.963, -23.780, -32.033, 49.933, 31.15, -0.05746, -0.44073, 0.73663, 0.50958
2025-06-14 21:05:02.489000,f8:a2:fd:ea:fb:80, 0.118, 1.599, -0.523, 168.274, -37.964, -68.481, 134.934, 29.877, -133.434, -23.780, -32.033, 49.933, 31.15, -0.05746, -0.44073, 0.73663, 0.50958
2025-06-14 21:05:02.579000,f8:a2:fd:ea:fb:80, -0.206, 0.412, 0.113, -89.478, 43.701, 15.015, 136.307, 30.734, -133.951, -14.720, -15.607, 58.120, 31.15, -0.05746, -0.44073, 0.73663, 0.50958
2025-06-14 21:05:02.729000,f8:a2:fd:ea:fb:80, -0.346, 0.597, -0.021, -268.188, 17.212, 84.473, 114.593, 22.56, -134.758, -14.720, -15.607, 58.120, 31.15, -0.02908, -0.42517, 0.73535, 0.52679
2025-06-14 21:05:02.819000,f8:a2:fd:ea:fb:80, -0.597, 1.462, -1.156, -296.509, -69.824, 111.877, 82.831, 12.854, -143.547, -14.720, -15.607, 58.120, 31.15, -0.02908, -0.42517, 0.73535, 0.52679
2025-06-14 21:05:02.879000,f8:a2:fd:ea:fb:80, 0.069, 0.814, -1.851, -22.583, 3.296, 21.606, 65.929, 7.366, -140.153, -25.773, -56.093, 36.593, 31.15, -0.02908, -0.42517, 0.73535, 0.52679
2025-06-14 21:05:03.028000,f8:a2:fd:ea:fb:80, -0.104, 1.252, -0.873, 96.436, 83.008, -5.066, 78.882, 12.81, -134.149, -25.773, -56.093, 36.593, 31.15, -0.23145, -0.30396, 0.53931, 0.75037
2025-06-14 21:05:03.118000,f8:a2:fd:ea:fb:80, -0.241, 1.06, -0.198, 48.95, 55.969, -6.042, 88.709, 13.947, -131.067, -25.773, -56.093, 36.593, 31.15, -0.23145, -0.30396, 0.53931, 0.75037
2025-06-14 21:05:03.237000,f8:a2:fd:ea:fb:80, -0.222, 0.997, -0.175, 38.879, -3.662, -8.484, 94.449, 14.727, -129.545, -30.687, -48.180, 46.280, 31.15, -0.23145, -0.30396, 0.53931, 0.75037
2025-06-14 21:05:03.328000,f8:a2:fd:ea:fb:80, -0.159, 0.968, -0.198, 49.255, -32.837, -10.681, 98.525, 15.54, -132.726, -30.687, -48.180, 46.280, 31.15, -0.16162, -0.38168, 0.65536, 0.63132
2025-06-14 21:05:03.418000,f8:a2:fd:ea:fb:80, -0.159, 1.081, -0.157, 90.881, 41.809, -35.034, 105.54, 17.194, -132.16, -30.687, -48.180, 46.280, 31.15, -0.16162, -0.38168, 0.65536, 0.63132
2025-06-14 21:05:03.599000,f8:a2:fd:ea:fb:80, -0.154, 1.844, 0.469, 197.388, -110.046, -68.787, 119.696, 22.187, -132.616, -30.687, -48.180, 46.280, 31.15, -0.16162, -0.38168, 0.65536, 0.63132
2025-06-14 21:05:03.628000,f8:a2:fd:ea:fb:80, -0.029, 1.057, -0.341, 126.221, -49.927, -14.465, 135.39, 30.932, -136.165, -17.353, -21.147, 52.660, 31.15, -0.16162, -0.38168, 0.65536, 0.63132
2025-06-14 21:05:03.718000,f8:a2:fd:ea:fb:80, -0.646, 0.31, 0.084, -155.884, 70.251, 60.852, 130.792, 29.257, -140.125, -17.353, -21.147, 52.660, 31.15, -0.00449, -0.38165, 0.7601, 0.52579
2025-06-14 21:05:03.807000,f8:a2:fd:ea:fb:80, -0.659, 0.796, 0.109, -295.593, -39.246, 126.404, 105.798, 17.754, -142.3, -17.353, -21.147, 52.660, 31.15, -0.00449, -0.38165, 0.7601, 0.52579
2025-06-14 21:05:03.928000,f8:a2:fd:ea:fb:80, -0.813, 1.543, -1.448, -291.26, 61.157, 97.839, 75.41, 6.031, -150.018, -17.353, -21.147, 52.660, 31.15, -0.00449, -0.38165, 0.7601, 0.52579
2025-06-14 21:05:04.021000,f8:a2:fd:ea:fb:80, -0.479, 0.674, -1.17, 124.695, 14.587, -30.945, 69.648, 7.284, -141.976, -26.353, -56.433, 38.633, 31.15, -0.00449, -0.38165, 0.7601, 0.52579
2025-06-14 21:05:04.168000,f8:a2:fd:ea:fb:80, -0.216, 0.742, 0, 102.844, 11.841, -10.315, 83.727, 13.508, -133.286, -26.353, -56.433, 38.633, 31.15, -0.21588, -0.34894, 0.58331, 0.7009
2025-06-14 21:05:04.258000,f8:a2:fd:ea:fb:80, -0.11, 1.024, -0.175, 56.946, 0, -7.324, 92.642, 14.238, -130.111, -26.353, -56.433, 38.633, 31.15, -0.21588, -0.34894, 0.58331, 0.7009
2025-06-14 21:05:04.348000,f8:a2:fd:ea:fb:80, -0.157, 0.981, -0.18, 36.621, -22.095, -9.827, 97.213, 15.09, -130.529, -29.673, -45.340, 48.887, 31.15, -0.21588, -0.34894, 0.58331, 0.7009
2025-06-14 21:05:04.407000,f8:a2:fd:ea:fb:80, -0.303, 0.957, -0.266, 49.988, -15.137, -11.719, 101.288, 16.04, -132.891, -29.673, -45.340, 48.887, 31.15, -0.1488, -0.38736, 0.66925, 0.61627
2025-06-14 21:05:04.528000,f8:a2:fd:ea:fb:80, -0.259, 1.159, -0.196, 89.294, 38.391, -38.574, 108.182, 17.693, -131.814, -29.673, -45.340, 48.887, 31.15, -0.1488, -0.38736, 0.66925, 0.61627
2025-06-14 21:05:04.618000,f8:a2:fd:ea:fb:80, 0.118, 1.958, 0.538, 188.782, -84.412, -67.078, 121.701, 22.912, -131.583, -17.587, -21.213, 52.300, 31.15, -0.1488, -0.38736, 0.66925, 0.61627
2025-06-14 21:05:04.708000,f8:a2:fd:ea:fb:80, -0.057, 1.405, 0.104, 141.724, -41.504, -53.894, 137.873, 31.108, -132.556, -17.587, -21.213, 52.300, 31.15, 0.1058, -0.44214, 0.79239, 0.40659
2025-06-14 21:05:04.827000,f8:a2:fd:ea:fb:80, -0.484, 0.367, 0.174, -144.287, 54.565, 53.894, 133.006, 29.63, -136.126, -17.587, -21.213, 52.300, 31.15, 0.1058, -0.44214, 0.79239, 0.40659
2025-06-14 21:05:04.921000,f8:a2:fd:ea:fb:80, -0.779, 0.729, 0.03, -299.988, -25.33, 118.469, 105.491, 19.105, -140.35, -20.620, -40.047, 55.207, 31.15, 0.1058, -0.44214, 0.79239, 0.40659
2025-06-14 21:05:05.008000,f8:a2:fd:ea:fb:80, -0.639, 1.525, -1.516, -313.965, 58.533, 82.642, 73.954, 9.987, -144.316, -20.620, -40.047, 55.207, 31.15, -0.19995, -0.24875, 0.54086, 0.77814
2025-06-14 21:05:05.128000,f8:a2:fd:ea:fb:80, -0.205, 0.742, -1.356, 85.083, 5.615, -14.771, 68.011, 10.811, -138.823, -20.620, -40.047, 55.207, 31.15, -0.19995, -0.24875, 0.54086, 0.77814
2025-06-14 21:05:05.219000,f8:a2:fd:ea:fb:80, -0.112, 0.911, -0.06, 116.455, 26.306, -3.54, 83.611, 15.628, -131.907, -28.467, -55.113, 41.640, 31.15, -0.19995, -0.24875, 0.54086, 0.77814
2025-06-14 21:05:05.308000,f8:a2:fd:ea:fb:80, -0.138, 1.054, -0.217, 54.688, -7.996, -5.493, 92.966, 15.908, -128.892, -28.467, -55.113, 41.640, 31.15, -0.20227, -0.39627, 0.60855, 0.65698
2025-06-14 21:05:05.463000,f8:a2:fd:ea:fb:80, -0.163, 0.986, -0.205, 33.386, -31.555, -5.981, 96.85, 16.342, -130.408, -28.467, -55.113, 41.640, 31.15, -0.20227, -0.39627, 0.60855, 0.65698
2025-06-14 21:05:05.518000,f8:a2:fd:ea:fb:80, -0.421, 0.995, -0.184, 54.077, -4.944, -15.991, 100.486, 17.067, -133.319, -23.547, -36.047, 51.160, 31.15, -0.20227, -0.39627, 0.60855, 0.65698
2025-06-14 21:05:05.638000,f8:a2:fd:ea:fb:80, 0.536, 1.218, -0.042, 133.789, 20.386, -46.387, 109.594, 18.633, -130.375, -23.547, -36.047, 51.160, 31.15, -0.09982, -0.43561, 0.70752, 0.54733
2025-06-14 21:05:05.758000,f8:a2:fd:ea:fb:80, 0.504, 1.456, -0.423, 199.768, -92.041, -75.684, 124.684, 24.73, -132.012, -23.547, -36.047, 51.160, 31.15, -0.09982, -0.43561, 0.70752, 0.54733
2025-06-14 21:05:05.817000,f8:a2:fd:ea:fb:80, -0.132, 0.396, -0.606, 65.369, -22.156, -20.081, 138.043, 32.102, -134.736, -13.393, -14.253, 59.273, 31.15, -0.09982, -0.43561, 0.70752, 0.54733
2025-06-14 21:05:05.907000,f8:a2:fd:ea:fb:80, -0.548, 0.354, 0.047, -196.899, 80.2, 66.528, 128.084, 26.675, -136.708, -13.393, -14.253, 59.273, 31.15, -0.01019, -0.40561, 0.75656, 0.5127
2025-06-14 21:05:06.028000,f8:a2:fd:ea:fb:80, -0.801, 0.975, -0.043, -297.485, -58.472, 110.657, 100.377, 17.056, -141.218, -13.393, -14.253, 59.273, 31.15, -0.01019, -0.40561, 0.75656, 0.5127
2025-06-14 21:05:06.119000,f8:a2:fd:ea:fb:80, -0.582, 1.251, -1.409, -225.098, 8.423, 72.693, 71.818, 7.762, -143.822, -24.620, -55.127, 38.733, 31.15, -0.01019, -0.40561, 0.75656, 0.5127
2025-06-14 21:05:06.238000,f8:a2:fd:ea:fb:80, -0.493, 1.444, -0.379, 143.677, -11.719, -28.503, 71.774, 8.751, -140.438, -24.620, -55.127, 38.733, 31.15, -0.23126, -0.25595, 0.52905, 0.77524
2025-06-14 21:05:06.328000,f8:a2:fd:ea:fb:80, -0.137, 0.87, -0.023, 110.168, -16.357, 0.549, 86.199, 14.854, -131.506, -24.620, -55.127, 38.733, 31.15, -0.23126, -0.25595, 0.52905, 0.77524
2025-06-14 21:05:06.418000,f8:a2:fd:ea:fb:80, -0.116, 1.016, -0.176, 42.786, 19.409, -5.493, 94.598, 15.123, -128.441, -31.240, -47.600, 47.667, 31.15, -0.23126, -0.25595, 0.52905, 0.77524
2025-06-14 21:05:06.538000,f8:a2:fd:ea:fb:80, -0.155, 1, -0.239, 22.339, -38.208, -4.578, 97.679, 15.54, -130.089, -31.240, -47.600, 47.667, 31.15, -0.17526, -0.39154, 0.64362, 0.63373
2025-06-14 21:05:06.631000,f8:a2:fd:ea:fb:80, -0.178, 0.94, -0.184, 42.419, -29.419, -10.62, 99.965, 16.392, -134.231, -31.240, -47.600, 47.667, 31.15, -0.17526, -0.39154, 0.64362, 0.63373
2025-06-14 21:05:06.718000,f8:a2:fd:ea:fb:80, -0.132, 1.274, -0.099, 81.299, 85.388, -35.278, 107.479, 18.001, -131.567, -23.607, -30.667, 50.367, 31.15, -0.17526, -0.39154, 0.64362, 0.63373
2025-06-14 21:05:06.809000,f8:a2:fd:ea:fb:80, -0.158, 1.733, 0.416, 210.205, -98.45, -69.58, 123.311, 24.423, -132.715, -23.607, -30.667, 50.367, 31.15, -0.02399, -0.43729, 0.74448, 0.50381
2025-06-14 21:05:06.928000,f8:a2:fd:ea:fb:80, -0.009, 1.033, -0.35, 123.657, -49.683, -27.588, 138.192, 33.234, -135.33, -23.607, -30.667, 50.367, 31.15, -0.02399, -0.43729, 0.74448, 0.50381
2025-06-14 21:05:07.020000,f8:a2:fd:ea:fb:80, -0.537, 0.285, 0.129, -153.259, 56.885, 58.35, 129.749, 30.092, -138.527, -13.900, -18.860, 60.380, 31.15, -0.02399, -0.43729, 0.74448, 0.50381
2025-06-14 21:05:07.138000,f8:a2:fd:ea:fb:80, -0.66, 0.74, 0.003, -290.222, -5.859, 113.342, 103.255, 18.089, -140.076, -13.900, -18.860, 60.380, 31.15, -0.0787, -0.36618, 0.70624, 0.60071
2025-06-14 21:05:07.228000,f8:a2:fd:ea:fb:80, -0.533, 1.405, -1.376, -242.676, 38.574, 74.463, 74.29, 8.388, -144.41, -13.900, -18.860, 60.380, 31.15, -0.0787, -0.36618, 0.70624, 0.60071
2025-06-14 21:05:07.349000,f8:a2:fd:ea:fb:80, -0.309, 1.822, -0.467, 130.371, -26.001, -34.424, 69.84, 9.091, -138.741, -25.820, -57.453, 34.780, 31.15, -0.23328, -0.32657, 0.54471, 0.73627
2025-06-14 21:05:07.442000,f8:a2:fd:ea:fb:80, -0.21, 1.091, -0.055, 95.276, -10.193, -0.854, 83.798, 14.282, -131.177, -25.820, -57.453, 34.780, 31.15, -0.23328, -0.32657, 0.54471, 0.73627
2025-06-14 21:05:07.557000,f8:a2:fd:ea:fb:80, -0.068, 1.053, -0.196, 58.167, -9.644, -9.094, 92.225, 14.908, -128.743, -30.640, -48.360, 46.847, 31.15, -0.23328, -0.32657, 0.54471, 0.73627
2025-06-14 21:05:07.650000,f8:a2:fd:ea:fb:80, -0.242, 0.965, -0.195, 36.743, -13.062, -8.972, 96.509, 15.683, -129.545, -30.640, -48.360, 46.847, 31.15, -0.17334, -0.39844, 0.64551, 0.62802
2025-06-14 21:05:07.739000,f8:a2:fd:ea:fb:80, -0.335, 1.03, -0.228, 56.091, -8.301, -13.306, 101.102, 16.381, -130.792, -30.640, -48.360, 46.847, 31.15, -0.17334, -0.39844, 0.64551, 0.62802
2025-06-14 21:05:07.887000,f8:a2:fd:ea:fb:80, 0.216, 1.297, -0.017, 127.441, 38.147, -44.128, 110.105, 18.144, -128.502, -30.640, -48.360, 46.847, 31.15, -0.17334, -0.39844, 0.64551, 0.62802
2025-06-14 21:05:07.948000,f8:a2:fd:ea:fb:80, -0.051, 1.616, -0.611, 217.773, -78.369, -76.721, 126.453, 24.895, -131.385, -15.780, -15.800, 56.613, 31.15, -0.17334, -0.39844, 0.64551, 0.62802
2025-06-14 21:05:08.038000,f8:a2:fd:ea:fb:80, -0.12, 0.552, -0.203, 28.87, 20.325, -10.315, 139.016, 31.481, -133.918, -15.780, -15.800, 56.613, 31.15, 0.08145, -0.43372, 0.79166, 0.42242
2025-06-14 21:05:08.187000,f8:a2:fd:ea:fb:80, -0.535, 0.413, -0.008, -218.567, 75.684, 63.538, 125.969, 23.89, -133.83, -15.780, -15.800, 56.613, 31.15, 0.08145, -0.43372, 0.79166, 0.42242
2025-06-14 21:05:08.248000,f8:a2:fd:ea:fb:80, -0.775, 1.267, -0.29, -292.847, -93.628, 101.99, 95.872, 15.98, -141.328, -24.380, -50.233, 44.880, 31.15, 0.08145, -0.43372, 0.79166, 0.42242
2025-06-14 21:05:08.341000,f8:a2:fd:ea:fb:80, -0.51, 1.208, -1.404, -200.989, -27.1, 54.504, 69.593, 8.124, -142.169, -24.380, -50.233, 44.880, 31.15, -0.24411, -0.23627, 0.49451, 0.79996
2025-06-14 21:05:08.459000,f8:a2:fd:ea:fb:80, -0.243, 2.039, 0.418, 158.569, -38.513, -43.213, 72.751, 10.289, -140.317, -24.380, -50.233, 44.880, 31.15, -0.24411, -0.23627, 0.49451, 0.79996
2025-06-14 21:05:08.578000,f8:a2:fd:ea:fb:80, -0.067, 1.142, -0.108, 92.712, -34.79, 0.183, 85.534, 13.64, -135.258, -28.600, -50.960, 46.540, 31.15, -0.24411, -0.23627, 0.49451, 0.79996
2025-06-14 21:05:08.638000,f8:a2:fd:ea:fb:80, -0.129, 1.065, -0.153, 43.762, 1.404, -11.414, 92.225, 14.282, -133.308, -28.600, -50.960, 46.540, 31.15, -0.18839, -0.36374, 0.62466, 0.66473
2025-06-14 21:05:08.788000,f8:a2:fd:ea:fb:80, -0.249, 0.979, -0.162, 44.128, -31.738, -11.78, 96.229, 15.266, -135.033, -28.600, -50.960, 46.540, 31.15, -0.18839, -0.36374, 0.62466, 0.66473
2025-06-14 21:05:08.848000,f8:a2:fd:ea:fb:80, -0.334, 1.051, -0.221, 60.73, -2.686, -17.029, 101.387, 16.32, -136.934, -23.120, -31.840, 52.400, 31.15, -0.18839, -0.36374, 0.62466, 0.66473
2025-06-14 21:05:08.939000,f8:a2:fd:ea:fb:80, -0.277, 1.314, -0.082, 132.629, 14.709, -47.913, 111.753, 18.682, -133.775, -23.120, -31.840, 52.400, 31.15, -0.05725, -0.41483, 0.7381, 0.5289
2025-06-14 21:05:09.118000,f8:a2:fd:ea:fb:80, -0.512, 1.788, -0.473, 181.396, -19.653, -93.384, 127.051, 25.659, -135.22, -23.120, -31.840, 52.400, 31.15, -0.05725, -0.41483, 0.7381, 0.5289
2025-06-14 21:05:09.178000,f8:a2:fd:ea:fb:80, -0.042, 0.484, 0.153, -20.142, -1.16, -18.433, 137.703, 30.575, -134.775, -23.120, -31.840, 52.400, 31.15, -0.05725, -0.41483, 0.7381, 0.5289
2025-06-14 21:05:09.239000,f8:a2:fd:ea:fb:80, -0.312, 0.564, -0.091, -262.817, 68.359, 55.725, 122.503, 24.752, -133.445, -18.120, -21.607, 58.533, 31.15, -0.05725, -0.41483, 0.7381, 0.5289
2025-06-14 21:05:09.358000,f8:a2:fd:ea:fb:80, -0.629, 1.524, -0.921, -295.898, -93.872, 115.784, 91.093, 15.496, -140.576, -18.120, -21.607, 58.533, 31.15, -0.1384, -0.3353, 0.64032, 0.67697
2025-06-14 21:05:09.449000,f8:a2:fd:ea:fb:80, 0.021, 1.004, -1.537, -129.089, -33.691, 44.739, 66.456, 5.779, -140.048, -18.120, -21.607, 58.533, 31.15, -0.1384, -0.3353, 0.64032, 0.67697
2025-06-14 21:05:09.571000,f8:a2:fd:ea:fb:80, -0.152, 1.757, 0.497, 110.413, 55.786, -42.786, 73.125, 8.267, -138.219, -27.707, -55.673, 36.753, 31.15, -0.1384, -0.3353, 0.64032, 0.67697
2025-06-14 21:05:09.658000,f8:a2:fd:ea:fb:80, -0.078, 1.13, -0.102, 96.68, 29.175, -13.855, 86.616, 13.524, -128.205, -27.707, -55.673, 36.753, 31.15, -0.24417, -0.37183, 0.57272, 0.68848
2025-06-14 21:05:09.751000,f8:a2:fd:ea:fb:80, -0.169, 1.027, -0.217, 49.072, -10.742, -3.479, 94.515, 14.139, -123.843, -27.707, -55.673, 36.753, 31.15, -0.24417, -0.37183, 0.57272, 0.68848
2025-06-14 21:05:09.840000,f8:a2:fd:ea:fb:80, -0.177, 1.001, -0.228, 43.945, -32.104, -2.441, 98.745, 14.348, -125.662, -32.527, -43.327, 46.360, 31.15, -0.24417, -0.37183, 0.57272, 0.68848
2025-06-14 21:05:09.959000,f8:a2:fd:ea:fb:80, -0.367, 1.01, -0.14, 78.735, -19.226, -16.663, 103.738, 15.194, -129.155, -32.527, -43.327, 46.360, 31.15, -0.14874, -0.42404, 0.68817, 0.56952
2025-06-14 21:05:10.078000,f8:a2:fd:ea:fb:80, -0.278, 1.481, 0.153, 155.457, -5.188, -44.25, 115.345, 17.573, -127.183, -32.527, -43.327, 46.360, 31.15, -0.14874, -0.42404, 0.68817, 0.56952
2025-06-14 21:05:10.139000,f8:a2:fd:ea:fb:80, -0.351, 1.827, -0.301, 189.514, -30.212, -86.548, 132.144, 25.582, -130.161, -32.527, -43.327, 46.360, 31.15, -0.14874, -0.42404, 0.68817, 0.56952
2025-06-14 21:05:10.259000,f8:a2:fd:ea:fb:80, -0.191, 0.469, 0.194, -28.32, -8.728, 3.601, 139.504, 29.399, -130.831, -18.720, -15.900, 56.427, 31.15, 0.02737, -0.45276, 0.77194, 0.44525
2025-06-14 21:05:10.349000,f8:a2:fd:ea:fb:80, -0.327, 0.482, -0.022, -271.484, 35.217, 69.397, 119.52, 22.181, -131.402, -18.720, -15.900, 56.427, 31.15, 0.02737, -0.45276, 0.77194, 0.44525
2025-06-14 21:05:10.468000,f8:a2:fd:ea:fb:80, -0.305, 1.551, -1.068, -305.054, -78.003, 99.487, 86.495, 14.409, -141.597, -18.720, -15.900, 56.427, 31.15, 0.02737, -0.45276, 0.77194, 0.44525
2025-06-14 21:05:10.558000,f8:a2:fd:ea:fb:80, 0.527, 1.023, -1.619, -73.425, -61.34, 34.18, 67.967, 8.981, -140.312, -24.513, -58.047, 34.740, 31.15, 0.02737, -0.45276, 0.77194, 0.44525
2025-06-14 21:05:10.648000,f8:a2:fd:ea:fb:80, -0.021, 1.308, 0.228, 82.031, 116.516, -27.588, 78.442, 13.282, -135.137, -24.513, -58.047, 34.740, 31.15, -0.23199, -0.36395, 0.55933, 0.70764
2025-06-14 21:05:10.739000,f8:a2:fd:ea:fb:80, -0.25, 1.143, -0.228, 73.73, 70.068, -7.141, 91.472, 15.496, -127.233, -24.513, -58.047, 34.740, 31.15, -0.23199, -0.36395, 0.55933, 0.70764
2025-06-14 21:05:10.861000,f8:a2:fd:ea:fb:80, -0.144, 1.013, -0.21, 41.077, -8.484, 0.366, 98.668, 15.419, -123.497, -24.513, -58.047, 34.740, 31.15, -0.23199, -0.36395, 0.55933, 0.70764
2025-06-14 21:05:10.948000,f8:a2:fd:ea:fb:80, -0.181, 0.965, -0.23, 44.8, -26.306, -5.249, 102.387, 15.667, -125.887, -31.947, -46.207, 47.000, 31.15, -0.16589, -0.42462, 0.66711, 0.58908
2025-06-14 21:05:11.039000,f8:a2:fd:ea:fb:80, -0.314, 0.989, -0.096, 75.439, 0.427, -25.024, 107.089, 16.71, -127.925, -31.947, -46.207, 47.000, 31.15, -0.16589, -0.42462, 0.66711, 0.58908
2025-06-14 21:05:11.158000,f8:a2:fd:ea:fb:80, -0.355, 1.523, 0.344, 170.959, -56.58, -47.791, 117.911, 19.188, -126.354, -21.453, -23.180, 53.433, 31.15, -0.16589, -0.42462, 0.66711, 0.58908
2025-06-14 21:05:11.281000,f8:a2:fd:ea:fb:80, 0.064, 2.024, -0.487, 204.712, -11.719, -75.684, 134.193, 26.488, -127.908, -21.453, -23.180, 53.433, 31.15, 0.06171, -0.48035, 0.77808, 0.39993
2025-06-14 21:05:11.339000,f8:a2:fd:ea:fb:80, -0.219, 0.354, 0.144, -61.707, -11.536, -0.61, 140.18, 29.103, -127.013, -21.453, -23.180, 53.433, 31.15, 0.06171, -0.48035, 0.77808, 0.39993
2025-06-14 21:05:11.460000,f8:a2:fd:ea:fb:80, -0.452, 0.425, -0.045, -259.644, -22.4, 75.684, 119.048, 23.719, -129.897, -21.580, -33.707, 55.740, 31.15, 0.06171, -0.48035, 0.77808, 0.39993
2025-06-14 21:05:11.578000,f8:a2:fd:ea:fb:80, -0.595, 1.249, -1.232, -290.771, -80.627, 107.422, 86.578, 15.425, -140.12, -21.580, -33.707, 55.740, 31.15, -0.15945, -0.32355, 0.60541, 0.70941
2025-06-14 21:05:11.670000,f8:a2:fd:ea:fb:80, -0.941, 0.847, -1.64, -33.081, -48.706, 30.334, 68.033, 8.514, -140.037, -21.580, -33.707, 55.740, 31.15, -0.15945, -0.32355, 0.60541, 0.70941
2025-06-14 21:05:11.789000,f8:a2:fd:ea:fb:80, -0.075, 0.991, -0.625, 102.6, 87.952, -37.476, 77.542, 13.233, -132.643, -27.507, -56.927, 36.867, 31.15, -0.15945, -0.32355, 0.60541, 0.70941
2025-06-14 21:05:11.882000,f8:a2:fd:ea:fb:80, -0.066, 1.065, -0.235, 57.434, 28.687, -2.93, 88.742, 14.98, -128.112, -27.507, -56.927, 36.867, 31.15, -0.22766, -0.39856, 0.58975, 0.66437
2025-06-14 21:05:11.969000,f8:a2:fd:ea:fb:80, -0.11, 1.005, -0.114, 38.879, 16.602, -9.705, 94.916, 15.606, -125.629, -27.507, -56.927, 36.867, 31.15, -0.22766, -0.39856, 0.58975, 0.66437
2025-06-14 21:05:12.119000,f8:a2:fd:ea:fb:80, -0.138, 0.966, -0.229, 52.979, -14.526, -6.531, 99.487, 15.98, -127.068, -28.067, -41.340, 49.993, 31.15, -0.22766, -0.39856, 0.58975, 0.66437
2025-06-14 21:05:12.180000,f8:a2:fd:ea:fb:80, -0.238, 1.117, -0.158, 84.595, 25.94, -29.114, 105.947, 17.139, -128.452, -28.067, -41.340, 49.993, 31.15, -0.14359, -0.43469, 0.68011, 0.57248
2025-06-14 21:05:12.269000,f8:a2:fd:ea:fb:80, 0.076, 1.831, 0.46, 192.749, -61.646, -52.429, 119.465, 20.885, -127.749, -28.067, -41.340, 49.993, 31.15, -0.14359, -0.43469, 0.68011, 0.57248
2025-06-14 21:05:12.389000,f8:a2:fd:ea:fb:80, -0.083, 1.561, -0.277, 165.344, -44.312, -62.927, 136.027, 28.965, -129.452, -17.540, -16.193, 58.033, 31.15, -0.14359, -0.43469, 0.68011, 0.57248
2025-06-14 21:05:12.478000,f8:a2:fd:ea:fb:80, -0.402, 0.288, 0.143, -128.357, 49.805, 21.79, 133.182, 27.636, -130.111, -17.540, -16.193, 58.033, 31.15, 0.00467, -0.45734, 0.75412, 0.47119
2025-06-14 21:05:12.569000,f8:a2:fd:ea:fb:80, -0.375, 0.633, 0.076, -293.03, -22.461, 87.952, 107.045, 19.929, -132.671, -17.540, -16.193, 58.033, 31.15, 0.00467, -0.45734, 0.75412, 0.47119
2025-06-14 21:05:12.690000,f8:a2:fd:ea:fb:80, -0.992, 1.521, -1.325, -271.362, -52.612, 114.136, 76.41, 10.481, -143.476, -23.340, -53.920, 41.060, 31.15, 0.00467, -0.45734, 0.75412, 0.47119
2025-06-14 21:05:12.779000,f8:a2:fd:ea:fb:80, -0.345, 0.569, -0.947, 84.351, 38.391, -23.865, 70.56, 7.597, -141.619, -23.340, -53.920, 41.060, 31.15, -0.23239, -0.23352, 0.52243, 0.78641
2025-06-14 21:05:12.900000,f8:a2:fd:ea:fb:80, -0.162, 0.812, -0.12, 65.247, 84.717, -17.639, 83.584, 13.376, -133.83, -23.340, -53.920, 41.060, 31.15, -0.23239, -0.23352, 0.52243, 0.78641
2025-06-14 21:05:13.020000,f8:a2:fd:ea:fb:80, -0.128, 0.997, -0.17, 55.054, 43.518, -14.038, 92.401, 14.766, -129.919, -30.540, -48.520, 46.953, 31.15, -0.23239, -0.23352, 0.52243, 0.78641
2025-06-14 21:05:13.079000,f8:a2:fd:ea:fb:80, -0.236, 1.019, -0.191, 37.415, -8.362, -10.437, 98.009, 15.809, -126.65, -30.540, -48.520, 46.953, 31.15, -0.19363, -0.4166, 0.63226, 0.62375
2025-06-14 21:05:13.168000,f8:a2:fd:ea:fb:80, -0.25, 1.058, -0.179, 68.237, -32.471, -15.869, 102.524, 16.782, -129.694, -30.540, -48.520, 46.953, 31.15, -0.19363, -0.4166, 0.63226, 0.62375
2025-06-14 21:05:13.319000,f8:a2:fd:ea:fb:80, -0.298, 1.507, 0.127, 156.128, 6.47, -50.72, 113.011, 19.325, -128.073, -23.687, -27.733, 53.187, 31.15, -0.19363, -0.4166, 0.63226, 0.62375
2025-06-14 21:05:13.379000,f8:a2:fd:ea:fb:80, -0.047, 1.903, -0.514, 217.163, -79.407, -74.89, 130.627, 27.12, -131.479, -23.687, -27.733, 53.187, 31.15, 0.10291, -0.44479, 0.79251, 0.40421
2025-06-14 21:05:13.469000,f8:a2:fd:ea:fb:80, -0.087, 0.511, 0.089, -23.132, 28.32, 4.15, 139.686, 31.108, -133.423, -23.687, -27.733, 53.187, 31.15, 0.10291, -0.44479, 0.79251, 0.40421
2025-06-14 21:05:13.589000,f8:a2:fd:ea:fb:80, -0.398, 0.425, -0.037, -229.187, 23.132, 72.266, 123.684, 23.011, -133.407, -23.687, -27.733, 53.187, 31.15, 0.10291, -0.44479, 0.79251, 0.40421
2025-06-14 21:05:13.680000,f8:a2:fd:ea:fb:80, -0.653, 1.295, -0.802, -294.922, -123.291, 114.563, 92.686, 14.381, -142.416, -21.987, -45.620, 50.467, 31.15, 0.10291, -0.44479, 0.79251, 0.40421
2025-06-14 21:05:13.773000,f8:a2:fd:ea:fb:80, 0.001, 1.134, -1.474, -127.991, -37.781, 63.416, 69.67, 4.318, -143.74, -21.987, -45.620, 50.467, 31.15, -0.23724, -0.20447, 0.52985, 0.78809
2025-06-14 21:05:13.919000,f8:a2:fd:ea:fb:80, -0.157, 2.208, 0.837, 70.007, 152.771, -37.964, 75.701, 8.679, -136.104, -21.987, -45.620, 50.467, 31.15, -0.23724, -0.20447, 0.52985, 0.78809
2025-06-14 21:05:14.009000,f8:a2:fd:ea:fb:80, -0.067, 1.256, -0.243, 90.576, -6.47, -6.47, 88.577, 12.382, -129.787, -33.080, -46.193, 44.353, 31.15, -0.23724, -0.20447, 0.52985, 0.78809
2025-06-14 21:05:14.070000,f8:a2:fd:ea:fb:80, -0.12, 1.054, -0.125, 38.879, 16.052, -11.169, 95.098, 13.184, -126.661, -33.080, -46.193, 44.353, 31.15, -0.22015, -0.40347, 0.62662, 0.62927
2025-06-14 21:05:14.219000,f8:a2:fd:ea:fb:80, -0.162, 1.015, -0.174, 41.748, -22.4, -5.737, 98.921, 13.683, -127.617, -33.080, -46.193, 44.353, 31.15, -0.22015, -0.40347, 0.62662, 0.62927
2025-06-14 21:05:14.279000,f8:a2:fd:ea:fb:80, -0.51, 1.02, -0.158, 79.895, -7.812, -15.991, 104.524, 14.738, -129.221, -32.253, -31.793, 48.233, 31.15, -0.22015, -0.40347, 0.62662, 0.62927
2025-06-14 21:05:14.370000,f8:a2:fd:ea:fb:80, -0.246, 1.392, 0.134, 159.668, -23.987, -37.109, 116.466, 17.177, -127.969, -32.253, -31.793, 48.233, 31.15, -0.06525, -0.43521, 0.74332, 0.50369
2025-06-14 21:05:14.489000,f8:a2:fd:ea:fb:80, 0.002, 1.684, -0.37, 158.936, 33.264, -88.501, 132.819, 25.422, -130.941, -32.253, -31.793, 48.233, 31.15, -0.06525, -0.43521, 0.74332, 0.50369
2025-06-14 21:05:14.619000,f8:a2:fd:ea:fb:80, -0.081, 0.379, 0.085, -83.13, -0.183, 0.732, 138.9, 28.037, -129.979, -21.173, -20.220, 58.460, 31.15, -0.06525, -0.43521, 0.74332, 0.50369
2025-06-14 21:05:14.759000,f8:a2:fd:ea:fb:80, -0.479, 0.621, -0.055, -273.071, 7.019, 77.759, 117.57, 23.39, -133.176, -21.173, -20.220, 58.460, 31.15, -0.08563, -0.40363, 0.69492, 0.58884
2025-06-14 21:05:14.789000,f8:a2:fd:ea:fb:80, -0.233, 1.406, -0.983, -294.8, -90.759, 110.84, 84.88, 14.068, -142.564, -21.173, -20.220, 58.460, 31.15, -0.08563, -0.40363, 0.69492, 0.58884
2025-06-14 21:05:14.880000,f8:a2:fd:ea:fb:80, -0.582, 0.821, -1.834, -20.081, -7.324, 3.601, 64.709, 7.795, -140.977, -23.233, -58.533, 30.567, 31.15, -0.08563, -0.40363, 0.69492, 0.58884
2025-06-14 21:05:14.969000,f8:a2:fd:ea:fb:80, -0.091, 1.129, -0.758, 119.507, 50.171, -29.846, 75.652, 13.266, -134.973, -23.233, -58.533, 30.567, 31.15, -0.23627, -0.31284, 0.52457, 0.75568
2025-06-14 21:05:15.088000,f8:a2:fd:ea:fb:80, -0.068, 1.081, -0.226, 68.054, 39.734, -10.803, 87.984, 15.392, -129.88, -23.233, -58.533, 30.567, 31.15, -0.23627, -0.31284, 0.52457, 0.75568
2025-06-14 21:05:15.210000,f8:a2:fd:ea:fb:80, -0.145, 1.021, -0.212, 33.691, 21.24, -6.958, 94.785, 16.062, -124.876, -31.340, -50.127, 44.573, 31.15, -0.23627, -0.31284, 0.52457, 0.75568
2025-06-14 21:05:15.270000,f8:a2:fd:ea:fb:80, -0.209, 0.972, -0.2, 52.551, -29.236, -1.709, 98.992, 16.238, -126.535, -31.340, -50.127, 44.573, 31.15, -0.19507, -0.42102, 0.62915, 0.62347
2025-06-14 21:05:15.389000,f8:a2:fd:ea:fb:80, -0.193, 1.066, -0.145, 84.717, 24.292, -29.053, 105.189, 17.314, -128.831, -31.340, -50.127, 44.573, 31.15, -0.19507, -0.42102, 0.62915, 0.62347
2025-06-14 21:05:15.481000,f8:a2:fd:ea:fb:80, -0.286, 1.662, 0.192, 165.588, -41.321, -53.772, 117.224, 20.803, -127.167, -23.673, -28.493, 53.347, 31.15, -0.19507, -0.42102, 0.62915, 0.62347
2025-06-14 21:05:15.570000,f8:a2:fd:ea:fb:80, -0.053, 1.81, -0.815, 191.528, -35.706, -72.51, 133.544, 29.207, -129.573, -23.673, -28.493, 53.347, 31.15, 0.03479, -0.46753, 0.7576, 0.45404
2025-06-14 21:05:15.718000,f8:a2:fd:ea:fb:80, -0.251, 0.427, 0.235, -69.397, 14.587, 28.992, 136.214, 30.245, -131.699, -23.673, -28.493, 53.347, 31.15, 0.03479, -0.46753, 0.7576, 0.45404
2025-06-14 21:05:15.809000,f8:a2:fd:ea:fb:80, -0.485, 0.485, -0.037, -265.686, 18.433, 88.135, 114.829, 22.05, -134.193, -23.673, -28.493, 53.347, 31.15, 0.03479, -0.46753, 0.7576, 0.45404
2025-06-14 21:05:15.870000,f8:a2:fd:ea:fb:80, -0.397, 1.523, -1.093, -309.998, -79.285, 98.755, 81.996, 12.662, -141.795, -21.980, -38.127, 55.227, 31.15, 0.03479, -0.46753, 0.7576, 0.45404
2025-06-14 21:05:16.048000,f8:a2:fd:ea:fb:80, -0.156, 0.812, -1.645, -23.621, -17.395, 17.578, 66.517, 7.696, -140.773, -21.980, -38.127, 55.227, 31.15, -0.24286, -0.23428, 0.49713, 0.79929
2025-06-14 21:05:16.139000,f8:a2:fd:ea:fb:80, -0.096, 0.965, -1.064, 90.576, 105.103, -26.917, 79.717, 13.585, -133.506, -21.980, -38.127, 55.227, 31.15, -0.24286, -0.23428, 0.49713, 0.79929
2025-06-14 21:05:16.206000,f8:a2:fd:ea:fb:80, -0.174, 1.073, -0.154, 56.03, 30.823, -5.554, 89.786, 14.914, -129.82, -28.340, -53.500, 41.973, 31.15, -0.24286, -0.23428, 0.49713, 0.79929
2025-06-14 21:05:16.349000,f8:a2:fd:ea:fb:80, -0.12, 1.004, -0.169, 42.603, -3.235, -11.963, 95.85, 15.743, -128.419, -28.340, -53.500, 41.973, 31.15, -0.19562, -0.40259, 0.62344, 0.64099
2025-06-14 21:05:16.439000,f8:a2:fd:ea:fb:80, -0.29, 0.963, -0.224, 53.894, -30.334, -7.446, 100.074, 16.622, -130.984, -28.340, -53.500, 41.973, 31.15, -0.19562, -0.40259, 0.62344, 0.64099
2025-06-14 21:05:16.559000,f8:a2:fd:ea:fb:80, -0.108, 1.16, -0.179, 87.891, 38.33, -37.598, 106.595, 18.067, -131.259, -25.820, -36.680, 52.593, 31.15, -0.19562, -0.40259, 0.62344, 0.64099
2025-06-14 21:05:16.625000,f8:a2:fd:ea:fb:80, 0.13, 1.987, 0.399, 179.016, -58.228, -59.998, 119.526, 22.137, -129.858, -25.820, -36.680, 52.593, 31.15, -0.05261, -0.44727, 0.72992, 0.5141
2025-06-14 21:05:16.709000,f8:a2:fd:ea:fb:80, -0.165, 1.187, 0.264, 152.222, -56.458, -49.377, 136.434, 30.097, -131.248, -25.820, -36.680, 52.593, 31.15, -0.05261, -0.44727, 0.72992, 0.5141
2025-06-14 21:05:16.799000,f8:a2:fd:ea:fb:80, -0.5, 0.357, 0.09, -134.949, 44.495, 44.128, 135.33, 29.169, -133.094, -19.607, -23.373, 59.647, 31.15, -0.05261, -0.44727, 0.72992, 0.5141
2025-06-14 21:05:16.919000,f8:a2:fd:ea:fb:80, -0.384, 0.689, 0.053, -290.466, -23.071, 101.318, 110.418, 20.198, -136.868, -19.607, -23.373, 59.647, 31.15, -0.10837, -0.34467, 0.67435, 0.64389
2025-06-14 21:05:17.009000,f8:a2:fd:ea:fb:80, -0.695, 1.482, -1.227, -305.42, 24.902, 108.398, 78.904, 10.432, -144.745, -19.607, -23.373, 59.647, 31.15, -0.10837, -0.34467, 0.67435, 0.64389
2025-06-14 21:05:17.100000,f8:a2:fd:ea:fb:80, 0.082, 0.772, -1.411, 53.284, -27.161, 11.841, 66.544, 6.251, -141.57, -19.607, -23.373, 59.647, 31.15, -0.10837, -0.34467, 0.67435, 0.64389
2025-06-14 21:05:17.220000,f8:a2:fd:ea:fb:80, -0.074, 1.395, -0.867, 121.46, 56.274, 0.854, 79.151, 12.805, -132.671, -26.607, -54.993, 37.800, 31.15, -0.10837, -0.34467, 0.67435, 0.64389
2025-06-14 21:05:17.309000,f8:a2:fd:ea:fb:80, -0.249, 1.025, -0.269, 45.105, 72.876, -4.333, 90.687, 13.903, -129.512, -26.607, -54.993, 37.800, 31.15, -0.22211, -0.3873, 0.6059, 0.65836
2025-06-14 21:05:17.399000,f8:a2:fd:ea:fb:80, -0.152, 0.99, -0.188, 29.541, -0.427, -10.986, 96.037, 14.409, -127.744, -26.607, -54.993, 37.800, 31.15, -0.22211, -0.3873, 0.6059, 0.65836
2025-06-14 21:05:17.521000,f8:a2:fd:ea:fb:80, -0.206, 0.95, -0.183, 48.584, -25.696, -11.23, 99.597, 15.255, -130.182, -30.700, -42.473, 49.593, 31.15, -0.14688, -0.40723, 0.67682, 0.59531
2025-06-14 21:05:17.609000,f8:a2:fd:ea:fb:80, -0.298, 1.04, -0.163, 81.665, 25.085, -32.41, 105.875, 16.82, -130.435, -30.700, -42.473, 49.593, 31.15, -0.14688, -0.40723, 0.67682, 0.59531
2025-06-14 21:05:17.699000,f8:a2:fd:ea:fb:80, -0.06, 1.852, 0.239, 172.424, -47.058, -54.626, 118.575, 20.319, -128.513, -30.700, -42.473, 49.593, 31.15, -0.14688, -0.40723, 0.67682, 0.59531
2025-06-14 21:05:17.848000,f8:a2:fd:ea:fb:80, 0.051, 1.78, -0.628, 180.908, -27.527, -73.181, 135.461, 29.125, -130.605, -18.120, -17.833, 57.513, 31.15, 0.0744, -0.45728, 0.78009, 0.42041
2025-06-14 21:05:17.909000,f8:a2:fd:ea:fb:80, -0.064, 0.456, 0.104, -87.158, 18.677, 21.362, 135.439, 29.493, -131.666, -18.120, -17.833, 57.513, 31.15, 0.0744, -0.45728, 0.78009, 0.42041
2025-06-14 21:05:18.000000,f8:a2:fd:ea:fb:80, -0.381, 0.633, -0.02, -279.236, 29.541, 90.637, 112.28, 21.66, -134.083, -18.120, -17.833, 57.513, 31.15, 0.0744, -0.45728, 0.78009, 0.42041
2025-06-14 21:05:18.120000,f8:a2:fd:ea:fb:80, -0.51, 1.517, -1.272, -298.523, -90.942, 116.333, 79.321, 11.239, -143.849, -22.227, -51.520, 44.007, 31.15, -0.25748, -0.24643, 0.4873, 0.79712
2025-06-14 21:05:18.210000,f8:a2:fd:ea:fb:80, 0.204, 0.744, -1.934, 10.62, 52.734, 4.333, 66.654, 8.844, -137.648, -22.227, -51.520, 44.007, 31.15, -0.25748, -0.24643, 0.4873, 0.79712
2025-06-14 21:05:18.300000,f8:a2:fd:ea:fb:80, -0.255, 1.208, -0.203, 121.094, -7.385, 1.831, 80.469, 14.161, -132.034, -22.227, -51.520, 44.007, 31.15, -0.25748, -0.24643, 0.4873, 0.79712
2025-06-14 21:05:18.419000,f8:a2:fd:ea:fb:80, -0.122, 1.02, -0.171, 35.278, 56.458, -7.812, 90.242, 15.084, -127.996, -30.160, -51.653, 43.433, 31.15, -0.25748, -0.24643, 0.4873, 0.79712
2025-06-14 21:05:18.510000,f8:a2:fd:ea:fb:80, -0.18, 0.974, -0.167, 29.907, -9.705, -5.493, 95.032, 15.463, -125.678, -30.160, -51.653, 43.433, 31.15, -0.21524, -0.41458, 0.61078, 0.63925
2025-06-14 21:05:18.600000,f8:a2:fd:ea:fb:80, -0.604, 0.977, -0.148, 48.523, -16.418, -6.592, 98.361, 15.529, -126.898, -30.160, -51.653, 43.433, 31.15, -0.21524, -0.41458, 0.61078, 0.63925
2025-06-14 21:05:18.749000,f8:a2:fd:ea:fb:80, -0.193, 1.106, -0.053, 98.145, 59.937, -33.325, 105.656, 16.447, -126.387, -28.733, -36.793, 48.467, 31.15, -0.21524, -0.41458, 0.61078, 0.63925
2025-06-14 21:05:18.810000,f8:a2:fd:ea:fb:80, 0.012, 2.05, 0.394, 203.003, -80.444, -55.969, 120.569, 20.841, -126.793, -28.733, -36.793, 48.467, 31.15, -0.10593, -0.46133, 0.70938, 0.52213
2025-06-14 21:05:18.900000,f8:a2:fd:ea:fb:80, -0.151, 1.042, -0.285, 134.949, -55.603, -28.564, 136.401, 29.652, -131.446, -28.733, -36.793, 48.467, 31.15, -0.10593, -0.46133, 0.70938, 0.52213
2025-06-14 21:05:19.020000,f8:a2:fd:ea:fb:80, -0.793, 0.312, 0.143, -167.175, 80.444, 43.457, 130.924, 27.026, -134.077, -20.513, -22.107, 58.633, 31.15, -0.10593, -0.46133, 0.70938, 0.52213
2025-06-14 21:05:19.110000,f8:a2:fd:ea:fb:80, -0.712, 0.684, 0.006, -286.072, -90.149, 97.29, 104.288, 17.748, -136.401, -20.513, -22.107, 58.633, 31.15, -0.11646, -0.37061, 0.68341, 0.61798
2025-06-14 21:05:19.262000,f8:a2:fd:ea:fb:80, -0.762, 1.367, -1.286, -269.226, 16.296, 95.032, 74.745, 8.058, -144.327, -20.513, -22.107, 58.633, 31.15, -0.11646, -0.37061, 0.68341, 0.61798
2025-06-14 21:05:19.320000,f8:a2:fd:ea:fb:80, -0.259, 0.67, -1.322, 90.332, 8.24, -16.418, 69.527, 6.707, -141.641, -25.460, -54.853, 40.087, 31.15, -0.11646, -0.37061, 0.68341, 0.61798
2025-06-14 21:05:19.439000,f8:a2:fd:ea:fb:80, -0.172, 1.061, -0.005, 109.314, 34.546, -9.46, 82.579, 12.404, -133.918, -25.460, -54.853, 40.087, 31.15, -0.21667, -0.34683, 0.59143, 0.69489
2025-06-14 21:05:19.499000,f8:a2:fd:ea:fb:80, -0.143, 1.02, -0.177, 39.307, 64.148, -9.399, 91.653, 13.568, -130.161, -25.460, -54.853, 40.087, 31.15, -0.21667, -0.34683, 0.59143, 0.69489
2025-06-14 21:05:19.620000,f8:a2:fd:ea:fb:80, -0.116, 1.009, -0.176, 34.485, -24.231, -9.033, 96.46, 14.26, -129.529, -25.460, -54.853, 40.087, 31.15, -0.21667, -0.34683, 0.59143, 0.69489
2025-06-14 21:05:19.740000,f8:a2:fd:ea:fb:80, -0.327, 1.024, -0.189, 54.871, -23.865, -11.169, 100.519, 15.216, -132.715, -28.827, -38.253, 51.540, 31.15, -0.21667, -0.34683, 0.59143, 0.69489
2025-06-14 21:05:19.800000,f8:a2:fd:ea:fb:80, -0.204, 1.218, -0.157, 106.934, 29.907, -41.26, 108.787, 17.238, -131.721, -28.827, -38.253, 51.540, 31.15, -0.12619, -0.40604, 0.69608, 0.57843
2025-06-14 21:05:19.920000,f8:a2:fd:ea:fb:80, -0.025, 1.929, 0.355, 194.885, -83.374, -71.167, 123.69, 23.456, -132.556, -28.827, -38.253, 51.540, 31.15, -0.12619, -0.40604, 0.69608, 0.57843
2025-06-14 21:05:20.010000,f8:a2:fd:ea:fb:80, 0.003, 0.995, -0.371, 100.281, 8.179, -54.932, 139.043, 30.927, -132.429, -15.773, -14.400, 58.193, 31.15, -0.12619, -0.40604, 0.69608, 0.57843
2025-06-14 21:05:20.100000,f8:a2:fd:ea:fb:80, -0.613, 0.449, -0.052, -203.369, 70.19, 44.006, 130.858, 27.51, -131.644, -15.773, -14.400, 58.193, 31.15, 0.00092, -0.44855, 0.75217, 0.48267
2025-06-14 21:05:20.250000,f8:a2:fd:ea:fb:80, -0.644, 1.059, -0.254, -293.945, -108.582, 100.708, 102.25, 18.957, -135.654, -15.773, -14.400, 58.193, 31.15, 0.00092, -0.44855, 0.75217, 0.48267
2025-06-14 21:05:20.343000,f8:a2:fd:ea:fb:80, -0.201, 1.324, -1.567, -207.397, -16.479, 78.613, 73.499, 9.08, -142.191, -24.487, -55.300, 37.753, 31.15, 0.00092, -0.44855, 0.75217, 0.48267
2025-06-14 21:05:20.430000,f8:a2:fd:ea:fb:80, -0.191, 1.981, 0.995, 105.957, 4.333, -28.931, 73.614, 9.509, -138.411, -24.487, -55.300, 37.753, 31.15, -0.24222, -0.33771, 0.54758, 0.72617
2025-06-14 21:05:20.550000,f8:a2:fd:ea:fb:80, -0.116, 1.264, -0.117, 97.656, -0.427, 1.282, 86.781, 14.282, -128.633, -24.487, -55.300, 37.753, 31.15, -0.24222, -0.33771, 0.54758, 0.72617
2025-06-14 21:05:20.639000,f8:a2:fd:ea:fb:80, -0.01, 1.022, -0.274, 52.917, -16.174, -4.761, 94.581, 14.733, -125.695, -33.333, -45.113, 46.133, 31.15, -0.24222, -0.33771, 0.54758, 0.72617
2025-06-14 21:05:20.729000,f8:a2:fd:ea:fb:80, -0.217, 0.979, -0.222, 32.959, -23.987, -4.883, 98.015, 15.178, -127.628, -33.333, -45.113, 46.133, 31.15, -0.18686, -0.40381, 0.64282, 0.62341
2025-06-14 21:05:20.940000,f8:a2:fd:ea:fb:80, -0.079, 1.03, -0.151, 48.706, -17.761, -10.01, 101.646, 15.645, -130.139, -33.333, -45.113, 46.133, 31.15, -0.18686, -0.40381, 0.64282, 0.62341
2025-06-14 21:05:20.942000,f8:a2:fd:ea:fb:80, 0.229, 1.378, -0.166, 137.695, 17.151, -37.354, 111.357, 17.155, -127.617, -33.333, -45.113, 46.133, 31.15, -0.18686, -0.40381, 0.64282, 0.62341
2025-06-14 21:05:21.030000,f8:a2:fd:ea:fb:80, -0.406, 1.708, -0.448, 212.769, -83.374, -71.106, 127.755, 24.038, -130.82, -26.987, -28.353, 48.473, 31.15, 0.07147, -0.45303, 0.7865, 0.41348
2025-06-14 21:05:21.149000,f8:a2:fd:ea:fb:80, -0.09, 0.481, 0.143, -12.756, 1.709, 4.944, 139.026, 29.465, -131.616, -26.987, -28.353, 48.473, 31.15, 0.07147, -0.45303, 0.7865, 0.41348
2025-06-14 21:05:21.240000,f8:a2:fd:ea:fb:80, -0.518, 0.488, -0.096, -237.305, 44.922, 65.063, 123.788, 24.109, -133.407, -22.860, -31.240, 55.940, 31.15, 0.07147, -0.45303, 0.7865, 0.41348
2025-06-14 21:05:21.329000,f8:a2:fd:ea:fb:80, -0.844, 1.252, -0.728, -282.227, -139.404, 99.609, 93.054, 15.826, -140.944, -22.860, -31.240, 55.940, 31.15, -0.15878, -0.27264, 0.60104, 0.73422
2025-06-14 21:05:21.450000,f8:a2:fd:ea:fb:80, 0.003, 0.997, -1.728, -130.554, -20.142, 50.171, 67.983, 7.152, -142.465, -22.860, -31.240, 55.940, 31.15, -0.15878, -0.27264, 0.60104, 0.73422
2025-06-14 21:05:21.541000,f8:a2:fd:ea:fb:80, -0.006, 1.256, 0.253, 81.116, 94.971, -34.119, 72.74, 9.415, -139.867, -26.433, -55.700, 39.947, 31.15, -0.15878, -0.27264, 0.60104, 0.73422
2025-06-14 21:05:21.630000,f8:a2:fd:ea:fb:80, -0.145, 1.099, -0.14, 80.627, -0.427, -4.7, 84.683, 12.794, -134.681, -26.433, -55.700, 39.947, 31.15, -0.21365, -0.33386, 0.58594, 0.7067
2025-06-14 21:05:21.752000,f8:a2:fd:ea:fb:80, -0.161, 1.045, -0.147, 47.363, 16.541, -11.658, 92.027, 13.738, -131.446, -26.433, -55.700, 39.947, 31.15, -0.21365, -0.33386, 0.58594, 0.7067
2025-06-14 21:05:21.869000,f8:a2:fd:ea:fb:80, -0.251, 0.973, -0.203, 49.561, -32.593, -8.423, 96.674, 14.535, -132.918, -27.787, -41.447, 51.180, 31.15, -0.21365, -0.33386, 0.58594, 0.7067
2025-06-14 21:05:21.931000,f8:a2:fd:ea:fb:80, -0.269, 1.013, -0.174, 61.646, -6.104, -18.372, 101.772, 15.463, -135.137, -27.787, -41.447, 51.180, 31.15, -0.142, -0.3718, 0.67825, 0.61761
2025-06-14 21:05:22.050000,f8:a2:fd:ea:fb:80, -0.223, 1.473, -0.035, 154.968, -3.784, -41.382, 112.423, 17.474, -132.023, -27.787, -41.447, 51.180, 31.15, -0.142, -0.3718, 0.67825, 0.61761
2025-06-14 21:05:22.170000,f8:a2:fd:ea:fb:80, -0.485, 1.853, -0.537, 193.42, -42.297, -77.82, 128.842, 24.818, -134.528, -17.293, -16.120, 54.653, 31.15, -0.142, -0.3718, 0.67825, 0.61761
2025-06-14 21:05:22.229000,f8:a2:fd:ea:fb:80, -0.15, 0.522, 0.217, -15.625, -1.648, -3.479, 137.137, 29.279, -136.165, -17.293, -16.120, 54.653, 31.15, 0.08691, -0.42245, 0.80133, 0.4144
2025-06-14 21:05:22.350000,f8:a2:fd:ea:fb:80, -0.492, 0.535, -0.083, -252.869, 54.871, 67.932, 119.537, 21.588, -135.643, -17.293, -16.120, 54.653, 31.15, 0.08691, -0.42245, 0.80133, 0.4144
2025-06-14 21:05:22.440000,f8:a2:fd:ea:fb:80, -0.664, 1.365, -0.81, -284.058, -148.01, 113.098, 87.979, 12.761, -145.508, -21.180, -46.633, 50.953, 31.15, 0.08691, -0.42245, 0.80133, 0.4144
2025-06-14 21:05:22.529000,f8:a2:fd:ea:fb:80, -0.144, 1.136, -1.693, -141.174, -5.005, 37.292, 65.281, 5.444, -143.663, -21.180, -46.633, 50.953, 31.15, -0.2464, -0.21509, 0.49289, 0.80621
2025-06-14 21:05:22.650000,f8:a2:fd:ea:fb:80, -0.085, 1.796, 0.682, 93.811, 62.012, -25.818, 73.658, 10.712, -137.714, -21.180, -46.633, 50.953, 31.15, -0.2464, -0.21509, 0.49289, 0.80621
2025-06-14 21:05:22.739000,f8:a2:fd:ea:fb:80, -0.141, 1.122, -0.181, 88.745, -5.31, -5.066, 86.506, 13.475, -133.319, -28.553, -53.127, 44.167, 31.15, -0.2464, -0.21509, 0.49289, 0.80621
2025-06-14 21:05:22.830000,f8:a2:fd:ea:fb:80, -0.174, 1.045, -0.183, 51.453, 18.433, -13, 93.906, 14.359, -129.716, -28.553, -53.127, 44.167, 31.15, -0.20401, -0.39062, 0.62344, 0.64575
2025-06-14 21:05:22.981000,f8:a2:fd:ea:fb:80, -0.117, 1.002, -0.135, 34.485, -24.231, -8.85, 97.723, 15.062, -129.869, -28.553, -53.127, 44.167, 31.15, -0.20401, -0.39062, 0.62344, 0.64575
2025-06-14 21:05:23.040000,f8:a2:fd:ea:fb:80, -0.361, 0.937, -0.111, 79.712, 22.461, -26.428, 102.173, 16.315, -132.314, -28.553, -53.127, 44.167, 31.15, -0.20401, -0.39062, 0.62344, 0.64575
2025-06-14 21:05:23.160000,f8:a2:fd:ea:fb:80, -0.165, 1.571, 0.207, 166.443, -5.798, -48.34, 114.197, 18.457, -128.65, -24.307, -34.680, 50.400, 31.15, -0.04941, -0.44525, 0.74164, 0.49921
2025-06-14 21:05:23.281000,f8:a2:fd:ea:fb:80, -0.104, 1.902, -0.702, 217.407, -69.092, -68.176, 131.166, 26.927, -132.682, -24.307, -34.680, 50.400, 31.15, -0.04941, -0.44525, 0.74164, 0.49921
2025-06-14 21:05:23.370000,f8:a2:fd:ea:fb:80, -0.191, 0.407, 0.063, -47.913, 9.949, 14.16, 138.34, 30.668, -136.044, -24.307, -34.680, 50.400, 31.15, -0.04941, -0.44525, 0.74164, 0.49921
2025-06-14 21:05:23.490000,f8:a2:fd:ea:fb:80, -0.293, 0.505, -0.027, -264.526, 42.358, 76.904, 120.322, 21.978, -135.72, -17.580, -19.093, 58.967, 31.15, -0.11105, -0.32748, 0.67023, 0.65659
2025-06-14 21:05:23.580000,f8:a2:fd:ea:fb:80, -0.519, 1.398, -1.011, -288.818, -96.741, 112.915, 88.885, 13.909, -145.53, -17.580, -19.093, 58.967, 31.15, -0.11105, -0.32748, 0.67023, 0.65659
2025-06-14 21:05:23.669000,f8:a2:fd:ea:fb:80, -0.639, 0.897, -1.865, -63.782, 15.93, 13, 68.022, 8.465, -140.812, -26.493, -57.233, 36.040, 31.15, -0.11105, -0.32748, 0.67023, 0.65659
2025-06-14 21:05:23.760000,f8:a2:fd:ea:fb:80, -0.065, 0.989, -0.708, 89.905, 124.756, -42.969, 78.673, 13.563, -135.104, -26.493, -57.233, 36.040, 31.15, -0.2182, -0.36383, 0.57056, 0.70312
2025-06-14 21:05:23.940000,f8:a2:fd:ea:fb:80, -0.148, 1.029, -0.215, 70.374, 43.823, -10.498, 90.769, 15.518, -129.65, -26.493, -57.233, 36.040, 31.15, -0.2182, -0.36383, 0.57056, 0.70312
2025-06-14 21:05:23.973000,f8:a2:fd:ea:fb:80, -0.098, 1.003, -0.21, 28.564, 5.127, -9.033, 96.943, 16.161, -125.338, -26.493, -57.233, 36.040, 31.15, -0.2182, -0.36383, 0.57056, 0.70312
2025-06-14 21:05:24.091000,f8:a2:fd:ea:fb:80, -0.166, 0.956, -0.178, 44.312, -15.198, -2.808, 100.3, 16.441, -126.37, -30.267, -44.313, 46.480, 31.15, -0.16296, -0.42249, 0.66177, 0.59741
2025-06-14 21:05:24.183000,f8:a2:fd:ea:fb:80, -0.112, 1.057, -0.171, 75.317, 13.428, -21.24, 105.881, 17.128, -127.958, -30.267, -44.313, 46.480, 31.15, -0.16296, -0.42249, 0.66177, 0.59741
2025-06-14 21:05:24.271000,f8:a2:fd:ea:fb:80, 0.2, 2.151, 0.371, 200.256, -62.256, -43.518, 119.333, 20.209, -127.524, -30.267, -44.313, 46.480, 31.15, -0.16296, -0.42249, 0.66177, 0.59741
2025-06-14 21:05:24.389000,f8:a2:fd:ea:fb:80, 0.025, 1.509, -0.024, 172.241, -58.899, -32.776, 136.544, 29.91, -133.445, -15.487, -14.460, 56.800, 31.15, -0.16296, -0.42249, 0.66177, 0.59741
2025-06-14 21:05:24.509000,f8:a2:fd:ea:fb:80, -0.433, 0.333, 0.079, -142.212, 112.61, 41.748, 133.759, 27.252, -134.813, -15.487, -14.460, 56.800, 31.15, -0.04108, -0.41479, 0.74911, 0.51474
2025-06-14 21:05:24.602000,f8:a2:fd:ea:fb:80, -0.301, 0.704, -0.007, -277.222, -19.531, 71.899, 108.281, 18.968, -136.417, -15.487, -14.460, 56.800, 31.15, -0.04108, -0.41479, 0.74911, 0.51474
2025-06-14 21:05:24.662000,f8:a2:fd:ea:fb:80, -0.496, 1.599, -1.266, -297.302, -32.349, 82.642, 76.657, 11.678, -142.344, -15.487, -14.460, 56.800, 31.15, -0.04108, -0.41479, 0.74911, 0.51474
2025-06-14 21:05:24.810000,f8:a2:fd:ea:fb:80, 0.057, 0.765, -1.377, 40.649, -47.607, 9.338, 67.555, 8.141, -141.075, -25.040, -56.687, 35.813, 31.15, -0.2294, -0.29929, 0.53329, 0.75714
2025-06-14 21:05:24.933000,f8:a2:fd:ea:fb:80, -0.304, 1.066, -0.218, 113.892, 18.982, -1.221, 80.552, 13.986, -132.792, -25.040, -56.687, 35.813, 31.15, -0.2294, -0.29929, 0.53329, 0.75714
2025-06-14 21:05:24.992000,f8:a2:fd:ea:fb:80, -0.191, 1.042, -0.063, 52.124, 18.738, -3.296, 90.472, 14.551, -129.82, -25.040, -56.687, 35.813, 31.15, -0.2294, -0.29929, 0.53329, 0.75714
2025-06-14 21:05:25.112000,f8:a2:fd:ea:fb:80, -0.183, 0.97, -0.192, 39.795, -28.198, -7.446, 95.543, 15.095, -130.32, -30.600, -46.467, 47.640, 31.15, -0.16321, -0.38443, 0.65414, 0.63052
2025-06-14 21:05:25.200000,f8:a2:fd:ea:fb:80, -0.281, 0.96, -0.256, 55.664, -16.052, -11.23, 99.8, 15.875, -132.902, -30.600, -46.467, 47.640, 31.15, -0.16321, -0.38443, 0.65414, 0.63052
2025-06-14 21:05:25.260000,f8:a2:fd:ea:fb:80, -0.005, 1.28, -0.099, 103.638, 41.504, -38.635, 107.089, 17.32, -131.677, -30.600, -46.467, 47.640, 31.15, -0.16321, -0.38443, 0.65414, 0.63052
2025-06-14 21:05:25.380000,f8:a2:fd:ea:fb:80, -0.277, 1.85, 0.375, 202.942, -84.106, -68.604, 121.696, 22.187, -131.358, -19.347, -20.147, 52.933, 31.15, -0.16321, -0.38443, 0.65414, 0.63052
2025-06-14 21:05:25.500000,f8:a2:fd:ea:fb:80, -0.123, 0.932, -0.421, 95.276, -10.132, -38.574, 137.296, 30.273, -132.292, -19.347, -20.147, 52.933, 31.15, 0.0845, -0.44812, 0.7861, 0.41714
2025-06-14 21:05:25.560000,f8:a2:fd:ea:fb:80, -0.496, 0.296, 0.118, -174.805, 68.97, 41.87, 130.551, 27.839, -133.61, -19.347, -20.147, 52.933, 31.15, 0.0845, -0.44812, 0.7861, 0.41714
2025-06-14 21:05:25.680000,f8:a2:fd:ea:fb:80, -0.792, 0.791, 0.083, -303.406, -50.537, 106.506, 103.87, 18.979, -136.258, -19.347, -20.147, 52.933, 31.15, 0.0845, -0.44812, 0.7861, 0.41714
2025-06-14 21:05:25.800000,f8:a2:fd:ea:fb:80, -0.812, 1.319, -1.438, -264.526, 31.25, 86.609, 73.998, 9.388, -142.103, -24.573, -54.700, 38.947, 31.15, 0.0845, -0.44812, 0.7861, 0.41714
2025-06-14 21:05:25.859000,f8:a2:fd:ea:fb:80, -0.363, 0.995, -0.571, 98.083, 26.855, -27.039, 71.867, 9.421, -138.373, -24.573, -54.700, 38.947, 31.15, -0.24164, -0.26996, 0.52307, 0.77136
2025-06-14 21:05:25.980000,f8:a2:fd:ea:fb:80, -0.178, 0.911, -0.078, 101.99, 11.536, -3.113, 85.737, 14.623, -129.606, -24.573, -54.700, 38.947, 31.15, -0.24164, -0.26996, 0.52307, 0.77136
2025-06-14 21:05:26.072000,f8:a2:fd:ea:fb:80, -0.044, 1.026, -0.131, 53.65, 21.973, -7.507, 94.878, 15.123, -125.173, -32.567, -48.293, 44.793, 31.15, -0.24164, -0.26996, 0.52307, 0.77136
2025-06-14 21:05:26.161000,f8:a2:fd:ea:fb:80, -0.231, 1.01, -0.223, 32.227, -24.414, -4.883, 98.74, 15.562, -125.837, -32.567, -48.293, 44.793, 31.15, -0.20215, -0.42081, 0.62933, 0.62119
2025-06-14 21:05:26.280000,f8:a2:fd:ea:fb:80, -0.172, 0.984, -0.216, 57.373, -25.94, -9.766, 102.651, 16.26, -129.232, -32.567, -48.293, 44.793, 31.13, -0.20215, -0.42081, 0.62933, 0.62119
2025-06-14 21:05:26.430000,f8:a2:fd:ea:fb:80, 0.032, 1.264, -0.169, 101.379, 39.001, -36.316, 111.132, 18.001, -127.628, -32.567, -48.293, 44.793, 31.13, -0.20215, -0.42081, 0.62933, 0.62119
2025-06-14 21:05:26.462000,f8:a2:fd:ea:fb:80, 0.034, 1.523, 0.011, 185.12, -80.627, -69.458, 125.283, 24.851, -130.342, -32.567, -48.293, 44.793, 31.13, -0.20215, -0.42081, 0.62933, 0.62119
2025-06-14 21:05:26.580000,f8:a2:fd:ea:fb:80, 0.012, 0.869, -0.617, 97.107, -34.973, -21.79, 139.241, 31.756, -131.863, -16.613, -17.073, 55.093, 31.13, 0.09622, -0.44278, 0.78574, 0.42093
2025-06-14 21:05:26.671000,f8:a2:fd:ea:fb:80, -0.474, 0.48, -0.082, -208.74, 62.805, 80.444, 128.458, 27.812, -135.67, -16.613, -17.073, 55.093, 31.13, 0.09622, -0.44278, 0.78574, 0.42093
2025-06-14 21:05:26.765000,f8:a2:fd:ea:fb:80, -0.864, 1.251, -0.673, -268.066, -131.897, 114.136, 98.773, 17.672, -143.026, -20.320, -44.220, 53.387, 31.13, 0.09622, -0.44278, 0.78574, 0.42093
2025-06-14 21:05:26.880000,f8:a2:fd:ea:fb:80, -0.091, 1.047, -1.601, -174.561, -41.809, 52.246, 73.196, 8.448, -144.014, -20.320, -44.220, 53.387, 31.13, -0.2132, -0.23151, 0.53326, 0.78516
2025-06-14 21:05:26.971000,f8:a2:fd:ea:fb:80, -0.039, 2.396, 0.646, 95.398, 88.257, -33.936, 74.608, 10.135, -141.46, -20.320, -44.220, 53.387, 31.13, -0.2132, -0.23151, 0.53326, 0.78516
2025-06-14 21:05:27.060000,f8:a2:fd:ea:fb:80, -0.116, 1.129, -0.155, 75.256, 5.798, -6.958, 87.226, 14.266, -135.258, -28.033, -50.813, 47.113, 31.13, -0.2132, -0.23151, 0.53326, 0.78516
2025-06-14 21:05:27.210000,f8:a2:fd:ea:fb:80, -0.205, 1.034, -0.195, 49.316, 22.217, -14.404, 94.642, 15.298, -131.473, -28.033, -50.813, 47.113, 31.13, -0.18555, -0.38449, 0.62952, 0.64908
2025-06-14 21:05:27.301000,f8:a2:fd:ea:fb:80, -0.202, 1.014, -0.188, 42.419, -26.55, -10.498, 99.003, 16.172, -131.479, -28.033, -50.813, 47.113, 31.13, -0.18555, -0.38449, 0.62952, 0.64908
2025-06-14 21:05:27.361000,f8:a2:fd:ea:fb:80, -0.339, 0.979, -0.137, 60.242, -1.465, -23.926, 103.469, 17.523, -133.314, -28.033, -50.813, 47.113, 31.13, -0.18555, -0.38449, 0.62952, 0.64908
2025-06-14 21:05:27.510000,f8:a2:fd:ea:fb:80, -0.341, 1.378, 0.015, 140.625, 12.329, -51.575, 113.917, 20.078, -130.007, -24.860, -35.033, 51.507, 31.13, -0.05383, -0.44571, 0.72916, 0.51639
2025-06-14 21:05:27.601000,f8:a2:fd:ea:fb:80, -0.253, 1.845, -0.419, 194.275, -50.537, -86.731, 130.007, 28.158, -131.929, -24.860, -35.033, 51.507, 31.13, -0.05383, -0.44571, 0.72916, 0.51639
2025-06-14 21:05:27.691000,f8:a2:fd:ea:fb:80, -0.061, 0.553, 0.052, -2.075, 9.399, 3.052, 139.329, 32.151, -133.813, -24.860, -35.033, 51.507, 31.13, -0.05383, -0.44571, 0.72916, 0.51639
2025-06-14 21:05:27.832000,f8:a2:fd:ea:fb:80, -0.412, 0.475, -0.068, -239.746, 65.247, 77.454, 122.915, 24.659, -135.461, -15.333, -16.840, 59.807, 31.13, -0.09601, -0.3602, 0.69052, 0.61975
2025-06-14 21:05:27.900000,f8:a2:fd:ea:fb:80, -0.611, 1.36, -0.766, -285.461, -133.789, 121.643, 91.538, 14.782, -144.421, -15.333, -16.840, 59.807, 31.13, -0.09601, -0.3602, 0.69052, 0.61975
2025-06-14 21:05:27.993000,f8:a2:fd:ea:fb:80, -0.303, 1.017, -1.876, -129.089, 10.193, 60.73, 69.044, 5.482, -143.536, -15.333, -16.840, 59.807, 31.13, -0.09601, -0.3602, 0.69052, 0.61975
2025-06-14 21:05:28.110000,f8:a2:fd:ea:fb:80, -0.171, 2.468, 0.465, 71.533, 142.639, -42.725, 75.256, 10.009, -135.939, -27.473, -53.867, 38.967, 31.13, -0.22824, -0.36517, 0.58847, 0.6842
2025-06-14 21:05:28.201000,f8:a2:fd:ea:fb:80, -0.065, 1.221, -0.18, 87.769, -7.446, -3.723, 88.105, 13.398, -130.27, -27.473, -53.867, 38.967, 31.13, -0.22824, -0.36517, 0.58847, 0.6842
2025-06-14 21:05:28.290000,f8:a2:fd:ea:fb:80, -0.119, 1.028, -0.228, 42.542, -15.991, -7.69, 94.158, 14.046, -128.71, -27.473, -53.867, 38.967, 31.13, -0.22824, -0.36517, 0.58847, 0.6842
2025-06-14 21:05:28.413000,f8:a2:fd:ea:fb:80, -0.163, 0.944, -0.176, 44.006, -32.043, -8.789, 97.778, 14.886, -131.05, -30.673, -40.493, 49.893, 31.13, -0.22824, -0.36517, 0.58847, 0.6842
2025-06-14 21:05:28.499000,f8:a2:fd:ea:fb:80, -0.367, 1.04, -0.242, 58.105, 1.953, -19.714, 103.002, 15.985, -133.072, -30.673, -40.493, 49.893, 31.13, -0.12103, -0.4202, 0.70175, 0.56232
2025-06-14 21:05:28.590000,f8:a2:fd:ea:fb:80, -0.243, 1.518, 0.089, 155.762, -12.939, -49.194, 113.494, 18.232, -129.836, -30.673, -40.493, 49.893, 31.13, -0.12103, -0.4202, 0.70175, 0.56232
2025-06-14 21:05:28.711000,f8:a2:fd:ea:fb:80, -0.261, 1.824, -0.516, 194.519, -32.837, -82.703, 129.655, 26.021, -132.122, -30.673, -40.493, 49.893, 31.13, -0.12103, -0.4202, 0.70175, 0.56232
2025-06-14 21:05:28.803000,f8:a2:fd:ea:fb:80, -0.058, 0.516, 0.051, -38.452, -11.841, 11.902, 138.164, 29.877, -132.83, -18.133, -15.413, 58.393, 31.13, -0.12103, -0.4202, 0.70175, 0.56232
2025-06-14 21:05:28.891000,f8:a2:fd:ea:fb:80, -0.44, 0.505, -0.109, -256.592, 43.579, 82.153, 120.938, 23.472, -134.692, -18.133, -15.413, 58.393, 31.13, -0.03879, -0.41522, 0.7388, 0.5293
2025-06-14 21:05:29.011000,f8:a2:fd:ea:fb:80, -0.727, 1.403, -1.002, -272.339, -149.536, 124.451, 89.368, 14.2, -145.651, -18.133, -15.413, 58.393, 31.13, -0.03879, -0.41522, 0.7388, 0.5293
2025-06-14 21:05:29.104000,f8:a2:fd:ea:fb:80, -0.654, 0.871, -1.633, -74.829, -11.292, 30.212, 68.967, 6.614, -143.712, -23.640, -55.860, 39.567, 31.13, -0.03879, -0.41522, 0.7388, 0.5293
2025-06-14 21:05:29.191000,f8:a2:fd:ea:fb:80, -0.138, 0.73, -0.333, 72.083, 129.272, -44.922, 78.459, 11.558, -138.186, -23.640, -55.860, 39.567, 31.13, -0.21625, -0.30435, 0.56073, 0.73898
2025-06-14 21:05:29.372000,f8:a2:fd:ea:fb:80, -0.178, 1.04, -0.098, 54.138, 34.912, -11.292, 89.396, 13.716, -134.352, -23.640, -55.860, 39.567, 31.13, -0.21625, -0.30435, 0.56073, 0.73898
2025-06-14 21:05:29.431000,f8:a2:fd:ea:fb:80, -0.105, 1.001, -0.195, 34.79, 16.907, -14.282, 95.07, 14.7, -132.039, -23.640, -55.860, 39.567, 31.13, -0.21625, -0.30435, 0.56073, 0.73898
2025-06-14 21:05:29.491000,f8:a2:fd:ea:fb:80, -0.178, 0.998, -0.238, 41.504, -5.371, -11.292, 99.575, 15.595, -131.44, -27.573, -39.127, 51.267, 31.13, -0.21625, -0.30435, 0.56073, 0.73898
2025-06-14 21:05:29.611000,f8:a2:fd:ea:fb:80, -0.367, 0.944, -0.128, 63.66, 23.132, -27.161, 104.453, 16.677, -132.056, -27.573, -39.127, 51.267, 31.13, -0.13724, -0.41037, 0.6842, 0.58694
2025-06-14 21:05:29.700000,f8:a2:fd:ea:fb:80, -0.145, 1.511, 0.145, 153.992, -7.446, -46.875, 116.071, 19.072, -128.095, -27.573, -39.127, 51.267, 31.13, -0.13724, -0.41037, 0.6842, 0.58694
2025-06-14 21:05:29.792000,f8:a2:fd:ea:fb:80, -0.193, 1.847, -0.586, 206.421, -91.553, -75.439, 132.545, 28.592, -132.259, -16.200, -16.667, 55.613, 31.13, -0.13724, -0.41037, 0.6842, 0.58694
2025-06-14 21:05:29.911000,f8:a2:fd:ea:fb:80, -0.088, 0.51, 0.135, -25.513, -10.62, 22.217, 138.076, 32.009, -135.742, -16.200, -16.667, 55.613, 31.13, 0.11099, -0.43274, 0.79434, 0.4115
2025-06-14 21:05:30.001000,f8:a2:fd:ea:fb:80, -0.48, 0.515, -0.045, -241.76, 52.002, 90.698, 118.834, 22.89, -137.944, -16.200, -16.667, 55.613, 31.13, 0.11099, -0.43274, 0.79434, 0.4115
2025-06-14 21:05:30.093000,f8:a2:fd:ea:fb:80, -0.706, 1.374, -0.914, -272.766, -130.676, 120.605, 87.77, 12.42, -147.475, -20.720, -45.227, 52.727, 31.13, 0.11099, -0.43274, 0.79434, 0.4115
2025-06-14 21:05:30.210000,f8:a2:fd:ea:fb:80, -0.418, 0.903, -1.85, -84.595, 16.968, 22.461, 68.983, 6.652, -143.344, -20.720, -45.227, 52.727, 31.13, -0.22345, -0.22128, 0.52655, 0.78976
2025-06-14 21:05:30.331000,f8:a2:fd:ea:fb:80, -0.095, 0.784, -0.548, 83.984, 113.403, -40.222, 79.019, 12.519, -136.055, -20.720, -45.227, 52.727, 31.13, -0.22345, -0.22128, 0.52655, 0.78976
2025-06-14 21:05:30.391000,f8:a2:fd:ea:fb:80, -0.186, 1.037, -0.211, 50.354, 49.316, -7.751, 90.302, 14.293, -131.424, -29.940, -49.653, 46.773, 31.13, -0.22345, -0.22128, 0.52655, 0.78976
2025-06-14 21:05:30.511000,f8:a2:fd:ea:fb:80, -0.188, 1.013, -0.206, 31.006, -6.714, -10.803, 95.916, 15.145, -129.683, -29.940, -49.653, 46.773, 31.13, -0.19543, -0.39188, 0.62698, 0.64423
2025-06-14 21:05:30.600000,f8:a2:fd:ea:fb:80, -0.293, 0.951, -0.221, 47.424, -13.672, -10.986, 99.525, 15.941, -132.1, -29.940, -49.653, 46.773, 31.13, -0.19543, -0.39188, 0.62698, 0.64423
2025-06-14 21:05:30.691000,f8:a2:fd:ea:fb:80, -0.252, 1.124, -0.162, 82.336, 39.978, -35.767, 105.595, 17.336, -131.666, -24.947, -33.453, 50.180, 31.13, -0.19543, -0.39188, 0.62698, 0.64423
2025-06-14 21:05:30.811000,f8:a2:fd:ea:fb:80, 0.286, 2.056, 0.459, 194.58, -80.627, -57.556, 118.191, 20.923, -129.908, -24.947, -33.453, 50.180, 31.13, -0.05023, -0.44156, 0.73505, 0.51196
2025-06-14 21:05:30.901000,f8:a2:fd:ea:fb:80, 0.044, 1.26, 0.179, 146.484, -55.42, -56.335, 135.385, 30.223, -132.49, -24.947, -33.453, 50.180, 31.13, -0.05023, -0.44156, 0.73505, 0.51196
2025-06-14 21:05:30.992000,f8:a2:fd:ea:fb:80, -0.171, 0.284, 0.089, -113.892, 41.992, 37.964, 134.555, 29.85, -134.379, -14.393, -15.220, 58.560, 31.13, -0.05023, -0.44156, 0.73505, 0.51196
2025-06-14 21:05:31.171000,f8:a2:fd:ea:fb:80, -0.225, 0.655, 0.015, -275.818, 4.761, 95.215, 111.967, 21.105, -136.566, -14.393, -15.220, 58.560, 31.13, -0.04041, -0.40808, 0.73367, 0.54172
2025-06-14 21:05:31.231000,f8:a2:fd:ea:fb:80, -0.61, 1.642, -1.366, -289.551, -23.071, 123.352, 80.991, 10.805, -145.871, -14.393, -15.220, 58.560, 31.13, -0.04041, -0.40808, 0.73367, 0.54172
2025-06-14 21:05:31.291000,f8:a2:fd:ea:fb:80, -0.376, 0.798, -1.684, 18.494, 20.691, 6.47, 68.038, 6.833, -141.35, -24.753, -56.073, 39.233, 31.13, -0.04041, -0.40808, 0.73367, 0.54172
2025-06-14 21:05:31.441000,f8:a2:fd:ea:fb:80, -0.137, 1.164, -0.133, 84.167, 81.482, -11.963, 80.744, 13.129, -133.198, -24.753, -56.073, 39.233, 31.13, -0.23041, -0.31461, 0.54932, 0.73895
2025-06-14 21:05:31.501000,f8:a2:fd:ea:fb:80, -0.254, 1.012, -0.137, 51.697, 50.598, -10.742, 90.61, 14.299, -130.556, -24.753, -56.073, 39.233, 31.13, -0.23041, -0.31461, 0.54932, 0.73895
2025-06-14 21:05:31.590000,f8:a2:fd:ea:fb:80, -0.035, 0.972, -0.214, 41.748, -20.691, -10.437, 96.46, 15.287, -129.595, -29.313, -46.940, 48.507, 31.13, -0.17471, -0.39365, 0.6438, 0.63239
2025-06-14 21:05:31.741000,f8:a2:fd:ea:fb:80, -0.078, 1.024, -0.258, 51.025, -25.879, -8.24, 100.393, 16.282, -132.698, -29.313, -46.940, 48.507, 31.13, -0.17471, -0.39365, 0.6438, 0.63239
2025-06-14 21:05:31.834000,f8:a2:fd:ea:fb:80, -0.176, 1.321, -0.225, 89.417, 68.054, -36.133, 108.221, 17.814, -130.759, -22.033, -28.007, 49.667, 31.13, -0.17471, -0.39365, 0.6438, 0.63239
2025-06-14 21:05:31.921000,f8:a2:fd:ea:fb:80, -0.016, 1.927, 0.436, 196.838, -103.516, -66.895, 122.992, 24.219, -132.325, -22.033, -28.007, 49.667, 31.13, -0.17471, -0.39365, 0.6438, 0.63239
2025-06-14 21:05:32.041000,f8:a2:fd:ea:fb:80, -0.039, 0.854, -0.429, 106.873, -32.227, -31.067, 137.346, 32.41, -135.522, -22.033, -28.007, 49.667, 31.13, 0.05933, -0.43832, 0.77219, 0.45602
2025-06-14 21:05:32.131000,f8:a2:fd:ea:fb:80, -0.472, 0.359, 0.05, -164.673, 87.891, 56.946, 129.04, 27.801, -137.049, -22.033, -28.007, 49.667, 31.13, 0.05933, -0.43832, 0.77219, 0.45602
2025-06-14 21:05:32.222000,f8:a2:fd:ea:fb:80, -0.755, 1.152, -0.229, -294.373, -71.228, 113.464, 101.393, 16.727, -139.828, -22.107, -40.007, 54.513, 31.13, 0.05933, -0.43832, 0.77219, 0.45602
2025-06-14 21:05:32.340000,f8:a2:fd:ea:fb:80, -1.014, 1.163, -1.56, -211.609, 7.263, 76.538, 73.235, 6.306, -143.13, -22.107, -40.007, 54.513, 31.13, -0.22708, -0.22766, 0.5451, 0.77417
2025-06-14 21:05:32.431000,f8:a2:fd:ea:fb:80, -0.276, 2.081, 0.399, 123.84, 51.575, -60.425, 71.829, 6.443, -140.087, -22.107, -40.007, 54.513, 31.13, -0.22708, -0.22766, 0.5451, 0.77417
2025-06-14 21:05:32.521000,f8:a2:fd:ea:fb:80, -0.015, 1.209, -0.188, 115.295, -56.946, -1.526, 84.886, 12.321, -130.726, -31.047, -50.100, 43.347, 31.13, -0.22708, -0.22766, 0.5451, 0.77417
2025-06-14 21:05:32.671000,f8:a2:fd:ea:fb:80, -0.115, 1.081, -0.231, 57.251, -0.61, -12.512, 93.68, 13.425, -126.716, -31.047, -50.100, 43.347, 31.13, -0.22205, -0.4043, 0.61978, 0.63483
2025-06-14 21:05:32.731000,f8:a2:fd:ea:fb:80, -0.222, 0.977, -0.188, 41.687, -31.494, -4.578, 98.058, 14.238, -127.815, -31.047, -50.100, 43.347, 31.13, -0.22205, -0.4043, 0.61978, 0.63483
2025-06-14 21:05:32.821000,f8:a2:fd:ea:fb:80, -0.14, 1.018, -0.196, 62.256, -5.676, -18.311, 102.805, 15.26, -130.38, -28.920, -33.927, 48.160, 31.13, -0.22205, -0.4043, 0.61978, 0.63483
2025-06-14 21:05:32.940000,f8:a2:fd:ea:fb:80, -0.057, 1.374, -0.008, 144.958, 3.784, -35.828, 112.852, 17.139, -127.315, -28.920, -33.927, 48.160, 31.13, -0.10574, -0.44635, 0.7196, 0.52121
2025-06-14 21:05:33.031000,f8:a2:fd:ea:fb:80, -0.232, 1.854, -0.592, 211.487, -62.012, -72.754, 128.919, 24.911, -132.166, -28.920, -33.927, 48.160, 31.13, -0.10574, -0.44635, 0.7196, 0.52121
2025-06-14 21:05:33.152000,f8:a2:fd:ea:fb:80, -0.077, 0.543, -0.013, 10.925, 10.193, 4.944, 140.147, 30.449, -134.522, -15.660, -12.680, 58.360, 31.13, -0.10574, -0.44635, 0.7196, 0.52121
2025-06-14 21:05:33.241000,f8:a2:fd:ea:fb:80, -0.631, 0.438, -0.039, -214.233, 42.114, 64.636, 125.151, 24.593, -136.626, -15.660, -12.680, 58.360, 31.13, 0.0094, -0.41159, 0.76959, 0.48798
2025-06-14 21:05:33.331000,f8:a2:fd:ea:fb:80, -0.596, 1.23, -0.467, -291.992, -108.765, 106.018, 94.653, 15.26, -143.448, -15.660, -12.680, 58.360, 31.13, 0.0094, -0.41159, 0.76959, 0.48798
2025-06-14 21:05:33.422000,f8:a2:fd:ea:fb:80, -0.265, 1.196, -1.577, -181.458, 20.264, 62.256, 69.538, 6.998, -143.751, -23.987, -55.320, 39.320, 31.13, 0.0094, -0.41159, 0.76959, 0.48798
2025-06-14 21:05:33.541000,f8:a2:fd:ea:fb:80, -0.087, 2.065, 0.564, 112.793, 85.205, -48.95, 74.767, 9.289, -139.933, -23.987, -55.320, 39.320, 31.13, -0.22592, -0.26126, 0.54385, 0.76471
2025-06-14 21:05:33.631000,f8:a2:fd:ea:fb:80, -0.172, 1.218, -0.334, 104.309, -20.874, 2.38, 87.929, 13.87, -130.792, -23.987, -55.320, 39.320, 31.13, -0.22592, -0.26126, 0.54385, 0.76471
2025-06-14 21:05:33.722000,f8:a2:fd:ea:fb:80, -0.146, 1.065, -0.186, 46.631, -17.151, -5.249, 95.109, 14.365, -127.848, -32.253, -46.060, 46.820, 31.13, -0.22592, -0.26126, 0.54385, 0.76471
2025-06-14 21:05:33.841000,f8:a2:fd:ea:fb:80, -0.164, 1.004, -0.209, 37.048, -25.757, -7.385, 98.52, 15.101, -129.869, -32.253, -46.060, 46.820, 31.13, -0.18539, -0.39621, 0.64276, 0.62881
2025-06-14 21:05:33.931000,f8:a2:fd:ea:fb:80, -0.34, 1.025, -0.261, 52.795, -1.587, -15.991, 103.096, 16.183, -132.253, -32.253, -46.060, 46.820, 31.13, -0.18539, -0.39621, 0.64276, 0.62881
2025-06-14 21:05:34.081000,f8:a2:fd:ea:fb:80, -0.12, 1.238, 0.005, 123.413, 20.63, -40.588, 112.379, 17.93, -129.21, -24.707, -28.187, 49.733, 31.13, -0.18539, -0.39621, 0.64276, 0.62881
2025-06-14 21:05:34.141000,f8:a2:fd:ea:fb:80, -0.298, 1.962, -0.479, 202.271, -53.345, -88.074, 128.381, 26.356, -133.149, -24.707, -28.187, 49.733, 31.13, 0.0127, -0.43851, 0.76239, 0.47562
2025-06-14 21:05:34.261000,f8:a2:fd:ea:fb:80, 0.018, 0.425, 0.123, -21.362, -9.644, -0.122, 138.104, 30.278, -132.742, -24.707, -28.187, 49.733, 31.13, 0.0127, -0.43851, 0.76239, 0.47562
2025-06-14 21:05:34.351000,f8:a2:fd:ea:fb:80, -0.385, 0.496, -0.066, -234.253, 47.18, 75.623, 122.333, 25.291, -135.533, -20.507, -29.480, 57.193, 31.13, 0.0127, -0.43851, 0.76239, 0.47562
2025-06-14 21:05:34.445000,f8:a2:fd:ea:fb:80, -0.653, 1.292, -0.844, -281.799, -105.896, 102.661, 92.247, 15.057, -140.18, -20.507, -29.480, 57.193, 31.13, -0.1622, -0.29816, 0.61633, 0.71051
2025-06-14 21:05:34.531000,f8:a2:fd:ea:fb:80, -0.234, 0.994, -1.771, -99.915, -18.738, 44.434, 68.989, 5.982, -140.735, -20.507, -29.480, 57.193, 31.13, -0.1622, -0.29816, 0.61633, 0.71051
2025-06-14 21:05:34.620000,f8:a2:fd:ea:fb:80, -0.065, 1.569, 0.004, 72.449, 135.925, -40.405, 76.377, 9.613, -135.544, -28.560, -53.773, 39.080, 31.13, -0.1622, -0.29816, 0.61633, 0.71051
2025-06-14 21:05:34.742000,f8:a2:fd:ea:fb:80, -0.08, 1.09, -0.117, 79.59, 5.615, -6.165, 88.802, 13.09, -129.672, -28.560, -53.773, 39.080, 31.13, -0.22775, -0.37799, 0.60114, 0.66614
2025-06-14 21:05:34.831000,f8:a2:fd:ea:fb:80, -0.176, 1.002, -0.22, 45.654, 16.296, -11.047, 95.828, 13.936, -125.7, -28.560, -53.773, 39.080, 31.13, -0.22775, -0.37799, 0.60114, 0.66614
2025-06-14 21:05:35.012000,f8:a2:fd:ea:fb:80, -0.155, 0.97, -0.202, 43.335, -18.127, -7.751, 99.915, 14.617, -126.227, -32.747, -41.380, 46.127, 31.13, -0.22775, -0.37799, 0.60114, 0.66614
2025-06-14 21:05:35.041000,f8:a2:fd:ea:fb:80, -0.34, 0.954, -0.154, 80.688, -4.761, -20.386, 105.518, 15.771, -128.298, -32.747, -41.380, 46.127, 31.13, -0.16931, -0.41611, 0.66797, 0.59323
2025-06-14 21:05:35.132000,f8:a2:fd:ea:fb:80, -0.261, 1.582, 0.191, 167.48, -38.818, -38.879, 117.241, 18.018, -126.074, -32.747, -41.380, 46.127, 31.13, -0.16931, -0.41611, 0.66797, 0.59323
2025-06-14 21:05:35.221000,f8:a2:fd:ea:fb:80, -0.217, 1.821, -0.726, 193.176, -30.762, -74.341, 133.588, 27.092, -130.627, -32.747, -41.380, 46.127, 31.13, -0.16931, -0.41611, 0.66797, 0.59323
2025-06-14 21:05:35.341000,f8:a2:fd:ea:fb:80, -0.149, 0.433, 0.08, -50.72, -10.071, 14.832, 137.95, 30.322, -134.286, -15.847, -13.940, 58.447, 31.13, -0.00131, -0.4184, 0.7623, 0.49371
2025-06-14 21:05:35.430000,f8:a2:fd:ea:fb:80, -0.388, 0.583, 0.015, -270.996, 42.236, 90.942, 117.334, 21.594, -135.873, -15.847, -13.940, 58.447, 31.13, -0.00131, -0.4184, 0.7623, 0.49371
2025-06-14 21:05:35.521000,f8:a2:fd:ea:fb:80, -0.445, 1.45, -0.939, -285.4, -113.403, 127.136, 85.078, 12.003, -147.997, -15.847, -13.940, 58.447, 31.13, -0.00131, -0.4184, 0.7623, 0.49371
2025-06-14 21:05:35.641000,f8:a2:fd:ea:fb:80, -0.498, 0.789, -1.766, -56.702, 9.521, 21.118, 67.44, 6.894, -142.866, -23.720, -55.760, 38.393, 31.13, -0.00131, -0.4184, 0.7623, 0.49371
2025-06-14 21:05:35.794000,f8:a2:fd:ea:fb:80, -0.143, 1.003, -0.768, 71.96, 162.659, -47.913, 78.415, 12.189, -136.664, -23.720, -55.760, 38.393, 31.13, -0.21741, -0.26797, 0.54657, 0.76294
2025-06-14 21:05:35.851000,f8:a2:fd:ea:fb:80, -0.23, 1.07, -0.083, 79.773, 12.878, -3.967, 90.269, 14.332, -131.88, -23.720, -55.760, 38.393, 31.13, -0.21741, -0.26797, 0.54657, 0.76294
2025-06-14 21:05:35.972000,f8:a2:fd:ea:fb:80, -0.167, 0.981, -0.203, 31.494, -2.686, -6.47, 96.509, 14.919, -128.886, -31.120, -46.613, 47.267, 31.13, -0.18018, -0.39703, 0.64597, 0.6265
2025-06-14 21:05:36.061000,f8:a2:fd:ea:fb:80, -0.321, 0.979, -0.226, 45.166, -26.489, -8.423, 100.036, 15.568, -130.666, -31.120, -46.613, 47.267, 31.13, -0.18018, -0.39703, 0.64597, 0.6265
2025-06-14 21:05:36.155000,f8:a2:fd:ea:fb:80, -0.282, 1.041, -0.144, 75.195, 28.564, -31.555, 105.062, 16.76, -131.858, -31.120, -46.613, 47.267, 31.13, -0.18018, -0.39703, 0.64597, 0.6265
2025-06-14 21:05:36.271000,f8:a2:fd:ea:fb:80, -0.199, 1.716, 0.219, 173.401, -33.447, -55.359, 116.889, 19.797, -128.568, -25.027, -30.900, 48.660, 31.13, 0.06064, -0.44562, 0.77264, 0.44791
2025-06-14 21:05:36.361000,f8:a2:fd:ea:fb:80, -0.043, 1.756, -0.979, 201.294, -67.078, -69.824, 133.682, 29.976, -133.292, -25.027, -30.900, 48.660, 31.13, 0.06064, -0.44562, 0.77264, 0.44791
2025-06-14 21:05:36.451000,f8:a2:fd:ea:fb:80, -0.08, 0.356, 0.064, -61.768, 36.499, 20.325, 138.928, 31.091, -134.451, -25.027, -30.900, 48.660, 31.13, 0.06064, -0.44562, 0.77264, 0.44791
2025-06-14 21:05:36.571000,f8:a2:fd:ea:fb:80, -0.317, 0.545, -0.042, -265.564, 46.631, 83.191, 119.905, 22.478, -135.06, -21.133, -25.987, 56.940, 31.13, -0.13892, -0.29184, 0.6459, 0.69153
2025-06-14 21:05:36.661000,f8:a2:fd:ea:fb:80, -0.754, 1.34, -0.95, -279.114, -111.694, 147.522, 88.819, 12.222, -144.811, -21.133, -25.987, 56.940, 31.13, -0.13892, -0.29184, 0.6459, 0.69153
2025-06-14 21:05:36.752000,f8:a2:fd:ea:fb:80, -0.291, 0.82, -1.801, -87.524, 31.128, 16.907, 68.027, 3.466, -142.85, -21.133, -25.987, 56.940, 31.13, -0.13892, -0.29184, 0.6459, 0.69153
2025-06-14 21:05:36.876000,f8:a2:fd:ea:fb:80, -0.035, 0.972, -0.824, 77.576, 116.638, -47.18, 76.657, 8.926, -137.862, -28.507, -51.660, 42.827, 31.13, -0.21689, -0.3316, 0.60202, 0.69315
2025-06-14 21:05:36.992000,f8:a2:fd:ea:fb:80, -0.127, 1.106, -0.085, 71.533, 1.587, -11.536, 87.193, 11.519, -134.379, -28.507, -51.660, 42.827, 31.13, -0.21689, -0.3316, 0.60202, 0.69315
2025-06-14 21:05:37.051000,f8:a2:fd:ea:fb:80, -0.123, 1.012, -0.217, 42.969, 15.381, -15.808, 93.961, 12.991, -130.88, -28.507, -51.660, 42.827, 31.13, -0.21689, -0.3316, 0.60202, 0.69315
2025-06-14 21:05:37.170000,f8:a2:fd:ea:fb:80, -0.209, 0.956, -0.222, 33.203, -18.433, -9.644, 97.581, 14.041, -132.039, -31.307, -40.087, 48.553, 31.13, -0.15945, -0.37347, 0.66641, 0.62518
2025-06-14 21:05:37.261000,f8:a2:fd:ea:fb:80, -0.324, 1.036, -0.091, 83.679, 23.376, -30.579, 102.931, 15.458, -133.632, -31.307, -40.087, 48.553, 31.13, -0.15945, -0.37347, 0.66641, 0.62518
2025-06-14 21:05:37.352000,f8:a2:fd:ea:fb:80, -0.072, 1.9, 0.252, 176.025, -18.616, -55.359, 116.411, 18.918, -130.743, -21.100, -20.973, 51.860, 31.13, -0.15945, -0.37347, 0.66641, 0.62518
2025-06-14 21:05:37.472000,f8:a2:fd:ea:fb:80, -0.056, 1.796, -0.856, 196.96, -54.321, -74.707, 134.511, 29.372, -135.247, -21.100, -20.973, 51.860, 31.13, 0.09607, -0.42816, 0.79648, 0.41589
2025-06-14 21:05:37.560000,f8:a2:fd:ea:fb:80, -0.172, 0.406, 0.073, -53.772, -14.771, 20.325, 135.95, 30.608, -137.867, -21.100, -20.973, 51.860, 31.13, 0.09607, -0.42816, 0.79648, 0.41589
2025-06-14 21:05:37.651000,f8:a2:fd:ea:fb:80, -0.418, 0.517, -0.084, -268.433, 47.302, 86.06, 114.582, 20.83, -138.153, -21.473, -34.353, 56.007, 31.13, 0.09607, -0.42816, 0.79648, 0.41589
2025-06-14 21:05:37.770000,f8:a2:fd:ea:fb:80, -0.552, 1.503, -1.057, -286.011, -128.662, 123.901, 82.667, 10.607, -147.563, -21.473, -34.353, 56.007, 31.13, -0.1828, -0.2272, 0.57211, 0.76651
2025-06-14 21:05:37.861000,f8:a2:fd:ea:fb:80, -0.011, 0.781, -1.67, 31.128, 31.799, -4.517, 67.225, 6.35, -143.756, -21.473, -34.353, 56.007, 31.13, -0.1828, -0.2272, 0.57211, 0.76651
2025-06-14 21:05:37.952000,f8:a2:fd:ea:fb:80, -0.041, 1.334, -0.256, 116.272, 22.278, -2.808, 78.684, 12.239, -136.599, -27.527, -53.847, 42.233, 31.13, -0.1828, -0.2272, 0.57211, 0.76651
2025-06-14 21:05:38.071000,f8:a2:fd:ea:fb:80, -0.23, 1.055, -0.189, 49.316, 62.683, -8.423, 88.792, 13.87, -132.599, -27.527, -53.847, 42.233, 31.13, -0.20709, -0.35538, 0.60022, 0.68588
2025-06-14 21:05:38.221000,f8:a2:fd:ea:fb:80, -0.147, 0.966, -0.17, 41.016, -0.61, -8.24, 95.087, 14.755, -129.375, -27.527, -53.847, 42.233, 31.13, -0.20709, -0.35538, 0.60022, 0.68588
2025-06-14 21:05:38.251000,f8:a2:fd:ea:fb:80, -0.225, 0.996, -0.21, 53.711, -21.179, -11.108, 99.52, 15.595, -131.226, -27.340, -39.233, 48.947, 31.13, -0.20709, -0.35538, 0.60022, 0.68588
2025-06-14 21:05:38.401000,f8:a2:fd:ea:fb:80, -0.217, 1.188, -0.18, 101.868, 50.72, -38.391, 106.782, 17.078, -130.688, -27.340, -39.233, 48.947, 31.13, -0.12903, -0.42505, 0.69394, 0.56656
2025-06-14 21:05:38.461000,f8:a2:fd:ea:fb:80, -0.065, 2.058, 0.462, 211.06, -80.566, -54.565, 121.761, 20.874, -129.238, -27.340, -39.233, 48.947, 31.13, -0.12903, -0.42505, 0.69394, 0.56656
2025-06-14 21:05:38.553000,f8:a2:fd:ea:fb:80, -0.055, 1.11, -0.153, 135.62, -58.472, -44.128, 138.477, 30.394, -133.072, -15.547, -14.087, 55.393, 31.13, -0.12903, -0.42505, 0.69394, 0.56656
2025-06-14 21:05:38.671000,f8:a2:fd:ea:fb:80, -0.311, 0.261, 0.112, -150.33, 85.266, 40.405, 134.786, 28.702, -134.659, -15.547, -14.087, 55.393, 31.13, 0.08148, -0.43277, 0.79196, 0.42282
2025-06-14 21:05:38.761000,f8:a2:fd:ea:fb:80, -0.572, 0.705, 0.07, -288.513, -20.874, 101.379, 109.221, 19.177, -137.142, -15.547, -14.087, 55.393, 31.13, 0.08148, -0.43277, 0.79196, 0.42282
2025-06-14 21:05:38.852000,f8:a2:fd:ea:fb:80, -0.472, 1.466, -1.42, -287.292, 23.987, 100.037, 78.717, 9.536, -144.294, -24.580, -49.433, 45.767, 31.13, 0.08148, -0.43277, 0.79196, 0.42282
2025-06-14 21:05:38.972000,f8:a2:fd:ea:fb:80, -0.354, 0.792, -1.308, 61.096, -22.644, -6.042, 70.571, 6.795, -142.317, -24.580, -49.433, 45.767, 31.13, -0.23331, -0.22839, 0.52493, 0.78595
2025-06-14 21:05:39.061000,f8:a2:fd:ea:fb:80, -0.209, 0.944, -0.026, 93.384, 42.969, -14.099, 83.496, 13.228, -133.89, -24.580, -49.433, 45.767, 31.13, -0.23331, -0.22839, 0.52493, 0.78595
2025-06-14 21:05:39.153000,f8:a2:fd:ea:fb:80, -0.088, 0.999, -0.213, 37.231, 100.647, -16.663, 93.12, 14.875, -128.051, -32.673, -47.247, 45.053, 31.13, -0.23331, -0.22839, 0.52493, 0.78595
2025-06-14 21:05:39.270000,f8:a2:fd:ea:fb:80, -0.155, 1.002, -0.186, 39.124, -20.569, -2.563, 97.762, 15.233, -127.809, -32.673, -47.247, 45.053, 31.13, -0.20096, -0.40735, 0.62817, 0.63165
2025-06-14 21:05:39.361000,f8:a2:fd:ea:fb:80, -0.083, 1.045, -0.214, 57.068, -49.744, -4.211, 101.618, 15.765, -132.133, -32.673, -47.247, 45.053, 31.13, -0.20096, -0.40735, 0.62817, 0.63165
2025-06-14 21:05:39.452000,f8:a2:fd:ea:fb:80, 0.169, 1.274, -0.188, 112.305, 40.771, -41.077, 110.572, 17.88, -131.375, -26.320, -29.787, 48.767, 31.13, -0.20096, -0.40735, 0.62817, 0.63165
2025-06-14 21:05:39.571000,f8:a2:fd:ea:fb:80, -0.332, 1.78, -0.018, 212.83, -89.478, -75.684, 126.634, 25.142, -133.77, -26.320, -29.787, 48.767, 31.13, 0.03, -0.43442, 0.77203, 0.46286
2025-06-14 21:05:39.691000,f8:a2:fd:ea:fb:80, -0.076, 0.581, 0.129, 22.644, -19.775, 4.089, 139.098, 31.783, -135.972, -26.320, -29.787, 48.767, 31.13, 0.03, -0.43442, 0.77203, 0.46286
2025-06-14 21:05:39.760000,f8:a2:fd:ea:fb:80, -0.551, 0.458, -0.087, -218.628, 66.406, 82.336, 126.53, 25.708, -138.455, -26.320, -29.787, 48.767, 31.13, 0.03, -0.43442, 0.77203, 0.46286
2025-06-14 21:05:39.871000,f8:a2:fd:ea:fb:80, -0.621, 1.219, -0.296, -291.626, -96.497, 114.38, 97.3, 15.474, -144.437, -19.193, -22.427, 58.947, 31.13, -0.14038, -0.25354, 0.62531, 0.72449
2025-06-14 21:05:39.992000,f8:a2:fd:ea:fb:80, -0.307, 1.146, -1.789, -188.721, 48.34, 42.542, 69.571, 6.921, -144.481, -19.193, -22.427, 58.947, 31.13, -0.14038, -0.25354, 0.62531, 0.72449
2025-06-14 21:05:40.087000,f8:a2:fd:ea:fb:80, 0.055, 1.825, 0.911, 141.724, -6.836, -34.119, 72.598, 10.8, -138.411, -19.193, -22.427, 58.947, 31.13, -0.14038, -0.25354, 0.62531, 0.72449
2025-06-14 21:05:40.171000,f8:a2:fd:ea:fb:80, -0.182, 1.173, -0.242, 84.839, -22.217, 4.578, 85.243, 14.431, -132.627, -29.180, -51.160, 44.847, 31.13, -0.14038, -0.25354, 0.62531, 0.72449
2025-06-14 21:05:40.293000,f8:a2:fd:ea:fb:80, -0.167, 1.049, -0.171, 48.401, 20.386, -9.827, 92.51, 14.908, -129.386, -29.180, -51.160, 44.847, 31.13, -0.20828, -0.38727, 0.60922, 0.65982
2025-06-14 21:05:40.381000,f8:a2:fd:ea:fb:80, -0.18, 0.96, -0.195, 41.748, -24.414, -6.47, 97.053, 15.557, -130.237, -29.180, -51.160, 44.847, 31.13, -0.20828, -0.38727, 0.60922, 0.65982
2025-06-14 21:05:40.502000,f8:a2:fd:ea:fb:80, -0.484, 1.069, -0.18, 63.11, -27.405, -12.756, 101.739, 16.348, -132.99, -25.187, -34.847, 50.400, 31.13, -0.20828, -0.38727, 0.60922, 0.65982
2025-06-14 21:05:40.621000,f8:a2:fd:ea:fb:80, -0.197, 1.402, 0.125, 142.029, 13.428, -49.805, 111.797, 18.561, -131.451, -25.187, -34.847, 50.400, 31.13, -0.08286, -0.42676, 0.72211, 0.53802
2025-06-14 21:05:40.682000,f8:a2:fd:ea:fb:80, -0.255, 1.816, -0.864, 193.237, -33.752, -96.863, 127.897, 26.027, -132.627, -25.187, -34.847, 50.400, 31.13, -0.08286, -0.42676, 0.72211, 0.53802
2025-06-14 21:05:40.832000,f8:a2:fd:ea:fb:80, 0.032, 0.502, -0.04, -11.78, 14.282, -4.7, 137.439, 30.295, -132.819, -15.360, -14.980, 57.073, 31.13, -0.00848, -0.42551, 0.74637, 0.5116
2025-06-14 21:05:40.891000,f8:a2:fd:ea:fb:80, -0.517, 0.483, -0.064, -231.934, 29.419, 70.862, 120.421, 24.582, -134.885, -15.360, -14.980, 57.073, 31.13, -0.00848, -0.42551, 0.74637, 0.5116
2025-06-14 21:05:40.981000,f8:a2:fd:ea:fb:80, -0.696, 1.521, -0.697, -302.063, -105.225, 108.826, 88.561, 14.453, -142.02, -15.360, -14.980, 57.073, 31.13, -0.00848, -0.42551, 0.74637, 0.5116
2025-06-14 21:05:41.102000,f8:a2:fd:ea:fb:80, -0.107, 1.022, -1.9, -119.812, -24.475, 57.434, 67.066, 6.476, -140.339, -26.607, -55.507, 37.060, 31.13, -0.00848, -0.42551, 0.74637, 0.5116
2025-06-14 21:05:41.193000,f8:a2:fd:ea:fb:80, 0.084, 1.184, 0.181, 71.716, 121.216, -41.626, 75.833, 10.569, -135.687, -26.607, -55.507, 37.060, 31.13, -0.23169, -0.33887, 0.57599, 0.70682
2025-06-14 21:05:41.282000,f8:a2:fd:ea:fb:80, -0.027, 1.14, -0.178, 74.768, 19.958, -10.559, 88.5, 12.744, -132.643, -26.607, -55.507, 37.060, 31.13, -0.23169, -0.33887, 0.57599, 0.70682
2025-06-14 21:05:41.403000,f8:a2:fd:ea:fb:80, -0.05, 1.055, -0.163, 39.307, 20.02, -12.634, 94.993, 13.634, -129.034, -31.800, -44.380, 47.667, 31.13, -0.23169, -0.33887, 0.57599, 0.70682
2025-06-14 21:05:41.491000,f8:a2:fd:ea:fb:80, -0.104, 1.008, -0.215, 43.152, -26.855, -8.179, 98.679, 14.37, -131.391, -31.800, -44.380, 47.667, 31.13, -0.17245, -0.38248, 0.65823, 0.62497
2025-06-14 21:05:41.582000,f8:a2:fd:ea:fb:80, -0.381, 1.086, -0.107, 86.365, 34.241, -28.687, 104.178, 15.705, -133.605, -31.800, -44.380, 47.667, 31.13, -0.17245, -0.38248, 0.65823, 0.62497
2025-06-14 21:05:41.703000,f8:a2:fd:ea:fb:80, 0.259, 1.859, 0.373, 188.965, -66.589, -49.255, 116.878, 18.616, -131.781, -23.453, -25.060, 51.460, 31.13, 0.03568, -0.43341, 0.78323, 0.44418
2025-06-14 21:05:41.791000,f8:a2:fd:ea:fb:80, 0.271, 1.546, 0.076, 161.011, -28.137, -70.557, 133.868, 26.774, -133.572, -23.453, -25.060, 51.460, 31.13, 0.03568, -0.43341, 0.78323, 0.44418
2025-06-14 21:05:41.881000,f8:a2:fd:ea:fb:80, -0.334, 0.493, 0.048, -106.75, 28.748, 14.099, 135.873, 29.916, -134.984, -23.453, -25.060, 51.460, 31.16, 0.03568, -0.43341, 0.78323, 0.44418
2025-06-14 21:05:42.002000,f8:a2:fd:ea:fb:80, -0.431, 0.634, 0.065, -276.001, -32.349, 93.201, 112.874, 21.978, -136.577, -23.453, -25.060, 51.460, 31.16, 0.03568, -0.43341, 0.78323, 0.44418
2025-06-14 21:05:42.093000,f8:a2:fd:ea:fb:80, -0.628, 1.442, -1.192, -290.71, -13.306, 125.244, 81.53, 11.596, -146.113, -23.720, -55.513, 39.540, 31.16, 0.03568, -0.43341, 0.78323, 0.44418
2025-06-14 21:05:42.182000,f8:a2:fd:ea:fb:80, -0.482, 0.769, -1.587, 12.634, 26.55, 3.357, 67.972, 7.037, -142.784, -23.720, -55.513, 39.540, 31.16, -0.22632, -0.2569, 0.52982, 0.77588
2025-06-14 21:05:42.302000,f8:a2:fd:ea:fb:80, -0.116, 0.997, -0.059, 117.615, 43.396, -20.874, 81.436, 13.837, -133.533, -23.720, -55.513, 39.540, 31.16, -0.22632, -0.2569, 0.52982, 0.77588
2025-06-14 21:05:42.392000,f8:a2:fd:ea:fb:80, -0.191, 1.014, -0.114, 57.19, 54.871, -8.667, 91.945, 14.749, -128.76, -30.907, -50.227, 45.060, 31.16, -0.22632, -0.2569, 0.52982, 0.77588
2025-06-14 21:05:42.482000,f8:a2:fd:ea:fb:80, -0.178, 1.011, -0.246, 33.63, 2.136, -9.644, 97.729, 15.436, -126.65, -30.907, -50.227, 45.060, 31.16, -0.20139, -0.41452, 0.62814, 0.62686
2025-06-14 21:05:42.601000,f8:a2:fd:ea:fb:80, -0.235, 0.996, -0.21, 39.429, -27.039, -6.348, 101.025, 16.078, -128.65, -30.907, -50.227, 45.060, 31.16, -0.20139, -0.41452, 0.62814, 0.62686
2025-06-14 21:05:42.692000,f8:a2:fd:ea:fb:80, -0.186, 1.07, -0.099, 93.689, 22.156, -32.349, 107.045, 17.556, -130.243, -24.640, -32.707, 49.200, 31.16, -0.20139, -0.41452, 0.62814, 0.62686
2025-06-14 21:05:42.812000,f8:a2:fd:ea:fb:80, 0.111, 2.044, 0.407, 182.861, -44.25, -57.617, 121.02, 21.275, -128.502, -24.640, -32.707, 49.200, 31.16, -0.01929, -0.4534, 0.74963, 0.48166
2025-06-14 21:05:42.902000,f8:a2:fd:ea:fb:80, -0.005, 1.373, -0.02, 156.189, -48.157, -61.523, 137.159, 30.536, -132.111, -24.640, -32.707, 49.200, 31.16, -0.01929, -0.4534, 0.74963, 0.48166
2025-06-14 21:05:42.993000,f8:a2:fd:ea:fb:80, -0.339, 0.363, -0.16, -78.552, -1.953, 41.016, 134.72, 30.427, -135.044, -14.287, -17.100, 59.933, 31.16, -0.01929, -0.4534, 0.74963, 0.48166
2025-06-14 21:05:43.082000,f8:a2:fd:ea:fb:80, -0.326, 0.686, 0.028, -272.278, 6.47, 109.375, 110.061, 20.654, -140.707, -14.287, -17.100, 59.933, 31.16, -0.05118, -0.36777, 0.7247, 0.58035
2025-06-14 21:05:43.202000,f8:a2:fd:ea:fb:80, -0.523, 1.534, -1.27, -283.997, -62.683, 133.972, 78.772, 8.558, -148.727, -14.287, -17.100, 59.933, 31.16, -0.05118, -0.36777, 0.7247, 0.58035
2025-06-14 21:05:43.293000,f8:a2:fd:ea:fb:80, 0.173, 0.771, -1.632, 12.756, 42.175, -1.465, 67.544, 5.323, -143.893, -25.327, -55.940, 38.900, 31.16, -0.05118, -0.36777, 0.7247, 0.58035
2025-06-14 21:05:43.381000,f8:a2:fd:ea:fb:80, -0.142, 1.019, -0.229, 112.122, 37.17, -7.263, 80.678, 12.502, -134.489, -25.327, -55.940, 38.900, 31.16, -0.22894, -0.32199, 0.55798, 0.72968
2025-06-14 21:05:43.502000,f8:a2:fd:ea:fb:80, -0.2, 1.055, -0.21, 46.57, 42.969, -9.216, 90.797, 13.612, -130.627, -25.327, -55.940, 38.900, 31.16, -0.22894, -0.32199, 0.55798, 0.72968
2025-06-14 21:05:43.591000,f8:a2:fd:ea:fb:80, -0.142, 0.964, -0.212, 31.86, -19.653, -8.911, 95.872, 14.359, -129.545, -30.893, -44.793, 48.127, 31.16, -0.22894, -0.32199, 0.55798, 0.72968
2025-06-14 21:05:43.681000,f8:a2:fd:ea:fb:80, -0.216, 0.982, -0.192, 47.058, -18.127, -11.047, 99.113, 15.183, -132.22, -30.893, -44.793, 48.127, 31.16, -0.17001, -0.38379, 0.65366, 0.62961
2025-06-14 21:05:43.802000,f8:a2:fd:ea:fb:80, -0.231, 1.162, -0.197, 91.187, 50.659, -39.246, 105.908, 16.754, -131.924, -30.893, -44.793, 48.127, 31.16, -0.17001, -0.38379, 0.65366, 0.62961
2025-06-14 21:05:43.893000,f8:a2:fd:ea:fb:80, 0.07, 2.087, 0.45, 203.918, -98.755, -57.434, 119.905, 21.297, -131.693, -20.107, -22.947, 51.347, 31.16, -0.17001, -0.38379, 0.65366, 0.62961
2025-06-14 21:05:43.981000,f8:a2:fd:ea:fb:80, 0.032, 1.357, 0.077, 144.287, -44.983, -50.354, 136.626, 30.399, -134.572, -20.107, -22.947, 51.347, 31.16, 0.08228, -0.43594, 0.78812, 0.42651
2025-06-14 21:05:44.102000,f8:a2:fd:ea:fb:80, -0.3, 0.262, 0.12, -132.263, 42.542, 49.561, 133.956, 28.85, -136.318, -20.107, -22.947, 51.347, 31.16, 0.08228, -0.43594, 0.78812, 0.42651
2025-06-14 21:05:44.193000,f8:a2:fd:ea:fb:80, -0.417, 0.743, 0.048, -289.062, -17.578, 118.469, 109.319, 19.248, -139.796, -20.500, -31.153, 57.420, 31.16, 0.08228, -0.43594, 0.78812, 0.42651
2025-06-14 21:05:44.312000,f8:a2:fd:ea:fb:80, -0.741, 1.479, -1.375, -282.166, 15.625, 128.113, 79.327, 7.509, -149.48, -20.500, -31.153, 57.420, 31.16, -0.14731, -0.22452, 0.61636, 0.74017
2025-06-14 21:05:44.432000,f8:a2:fd:ea:fb:80, -0.049, 0.761, -1.464, 30.334, 49.561, -2.747, 69.104, 4.916, -143.503, -20.500, -31.153, 57.420, 31.16, -0.14731, -0.22452, 0.61636, 0.74017
2025-06-14 21:05:44.522000,f8:a2:fd:ea:fb:80, -0.049, 1.037, -0.247, 100.769, 51.88, -11.23, 81.909, 12.107, -134.731, -29.113, -50.927, 45.020, 31.16, -0.14731, -0.22452, 0.61636, 0.74017
2025-06-14 21:05:44.613000,f8:a2:fd:ea:fb:80, -0.196, 1.02, -0.253, 48.401, 86.06, -14.771, 91.67, 13.656, -131.896, -29.113, -50.927, 45.020, 31.16, -0.14731, -0.22452, 0.61636, 0.74017
2025-06-14 21:05:44.762000,f8:a2:fd:ea:fb:80, -0.119, 1.003, -0.205, 39.307, 0, -8.728, 97.41, 14.595, -128.502, -29.113, -50.927, 45.020, 31.16, -0.20465, -0.39017, 0.62537, 0.64395
2025-06-14 21:05:44.826000,f8:a2:fd:ea:fb:80, -0.149, 1.046, -0.225, 44.922, -6.348, -9.216, 101.354, 15.309, -127.875, -29.113, -50.927, 45.020, 31.16, -0.20465, -0.39017, 0.62537, 0.64395
2025-06-14 21:05:44.913000,f8:a2:fd:ea:fb:80, -0.22, 1.35, -0.267, 106.262, 34.973, -22.034, 109.314, 16.452, -127.908, -27.673, -32.860, 47.560, 31.16, -0.20465, -0.39017, 0.62537, 0.64395
2025-06-14 21:05:45.032000,f8:a2:fd:ea:fb:80, -0.053, 1.964, 0.51, 201.416, -87.585, -54.504, 124.898, 21.775, -129.501, -27.673, -32.860, 47.560, 31.16, -0.03296, -0.44946, 0.75372, 0.47821
2025-06-14 21:05:45.123000,f8:a2:fd:ea:fb:80, -0.011, 0.869, -0.372, 145.203, -69.824, -24.902, 140.136, 30.322, -134.33, -27.673, -32.860, 47.560, 31.16, -0.03296, -0.44946, 0.75372, 0.47821
2025-06-14 21:05:45.212000,f8:a2:fd:ea:fb:80, -0.589, 0.413, -0.042, -205.383, 81.177, 56.824, 131.754, 25.378, -135.22, -18.480, -15.380, 58.153, 31.16, -0.07526, -0.38165, 0.72519, 0.56802
2025-06-14 21:05:45.332000,f8:a2:fd:ea:fb:80, -0.882, 1.054, -0.081, -301.941, -109.68, 101.624, 102.909, 17.155, -139.905, -18.480, -15.380, 58.153, 31.16, -0.07526, -0.38165, 0.72519, 0.56802
2025-06-14 21:05:45.422000,f8:a2:fd:ea:fb:80, -0.482, 1.24, -1.566, -231.445, 11.719, 72.693, 72.515, 7.432, -146.525, -18.480, -15.380, 58.153, 31.16, -0.07526, -0.38165, 0.72519, 0.56802
2025-06-14 21:05:45.514000,f8:a2:fd:ea:fb:80, -0.124, 2.068, 0.704, 130.859, 8.85, -34.973, 70.966, 10.453, -139.318, -24.880, -57.267, 36.513, 31.16, -0.07526, -0.38165, 0.72519, 0.56802
2025-06-14 21:05:45.633000,f8:a2:fd:ea:fb:80, -0.163, 1.132, -0.243, 96.741, -45.288, 1.16, 84.699, 13.689, -136.165, -24.880, -57.267, 36.513, 31.16, -0.20984, -0.32495, 0.56613, 0.72784
2025-06-14 21:05:45.723000,f8:a2:fd:ea:fb:80, -0.178, 1.038, -0.24, 44.983, -20.813, -13.123, 91.648, 14.365, -137.466, -24.880, -57.267, 36.513, 31.16, -0.20984, -0.32495, 0.56613, 0.72784
2025-06-14 21:05:45.814000,f8:a2:fd:ea:fb:80, -0.3, 0.945, -0.179, 38.086, -37.659, -13.123, 95.213, 15.584, -139.834, -21.280, -42.427, 55.560, 31.16, -0.20984, -0.32495, 0.56613, 0.72784
2025-06-14 21:05:45.932000,f8:a2:fd:ea:fb:80, -0.208, 1.034, -0.164, 50.049, 2.136, -24.841, 99.305, 17.018, -141.888, -21.280, -42.427, 55.560, 31.16, -0.10239, -0.33661, 0.68115, 0.64197
2025-06-14 21:05:46.022000,f8:a2:fd:ea:fb:80, 0.194, 1.364, -0.028, 129.395, 38.086, -66.284, 108.441, 20.154, -138.093, -21.280, -42.427, 55.560, 31.16, -0.10239, -0.33661, 0.68115, 0.64197
2025-06-14 21:05:46.113000,f8:a2:fd:ea:fb:80, -0.064, 1.56, -0.805, 180.298, 3.54, -92.529, 125.667, 26.955, -135.692, -13.427, -17.400, 54.633, 31.16, -0.10239, -0.33661, 0.68115, 0.64197
2025-06-14 21:05:46.262000,f8:a2:fd:ea:fb:80, 0.112, 0.687, -0.067, 22.949, 10.437, -30.823, 138.159, 31.487, -133.132, -13.427, -17.400, 54.633, 31.16, 0.0957, -0.44614, 0.78635, 0.41638
2025-06-14 21:05:46.323000,f8:a2:fd:ea:fb:80, -0.558, 0.441, -0.105, -214.6, 60.852, 50.842, 124.667, 27.092, -133.539, -13.427, -17.400, 54.633, 31.16, 0.0957, -0.44614, 0.78635, 0.41638
2025-06-14 21:05:46.412000,f8:a2:fd:ea:fb:80, -0.759, 1.205, -0.467, -298.401, -116.577, 112.366, 94.048, 16.913, -138.312, -22.020, -39.553, 53.580, 31.16, 0.0957, -0.44614, 0.78635, 0.41638
2025-06-14 21:05:46.532000,f8:a2:fd:ea:fb:80, -0.285, 1.235, -1.415, -197.937, 7.507, 89.783, 67.896, 5.466, -141.361, -22.020, -39.553, 53.580, 31.16, -0.20676, -0.24506, 0.55774, 0.7655
2025-06-14 21:05:46.623000,f8:a2:fd:ea:fb:80, 0.009, 1.839, 0.846, 126.282, 42.969, -48.828, 73.614, 8.02, -138.472, -22.020, -39.553, 53.580, 31.16, -0.20676, -0.24506, 0.55774, 0.7655
2025-06-14 21:05:46.713000,f8:a2:fd:ea:fb:80, -0.126, 1.162, -0.293, 96.13, -4.456, -10.742, 86.281, 12.349, -131.874, -30.573, -51.880, 42.227, 31.16, -0.22791, -0.38361, 0.60349, 0.66077
2025-06-14 21:05:46.833000,f8:a2:fd:ea:fb:80, -0.116, 1.048, -0.216, 52.795, -3.296, -11.536, 93.516, 13.793, -128.232, -30.573, -51.880, 42.227, 31.16, -0.22791, -0.38361, 0.60349, 0.66077
2025-06-14 21:05:46.925000,f8:a2:fd:ea:fb:80, -0.172, 1.005, -0.265, 45.593, -28.809, -8.667, 98.004, 14.694, -129.622, -30.573, -51.880, 42.227, 31.16, -0.22791, -0.38361, 0.60349, 0.66077
2025-06-14 21:05:47.042000,f8:a2:fd:ea:fb:80, -0.345, 0.958, -0.104, 73.364, 10.193, -28.809, 102.881, 15.892, -131.918, -29.193, -39.627, 49.667, 31.16, -0.22791, -0.38361, 0.60349, 0.66077
2025-06-14 21:05:47.132000,f8:a2:fd:ea:fb:80, -0.14, 1.466, 0.093, 173.34, -48.95, -53.223, 114.28, 18.864, -129.996, -29.193, -39.627, 49.667, 31.16, -0.11124, -0.42841, 0.70752, 0.55081
2025-06-14 21:05:47.222000,f8:a2:fd:ea:fb:80, -0.183, 1.993, -0.78, 210.571, -45.105, -74.341, 130.523, 27.35, -133.281, -29.193, -39.627, 49.667, 31.16, -0.11124, -0.42841, 0.70752, 0.55081
2025-06-14 21:05:47.312000,f8:a2:fd:ea:fb:80, -0.118, 0.435, 0.085, -47.485, -13.794, 23.865, 137.379, 31.52, -136.56, -13.687, -13.307, 59.320, 31.16, -0.11124, -0.42841, 0.70752, 0.55081
2025-06-14 21:05:47.432000,f8:a2:fd:ea:fb:80, -0.214, 0.52, -0.109, -254.883, 40.1, 96.252, 119.295, 23.593, -139.109, -13.687, -13.307, 59.320, 31.16, 0.0087, -0.39697, 0.76306, 0.50986
2025-06-14 21:05:47.521000,f8:a2:fd:ea:fb:80, -0.629, 1.465, -1.049, -279.724, -76.843, 116.699, 88.473, 13.491, -147.563, -13.687, -13.307, 59.320, 31.16, 0.0087, -0.39697, 0.76306, 0.50986
2025-06-14 21:05:47.612000,f8:a2:fd:ea:fb:80, -0.37, 0.894, -1.847, -67.566, -50.598, 37.72, 67.978, 6.954, -142.982, -24.233, -55.907, 38.200, 31.16, 0.0087, -0.39697, 0.76306, 0.50986
2025-06-14 21:05:47.732000,f8:a2:fd:ea:fb:80, -0.094, 0.824, -0.144, 50.171, 192.81, -46.997, 76.613, 10.333, -139.697, -24.233, -55.907, 38.200, 31.16, -0.22272, -0.30307, 0.55548, 0.74155
2025-06-14 21:05:47.822000,f8:a2:fd:ea:fb:80, -0.106, 1.108, -0.094, 73.181, 6.042, -11.414, 88.27, 13.749, -133.951, -24.233, -55.907, 38.200, 31.16, -0.22272, -0.30307, 0.55548, 0.74155
2025-06-14 21:05:47.912000,f8:a2:fd:ea:fb:80, -0.102, 1.054, -0.207, 41.565, 5.554, -9.399, 94.812, 14.744, -130.562, -30.440, -47.113, 47.993, 31.16, -0.22272, -0.30307, 0.55548, 0.74155
2025-06-14 21:05:48.062000,f8:a2:fd:ea:fb:80, -0.135, 0.946, -0.148, 42.236, -23.682, -9.827, 98.47, 15.507, -132.385, -30.440, -47.113, 47.993, 31.16, -0.17252, -0.38416, 0.64706, 0.6355
2025-06-14 21:05:48.124000,f8:a2:fd:ea:fb:80, -0.344, 0.994, -0.108, 81.36, 28.137, -30.457, 104.238, 16.897, -133.572, -30.440, -47.113, 47.993, 31.16, -0.17252, -0.38416, 0.64706, 0.6355
2025-06-14 21:05:48.211000,f8:a2:fd:ea:fb:80, -0.031, 1.878, 0.19, 184.631, -59.082, -58.594, 117.285, 20.594, -131.88, -23.613, -29.160, 50.753, 31.16, 0.02182, -0.42282, 0.76511, 0.48505
2025-06-14 21:05:48.332000,f8:a2:fd:ea:fb:80, -0.012, 1.814, -0.812, 192.261, -52.612, -63.66, 133.852, 30.602, -137.197, -23.613, -29.160, 50.753, 31.16, 0.02182, -0.42282, 0.76511, 0.48505
2025-06-14 21:05:48.425000,f8:a2:fd:ea:fb:80, -0.148, 0.393, 0.119, -67.871, 32.959, 27.344, 135.884, 30.668, -139.609, -14.247, -15.460, 59.907, 31.16, 0.02182, -0.42282, 0.76511, 0.48505
2025-06-14 21:05:48.541000,f8:a2:fd:ea:fb:80, -0.329, 0.593, -0.04, -256.653, 34.607, 95.825, 114.686, 20.643, -140.922, -14.247, -15.460, 59.907, 31.16, -0.06412, -0.3497, 0.72729, 0.58694
2025-06-14 21:05:48.662000,f8:a2:fd:ea:fb:80, -0.496, 1.451, -0.939, -282.043, -73.303, 123.413, 84.26, 10.003, -149.09, -14.247, -15.460, 59.907, 31.16, -0.06412, -0.3497, 0.72729, 0.58694
2025-06-14 21:05:48.782000,f8:a2:fd:ea:fb:80, -0.256, 0.837, -1.801, -38.574, 43.274, 13, 68.373, 6.147, -143.245, -26.507, -55.320, 39.527, 31.16, -0.06412, -0.3497, 0.72729, 0.58694
2025-06-14 21:05:48.843000,f8:a2:fd:ea:fb:80, -0.087, 0.94, -1.107, 100.891, 86.853, -29.907, 80.662, 13.442, -133.885, -26.507, -55.320, 39.527, 31.16, -0.21579, -0.36099, 0.58551, 0.69296
2025-06-14 21:05:48.963000,f8:a2:fd:ea:fb:80, -0.177, 1.037, -0.158, 56.58, 39.246, -10.071, 91.406, 14.771, -129.611, -26.507, -55.320, 39.527, 31.16, -0.21579, -0.36099, 0.58551, 0.69296
2025-06-14 21:05:49.052000,f8:a2:fd:ea:fb:80, -0.148, 0.985, -0.208, 37.537, -11.841, -6.897, 97.405, 15.601, -127.304, -29.840, -42.247, 48.207, 31.16, -0.21579, -0.36099, 0.58551, 0.69296
2025-06-14 21:05:49.172000,f8:a2:fd:ea:fb:80, -0.239, 0.973, -0.241, 46.082, -26.794, -7.141, 100.997, 16.188, -129.655, -29.840, -42.247, 48.207, 31.16, -0.15302, -0.40347, 0.66678, 0.60751
2025-06-14 21:05:49.261000,f8:a2:fd:ea:fb:80, -0.197, 1.18, -0.203, 93.018, 44.8, -30.884, 107.188, 17.54, -130.342, -29.840, -42.247, 48.207, 31.16, -0.15302, -0.40347, 0.66678, 0.60751
2025-06-14 21:05:49.354000,f8:a2:fd:ea:fb:80, -0.064, 2.063, 0.424, 200.256, -101.624, -60.791, 120.751, 21.962, -130.292, -19.367, -21.193, 51.693, 31.16, -0.15302, -0.40347, 0.66678, 0.60751
2025-06-14 21:05:49.442000,f8:a2:fd:ea:fb:80, -0.004, 1.097, 0.21, 152.405, -80.017, -39.734, 137.109, 30.531, -133.638, -19.367, -21.193, 51.693, 31.16, 0.10147, -0.43814, 0.79196, 0.41284
2025-06-14 21:05:49.563000,f8:a2:fd:ea:fb:80, -0.381, 0.375, 0.097, -136.536, 58.899, 58.105, 133.89, 29.279, -136.989, -19.367, -21.193, 51.693, 31.16, 0.10147, -0.43814, 0.79196, 0.41284
2025-06-14 21:05:49.653000,f8:a2:fd:ea:fb:80, -0.499, 0.787, 0.138, -291.87, -24.048, 113.037, 108.968, 19.292, -140.576, -20.247, -35.780, 57.073, 31.16, 0.10147, -0.43814, 0.79196, 0.41284
2025-06-14 21:05:49.743000,f8:a2:fd:ea:fb:80, -0.635, 1.595, -1.385, -306.885, 34.79, 110.413, 77.673, 8.718, -147.909, -20.247, -35.780, 57.073, 31.16, -0.18237, -0.22437, 0.56787, 0.7706
2025-06-14 21:05:49.862000,f8:a2:fd:ea:fb:80, -0.19, 0.695, -1.662, 74.097, 42.786, -16.968, 69.153, 7.685, -142.987, -20.247, -35.780, 57.073, 31.16, -0.18237, -0.22437, 0.56787, 0.7706
2025-06-14 21:05:49.953000,f8:a2:fd:ea:fb:80, -0.117, 1.093, -0.068, 107.544, 41.687, -12.451, 82.925, 14.046, -134.978, -20.247, -35.780, 57.073, 31.16, -0.18237, -0.22437, 0.56787, 0.7706
2025-06-14 21:05:50.042000,f8:a2:fd:ea:fb:80, -0.145, 1.023, -0.183, 49.438, 43.274, -9.033, 92.39, 15.035, -131.023, -28.180, -52.387, 44.860, 31.16, -0.1882, -0.39319, 0.63013, 0.64252
2025-06-14 21:05:50.163000,f8:a2:fd:ea:fb:80, -0.157, 0.989, -0.189, 32.41, -17.212, -9.644, 97.158, 15.793, -130.391, -28.180, -52.387, 44.860, 31.16, -0.1882, -0.39319, 0.63013, 0.64252
2025-06-14 21:05:50.252000,f8:a2:fd:ea:fb:80, -0.159, 0.964, -0.201, 48.279, -17.334, -9.521, 100.811, 16.54, -132.874, -24.453, -34.340, 49.893, 31.16, -0.1882, -0.39319, 0.63013, 0.64252
2025-06-14 21:05:50.342000,f8:a2:fd:ea:fb:80, -0.307, 1.254, -0.188, 87.524, 56.03, -34.424, 108.501, 18.062, -130.655, -24.453, -34.340, 49.893, 31.16, -0.1882, -0.39319, 0.63013, 0.64252
2025-06-14 21:05:50.493000,f8:a2:fd:ea:fb:80, -0.109, 2.077, 0.493, 197.388, -79.529, -72.632, 123.459, 24.186, -131.523, -24.453, -34.340, 49.893, 31.16, -0.0972, -0.43365, 0.70911, 0.5473
2025-06-14 21:05:50.555000,f8:a2:fd:ea:fb:80, -0.045, 1.215, -0.016, 133.545, -37.17, -46.997, 139.356, 33.008, -133.423, -24.453, -34.340, 49.893, 31.16, -0.0972, -0.43365, 0.70911, 0.5473
2025-06-14 21:05:50.642000,f8:a2:fd:ea:fb:80, -0.556, 0.303, 0.083, -146.79, 64.575, 46.326, 132.841, 29.806, -134.962, -14.300, -15.540, 58.173, 31.16, -0.03226, -0.40878, 0.73633, 0.53812
2025-06-14 21:05:50.763000,f8:a2:fd:ea:fb:80, -0.607, 0.891, -0.071, -293.823, -51.758, 108.582, 106.122, 19.501, -138.109, -14.300, -15.540, 58.173, 31.16, -0.03226, -0.40878, 0.73633, 0.53812
2025-06-14 21:05:50.884000,f8:a2:fd:ea:fb:80, -1.293, 1.355, -1.354, -255.859, 5.737, 86.487, 76.492, 9.805, -141.262, -26.320, -53.987, 38.380, 31.16, -0.03226, -0.40878, 0.73633, 0.53812
2025-06-14 21:05:50.943000,f8:a2:fd:ea:fb:80, -0.317, 0.753, -0.736, 114.319, 18.005, -36.133, 71.076, 6.224, -141.295, -26.320, -53.987, 38.380, 31.16, -0.22641, -0.27008, 0.55545, 0.75308
2025-06-14 21:05:51.122000,f8:a2:fd:ea:fb:80, -0.099, 0.828, -0.083, 112.244, -7.69, -9.216, 84.315, 13.09, -129.617, -26.320, -53.987, 38.380, 31.16, -0.22641, -0.27008, 0.55545, 0.75308
2025-06-14 21:05:51.152000,f8:a2:fd:ea:fb:80, -0.094, 1.098, -0.162, 64.758, -26.733, -4.272, 94.032, 13.645, -126.068, -34.687, -45.620, 44.073, 31.16, -0.22641, -0.27008, 0.55545, 0.75308
2025-06-14 21:05:51.243000,f8:a2:fd:ea:fb:80, -0.166, 0.988, -0.222, 43.091, -21.423, -5.737, 98.586, 14.277, -126.755, -34.687, -45.620, 44.073, 31.16, -0.19669, -0.40881, 0.64438, 0.61551
2025-06-14 21:05:51.423000,f8:a2:fd:ea:fb:80, -0.411, 1.055, -0.228, 62.622, -20.569, -11.536, 103.321, 15.172, -129.139, -34.687, -45.620, 44.073, 31.16, -0.19669, -0.40881, 0.64438, 0.61551
2025-06-14 21:05:51.456000,f8:a2:fd:ea:fb:80, 0.35, 1.219, -0.102, 111.938, 37.964, -39.001, 112.214, 16.88, -127.546, -34.687, -45.620, 44.073, 31.16, -0.19669, -0.40881, 0.64438, 0.61551
2025-06-14 21:05:51.572000,f8:a2:fd:ea:fb:80, 0.453, 1.658, -0.48, 204.468, -77.454, -77.576, 126.777, 23.851, -130.792, -24.960, -23.947, 49.907, 31.16, 0.05777, -0.46405, 0.77908, 0.41742
2025-06-14 21:05:51.662000,f8:a2:fd:ea:fb:80, -0.102, 0.571, -0.465, 67.566, -24.536, -45.166, 141.13, 30.515, -129.803, -24.960, -23.947, 49.907, 31.16, 0.05777, -0.46405, 0.77908, 0.41742
2025-06-14 21:05:51.752000,f8:a2:fd:ea:fb:80, -0.688, 0.302, 0.047, -201.111, 48.401, 46.631, 129.38, 27.85, -132.506, -21.433, -28.467, 56.860, 31.16, 0.05777, -0.46405, 0.77908, 0.41742
2025-06-14 21:05:51.843000,f8:a2:fd:ea:fb:80, -0.571, 1.031, -0.191, -319.092, -75.867, 102.356, 98.926, 18.688, -137.175, -21.433, -28.467, 56.860, 31.16, -0.14182, -0.33334, 0.62595, 0.69055
2025-06-14 21:05:51.962000,f8:a2:fd:ea:fb:80, -0.468, 1.408, -1.507, -227.234, -1.892, 86.548, 70.302, 9.185, -141.707, -21.433, -28.467, 56.860, 31.16, -0.14182, -0.33334, 0.62595, 0.69055
2025-06-14 21:05:52.053000,f8:a2:fd:ea:fb:80, -0.243, 2.079, 0.482, 132.202, -2.075, -36.255, 72.01, 10.838, -137.164, -27.740, -55.907, 37.313, 31.16, -0.14182, -0.33334, 0.62595, 0.69055
2025-06-14 21:05:52.142000,f8:a2:fd:ea:fb:80, -0.186, 1.001, -0.13, 101.929, 18.188, -0.427, 86.039, 15.194, -128.392, -27.740, -55.907, 37.313, 31.16, -0.2298, -0.39218, 0.57977, 0.67612
2025-06-14 21:05:52.266000,f8:a2:fd:ea:fb:80, -0.08, 1.088, -0.248, 57.373, -5.676, -2.869, 94.708, 15.414, -125.013, -27.740, -55.907, 37.313, 31.16, -0.2298, -0.39218, 0.57977, 0.67612
2025-06-14 21:05:52.384000,f8:a2:fd:ea:fb:80, -0.159, 0.998, -0.213, 38.696, -30.64, -4.272, 98.295, 15.782, -126.985, -31.013, -44.113, 47.200, 31.16, -0.2298, -0.39218, 0.57977, 0.67612
2025-06-14 21:05:52.443000,f8:a2:fd:ea:fb:80, -0.224, 0.983, -0.232, 59.631, -17.639, -7.629, 102.936, 16.205, -129.776, -31.013, -44.113, 47.200, 31.16, -0.16357, -0.40823, 0.66223, 0.60657
2025-06-14 21:05:52.564000,f8:a2:fd:ea:fb:80, -0.396, 1.507, 0.036, 134.338, 36.621, -37.109, 112.654, 17.677, -127.513, -31.013, -44.113, 47.200, 31.16, -0.16357, -0.40823, 0.66223, 0.60657
2025-06-14 21:05:52.654000,f8:a2:fd:ea:fb:80, -0.42, 1.859, -0.501, 196.472, -51.27, -81.116, 129.348, 25.527, -131.44, -20.200, -19.293, 53.700, 31.16, -0.16357, -0.40823, 0.66223, 0.60657
2025-06-14 21:05:52.803000,f8:a2:fd:ea:fb:80, -0.168, 0.476, 0.202, -17.639, -13.733, 18.86, 139.34, 30.35, -133.693, -20.200, -19.293, 53.700, 31.16, 0.09436, -0.44135, 0.7959, 0.40341
2025-06-14 21:05:52.864000,f8:a2:fd:ea:fb:80, -0.679, 0.506, -0.116, -257.629, 45.227, 79.529, 122.47, 23.093, -135.533, -20.200, -19.293, 53.700, 31.16, 0.09436, -0.44135, 0.7959, 0.40341
2025-06-14 21:05:52.982000,f8:a2:fd:ea:fb:80, -0.753, 1.417, -0.633, -314.453, -102.905, 108.582, 90.396, 13.64, -142.57, -22.627, -37.873, 54.773, 31.16, -0.20459, -0.2287, 0.54596, 0.77954
2025-06-14 21:05:53.154000,f8:a2:fd:ea:fb:80, -0.485, 0.854, -1.767, -110.962, 19.165, 26.489, 65.885, 6.339, -142.822, -22.627, -37.873, 54.773, 31.16, -0.20459, -0.2287, 0.54596, 0.77954
2025-06-14 21:05:53.223000,f8:a2:fd:ea:fb:80, -0.313, 1.253, -0.191, 80.139, 92.102, -28.015, 73.713, 10.651, -138.582, -27.273, -55.060, 39.793, 31.16, -0.20459, -0.2287, 0.54596, 0.77954
2025-06-14 21:05:53.285000,f8:a2:fd:ea:fb:80, -0.169, 1.033, -0.075, 88.196, -11.108, -6.348, 86.396, 14.337, -131.946, -27.273, -55.060, 39.793, 31.16, -0.20251, -0.36993, 0.60788, 0.67267
2025-06-14 21:05:53.373000,f8:a2:fd:ea:fb:80, -0.112, 0.961, -0.153, 50.964, 16.846, -8.667, 93.411, 14.749, -130.259, -27.273, -55.060, 39.793, 31.16, -0.20251, -0.36993, 0.60788, 0.67267
2025-06-14 21:05:53.495000,f8:a2:fd:ea:fb:80, -0.164, 0.966, -0.212, 38.269, -22.888, -8.667, 97.833, 15.233, -130.463, -27.273, -55.060, 39.793, 31.16, -0.20251, -0.36993, 0.60788, 0.67267
2025-06-14 21:05:53.582000,f8:a2:fd:ea:fb:80, -0.369, 1.014, -0.103, 67.81, -13.733, -18.433, 102.178, 16.32, -132.49, -28.540, -41.627, 49.967, 31.16, -0.11981, -0.42606, 0.70111, 0.55896
2025-06-14 21:05:53.674000,f8:a2:fd:ea:fb:80, 0.012, 1.506, -0.012, 137.451, 35.034, -46.753, 113.505, 18.347, -129.095, -28.540, -41.627, 49.967, 31.16, -0.11981, -0.42606, 0.70111, 0.55896
2025-06-14 21:05:53.793000,f8:a2:fd:ea:fb:80, -0.285, 1.789, -0.568, 210.51, -88.684, -84.167, 130.507, 27.01, -132.061, -28.540, -41.627, 49.967, 31.16, -0.11981, -0.42606, 0.70111, 0.55896
2025-06-14 21:05:53.883000,f8:a2:fd:ea:fb:80, -0.065, 0.46, 0.039, -7.08, 18.982, 4.028, 139.543, 32.119, -134.061, -14.873, -15.253, 59.167, 31.16, -0.11981, -0.42606, 0.70111, 0.55896
2025-06-14 21:05:53.973000,f8:a2:fd:ea:fb:80, -0.661, 0.431, -0.088, -234.009, 78.979, 62.5, 123.327, 24.714, -134.808, -14.873, -15.253, 59.167, 31.16, -0.02957, -0.41736, 0.74124, 0.52478
2025-06-14 21:05:54.093000,f8:a2:fd:ea:fb:80, -0.874, 1.242, -0.45, -290.161, -127.869, 114.807, 91.73, 15.386, -142.553, -14.873, -15.253, 59.167, 31.16, -0.02957, -0.41736, 0.74124, 0.52478
2025-06-14 21:05:54.184000,f8:a2:fd:ea:fb:80, -0.193, 1.222, -1.606, -177.856, -16.174, 63.66, 67.511, 5.691, -143.306, -25.047, -55.827, 36.760, 31.16, -0.02957, -0.41736, 0.74124, 0.52478
2025-06-14 21:05:54.273000,f8:a2:fd:ea:fb:80, -0.085, 1.75, 0.675, 112.183, 58.35, -37.72, 74.268, 9.668, -138.757, -25.047, -55.827, 36.760, 31.16, -0.23376, -0.29047, 0.54166, 0.75333
2025-06-14 21:05:54.393000,f8:a2:fd:ea:fb:80, -0.163, 1.154, -0.182, 110.229, -26.062, -2.686, 87.424, 13.738, -131.353, -25.047, -55.827, 36.760, 31.16, -0.23376, -0.29047, 0.54166, 0.75333
2025-06-14 21:05:54.482000,f8:a2:fd:ea:fb:80, -0.076, 1.002, -0.18, 41.016, 1.282, -10.254, 95.169, 14.623, -128.287, -33.033, -45.460, 46.300, 31.16, -0.23376, -0.29047, 0.54166, 0.75333
2025-06-14 21:05:54.574000,f8:a2:fd:ea:fb:80, -0.175, 0.983, -0.25, 35.4, -22.156, -6.409, 98.844, 15.326, -129.54, -33.033, -45.460, 46.300, 31.16, -0.17044, -0.39548, 0.65463, 0.62119
2025-06-14 21:05:54.693000,f8:a2:fd:ea:fb:80, -0.237, 0.896, -0.088, 71.838, -4.761, -20.996, 102.821, 16.139, -132.363, -33.033, -45.460, 46.300, 31.16, -0.17044, -0.39548, 0.65463, 0.62119
2025-06-14 21:05:54.784000,f8:a2:fd:ea:fb:80, -0.108, 1.604, -0.015, 160.217, -2.869, -45.105, 114.208, 18.094, -128.958, -24.440, -24.020, 51.293, 31.16, -0.17044, -0.39548, 0.65463, 0.62119
2025-06-14 21:05:54.902000,f8:a2:fd:ea:fb:80, -0.284, 1.802, -0.487, 207.581, -82.764, -71.899, 130.99, 26.477, -132.709, -24.440, -24.020, 51.293, 31.16, 0.07639, -0.43869, 0.78827, 0.4245
2025-06-14 21:05:54.997000,f8:a2:fd:ea:fb:80, -0.115, 0.502, 0.152, -25.757, -20.813, 21.057, 137.763, 31.443, -136.862, -24.440, -24.020, 51.293, 31.16, 0.07639, -0.43869, 0.78827, 0.4245
2025-06-14 21:05:55.083000,f8:a2:fd:ea:fb:80, -0.442, 0.557, -0.045, -243.896, 42.847, 95.276, 119.899, 23.626, -139.642, -19.293, -25.693, 59.467, 31.16, 0.07639, -0.43869, 0.78827, 0.4245
2025-06-14 21:05:55.173000,f8:a2:fd:ea:fb:80, -0.581, 1.44, -0.847, -288.757, -95.642, 110.718, 89.028, 13.37, -147.134, -19.293, -25.693, 59.467, 31.16, -0.12604, -0.26923, 0.63745, 0.71075
2025-06-14 21:05:55.294000,f8:a2:fd:ea:fb:80, -0.318, 0.915, -1.759, -93.506, -28.931, 43.091, 66.462, 5.746, -144.569, -19.293, -25.693, 59.467, 31.16, -0.12604, -0.26923, 0.63745, 0.71075
2025-06-14 21:05:55.383000,f8:a2:fd:ea:fb:80, 0, 0.884, -0.396, 91.858, 135.071, -47.241, 75.086, 10.893, -138.093, -27.187, -53.760, 41.607, 31.16, -0.12604, -0.26923, 0.63745, 0.71075
2025-06-14 21:05:55.473000,f8:a2:fd:ea:fb:80, -0.148, 1.103, -0.104, 74.28, 29.236, -6.47, 87.352, 13.727, -133.011, -27.187, -53.760, 41.607, 31.16, -0.21307, -0.37015, 0.60162, 0.67493
2025-06-14 21:05:55.593000,f8:a2:fd:ea:fb:80, -0.188, 1.032, -0.209, 42.236, 21.484, -11.719, 94.642, 14.683, -128.936, -27.187, -53.760, 41.607, 31.16, -0.21307, -0.37015, 0.60162, 0.67493
2025-06-14 21:05:55.713000,f8:a2:fd:ea:fb:80, -0.177, 0.978, -0.194, 41.077, -23.193, -5.371, 98.811, 15.189, -129.375, -30.420, -39.807, 48.740, 31.16, -0.21307, -0.37015, 0.60162, 0.67493
2025-06-14 21:05:55.803000,f8:a2:fd:ea:fb:80, -0.316, 1.023, -0.163, 58.96, -8.911, -15.869, 103.288, 16.035, -131.281, -30.420, -39.807, 48.740, 31.16, -0.15375, -0.39911, 0.67166, 0.60483
2025-06-14 21:05:55.953000,f8:a2:fd:ea:fb:80, -0.429, 1.481, 0.03, 153.748, 9.155, -42.969, 114.966, 18.259, -128.546, -30.420, -39.807, 48.740, 31.16, -0.15375, -0.39911, 0.67166, 0.60483
2025-06-14 21:05:55.983000,f8:a2:fd:ea:fb:80, -0.339, 1.898, -0.342, 201.538, -75.134, -80.811, 132.023, 26.906, -131.891, -30.420, -39.807, 48.740, 31.16, -0.15375, -0.39911, 0.67166, 0.60483
2025-06-14 21:05:56.073000,f8:a2:fd:ea:fb:80, -0.092, 0.51, 0.185, -18.799, 5.005, 12.512, 138.79, 30.938, -134.5, -15.580, -12.793, 57.040, 31.16, 0.0455, -0.42548, 0.7803, 0.45596
2025-06-14 21:05:56.223000,f8:a2:fd:ea:fb:80, -0.304, 0.467, -0.045, -244.202, 41.321, 85.754, 119.8, 22.846, -136.346, -15.580, -12.793, 57.040, 31.16, 0.0455, -0.42548, 0.7803, 0.45596
2025-06-14 21:05:56.283000,f8:a2:fd:ea:fb:80, -0.283, 1.58, -1.156, -308.777, -51.636, 114.868, 87.506, 13.195, -145.602, -22.607, -51.733, 44.773, 31.16, 0.0455, -0.42548, 0.7803, 0.45596
2025-06-14 21:05:56.374000,f8:a2:fd:ea:fb:80, -0.488, 0.93, -1.665, -52.429, -1.526, 24.536, 66.638, 7.037, -142.646, -22.607, -51.733, 44.773, 31.16, -0.24078, -0.23166, 0.50156, 0.79791
2025-06-14 21:05:56.494000,f8:a2:fd:ea:fb:80, -0.076, 0.808, -0.759, 75.989, 130.981, -39.612, 76.366, 12.277, -136.269, -22.607, -51.733, 44.773, 31.16, -0.24078, -0.23166, 0.50156, 0.79791
2025-06-14 21:05:56.583000,f8:a2:fd:ea:fb:80, -0.144, 1.091, -0.153, 67.505, 62.805, -10.376, 89.066, 14.859, -130.457, -29.540, -51.907, 44.120, 31.16, -0.24078, -0.23166, 0.50156, 0.79791
2025-06-14 21:05:56.673000,f8:a2:fd:ea:fb:80, -0.216, 0.997, -0.164, 42.48, 11.658, -8.85, 96.345, 15.441, -126.557, -29.540, -51.907, 44.120, 31.16, -0.2084, -0.41116, 0.61813, 0.63666
2025-06-14 21:05:56.793000,f8:a2:fd:ea:fb:80, -0.22, 0.963, -0.274, 50.659, -16.357, -6.958, 100.942, 15.93, -127.628, -29.540, -51.907, 44.120, 31.16, -0.2084, -0.41116, 0.61813, 0.63666
2025-06-14 21:05:56.914000,f8:a2:fd:ea:fb:80, -0.247, 0.957, -0.148, 81.177, 25.146, -29.236, 107.012, 17.111, -128.282, -26.780, -35.160, 49.840, 31.16, -0.2084, -0.41116, 0.61813, 0.63666
2025-06-14 21:05:57.033000,f8:a2:fd:ea:fb:80, -0.196, 1.77, 0.308, 183.655, -56.396, -45.776, 119.625, 20.056, -126.343, -26.780, -35.160, 49.840, 31.16, -0.10187, -0.46146, 0.71326, 0.51752
2025-06-14 21:05:57.093000,f8:a2:fd:ea:fb:80, 0.031, 1.757, -0.53, 175.476, -52.002, -65.063, 136.082, 28.905, -129.034, -26.780, -35.160, 49.840, 31.16, -0.10187, -0.46146, 0.71326, 0.51752
2025-06-14 21:05:57.213000,f8:a2:fd:ea:fb:80, -0.298, 0.375, 0.114, -113.525, 56.702, 22.095, 137.472, 30.438, -130.468, -26.780, -35.160, 49.840, 31.15, -0.10187, -0.46146, 0.71326, 0.51752
2025-06-14 21:05:57.303000,f8:a2:fd:ea:fb:80, -0.259, 0.657, -0.008, -284.973, -5.676, 94.238, 113.137, 21.511, -132.308, -26.780, -35.160, 49.840, 31.15, -0.10187, -0.46146, 0.71326, 0.51752
2025-06-14 21:05:57.423000,f8:a2:fd:ea:fb:80, -0.351, 1.432, -1.188, -294.495, -2.625, 112.488, 81.722, 12.2, -142.191, -23.793, -51.953, 42.593, 31.15, -0.10187, -0.46146, 0.71326, 0.51752
2025-06-14 21:05:57.514000,f8:a2:fd:ea:fb:80, -0.342, 0.843, -1.405, -24.536, -13.55, 26.123, 67.291, 7.004, -139.702, -23.793, -51.953, 42.593, 31.15, -0.24603, -0.27512, 0.5278, 0.76492
2025-06-14 21:05:57.603000,f8:a2:fd:ea:fb:80, -0.097, 0.796, -1.111, 82.458, 146.606, -35.706, 78.986, 12.832, -132.144, -23.793, -51.953, 42.593, 31.15, -0.24603, -0.27512, 0.5278, 0.76492
2025-06-14 21:05:57.723000,f8:a2:fd:ea:fb:80, -0.126, 1.077, -0.137, 64.026, 86.731, -8.423, 91.637, 14.557, -125.502, -33.540, -48.347, 43.340, 31.15, -0.24603, -0.27512, 0.5278, 0.76492
2025-06-14 21:05:57.843000,f8:a2:fd:ea:fb:80, -0.136, 1.01, -0.243, 35.461, 13.123, -7.935, 98.064, 14.678, -123.734, -33.540, -48.347, 43.340, 31.15, -0.21466, -0.42661, 0.6275, 0.61484
2025-06-14 21:05:57.904000,f8:a2:fd:ea:fb:80, -0.184, 0.982, -0.271, 45.044, -23.193, -5.859, 101.81, 15.255, -126.255, -33.540, -48.347, 43.340, 31.15, -0.21466, -0.42661, 0.6275, 0.61484
2025-06-14 21:05:58.023000,f8:a2:fd:ea:fb:80, -0.467, 0.878, -0.168, 79.346, -15.991, -17.944, 107.26, 16.342, -128.985, -29.127, -33.593, 49.513, 31.15, -0.09708, -0.44693, 0.72281, 0.51794
2025-06-14 21:05:58.113000,f8:a2:fd:ea:fb:80, 0.363, 1.367, 0.109, 146.057, -33.875, -40.71, 118.652, 19.072, -128.018, -29.127, -33.593, 49.513, 31.15, -0.09708, -0.44693, 0.72281, 0.51794
2025-06-14 21:05:58.204000,f8:a2:fd:ea:fb:80, 0.037, 1.555, -0.012, 182.861, -74.89, -38.025, 134.594, 27.07, -131.781, -29.127, -33.593, 49.513, 31.15, -0.09708, -0.44693, 0.72281, 0.51794
2025-06-14 21:05:58.325000,f8:a2:fd:ea:fb:80, -0.368, 0.439, 0.144, -116.943, 27.222, 31.982, 136.132, 28.559, -135.165, -16.560, -14.500, 59.453, 31.15, -0.05057, -0.3985, 0.73239, 0.54965
2025-06-14 21:05:58.444000,f8:a2:fd:ea:fb:80, -0.541, 0.723, 0.034, -305.481, -18.25, 96.619, 111.544, 20.468, -137.153, -16.560, -14.500, 59.453, 31.15, -0.05057, -0.3985, 0.73239, 0.54965
2025-06-14 21:05:58.504000,f8:a2:fd:ea:fb:80, -0.605, 1.517, -1.339, -307.678, 22.827, 82.397, 78.525, 11.168, -142.366, -16.560, -14.500, 59.453, 31.15, -0.05057, -0.3985, 0.73239, 0.54965
2025-06-14 21:05:58.623000,f8:a2:fd:ea:fb:80, -0.535, 0.741, -1.34, 37.659, -6.714, -1.709, 65.825, 7.817, -140.372, -24.367, -57.780, 33.833, 31.15, -0.23099, -0.29126, 0.52594, 0.76489
2025-06-14 21:05:58.714000,f8:a2:fd:ea:fb:80, -0.204, 1.189, -0.634, 109.863, 98.328, -29.358, 79.354, 14.019, -133.286, -24.367, -57.780, 33.833, 31.15, -0.23099, -0.29126, 0.52594, 0.76489
2025-06-14 21:05:58.825000,f8:a2:fd:ea:fb:80, -0.186, 1.043, -0.227, 61.768, 91.003, -11.536, 91.983, 15.974, -126.573, -24.367, -57.780, 33.833, 31.15, -0.23099, -0.29126, 0.52594, 0.76489
2025-06-14 21:05:58.925000,f8:a2:fd:ea:fb:80, -0.256, 1.013, -0.206, 33.691, 6.836, -3.296, 98.234, 16.183, -122.981, -31.400, -50.420, 44.460, 31.15, -0.20319, -0.43842, 0.62756, 0.61038
2025-06-14 21:05:59.014000,f8:a2:fd:ea:fb:80, -0.161, 0.944, -0.238, 50.476, -24.536, -1.892, 102.14, 16.32, -124.623, -31.400, -50.420, 44.460, 31.15, -0.20319, -0.43842, 0.62756, 0.61038
2025-06-14 21:05:59.104000,f8:a2:fd:ea:fb:80, -0.288, 1.054, -0.196, 98.083, 30.212, -31.128, 109.237, 17.43, -125.217, -26.793, -31.693, 49.273, 31.15, -0.20319, -0.43842, 0.62756, 0.61038
2025-06-14 21:05:59.222000,f8:a2:fd:ea:fb:80, -0.078, 1.94, 0.415, 191.65, -55.359, -46.448, 123.464, 20.792, -124.354, -26.793, -31.693, 49.273, 31.15, -0.0394, -0.47906, 0.74203, 0.46713
2025-06-14 21:05:59.344000,f8:a2:fd:ea:fb:80, 0.023, 1.313, 0.224, 142.456, -45.715, -52.551, 139.9, 29.031, -126.584, -26.793, -31.693, 49.273, 31.15, -0.0394, -0.47906, 0.74203, 0.46713
2025-06-14 21:05:59.404000,f8:a2:fd:ea:fb:80, -0.498, 0.211, 0.026, -154.968, 92.102, 25.146, 135.873, 26.856, -127.035, -23.400, -25.240, 56.293, 31.15, -0.0394, -0.47906, 0.74203, 0.46713
2025-06-14 21:05:59.523000,f8:a2:fd:ea:fb:80, -0.574, 0.702, 0.006, -298.645, -49.744, 75.256, 108.699, 19.902, -130.045, -23.400, -25.240, 56.293, 31.15, -0.13635, -0.3931, 0.65375, 0.63199
2025-06-14 21:05:59.614000,f8:a2:fd:ea:fb:80, -0.79, 1.58, -1.227, -294.739, -20.264, 96.741, 76.569, 11.717, -138.521, -23.400, -25.240, 56.293, 31.15, -0.13635, -0.3931, 0.65375, 0.63199
2025-06-14 21:05:59.703000,f8:a2:fd:ea:fb:80, -0.95, 0.699, -1.455, 75.378, 16.785, -19.043, 70.648, 9.684, -137.192, -25.920, -57.700, 34.847, 31.15, -0.13635, -0.3931, 0.65375, 0.63199
2025-06-14 21:05:59.823000,f8:a2:fd:ea:fb:80, -0.046, 1.255, 0.198, 108.398, 44.861, -16.296, 84.803, 15.117, -129.836, -25.920, -57.700, 34.847, 31.15, -0.22705, -0.38333, 0.57492, 0.68619
2025-06-14 21:05:59.913000,f8:a2:fd:ea:fb:80, -0.108, 1.022, -0.219, 44.189, 36.438, -5.31, 93.977, 15.568, -125.156, -25.920, -57.700, 34.847, 31.15, -0.22705, -0.38333, 0.57492, 0.68619
2025-06-14 21:06:00.003000,f8:a2:fd:ea:fb:80, -0.156, 0.965, -0.196, 39.307, -23.376, -3.845, 98.141, 15.683, -126.31, -29.753, -45.233, 48.307, 31.15, -0.22705, -0.38333, 0.57492, 0.68619
2025-06-14 21:06:00.126000,f8:a2:fd:ea:fb:80, -0.322, 0.989, -0.229, 67.017, -5.31, -11.414, 102.733, 16.243, -128.557, -29.753, -45.233, 48.307, 31.15, -0.22705, -0.38333, 0.57492, 0.68619
2025-06-14 21:06:00.212000,f8:a2:fd:ea:fb:80, 0.019, 1.249, -0.106, 98.328, 45.044, -39.124, 110.83, 17.457, -127.864, -29.753, -45.233, 48.307, 31.15, -0.16193, -0.41669, 0.66553, 0.59756
2025-06-14 21:06:00.303000,f8:a2:fd:ea:fb:80, 0.226, 1.798, 0.279, 197.51, -93.384, -59.326, 124.536, 21.594, -126.766, -29.753, -45.233, 48.307, 31.15, -0.16193, -0.41669, 0.66553, 0.59756
2025-06-14 21:06:00.422000,f8:a2:fd:ea:fb:80, -0.071, 0.752, -0.462, 112.183, -32.471, -23.193, 140.279, 30.388, -129.413, -16.387, -15.173, 56.300, 31.15, 0.06967, -0.45572, 0.78265, 0.41809
2025-06-14 21:06:00.543000,f8:a2:fd:ea:fb:80, -0.774, 0.291, 0.072, -185.181, 84.045, 46.814, 132.946, 27.153, -131.298, -16.387, -15.173, 56.300, 31.15, 0.06967, -0.45572, 0.78265, 0.41809
2025-06-14 21:06:00.604000,f8:a2:fd:ea:fb:80, -0.728, 0.827, -0.052, -310.364, -81.238, 96.68, 104.073, 18.424, -135.478, -16.387, -15.173, 56.300, 31.15, 0.06967, -0.45572, 0.78265, 0.41809
2025-06-14 21:06:00.724000,f8:a2:fd:ea:fb:80, -0.787, 1.332, -1.324, -267.395, 9.766, 80.2, 72.729, 9.185, -143.24, -22.193, -49.093, 47.887, 31.15, -0.24286, -0.23154, 0.49036, 0.80426
2025-06-14 21:06:00.815000,f8:a2:fd:ea:fb:80, -0.128, 0.93, -0.61, 111.511, 25.94, -31.921, 68.005, 9.509, -138.867, -22.193, -49.093, 47.887, 31.15, -0.24286, -0.23154, 0.49036, 0.80426
2025-06-14 21:06:00.903000,f8:a2:fd:ea:fb:80, -0.3, 1.04, -0.171, 96.802, 40.161, -4.883, 81.628, 15.062, -130.721, -28.553, -55.667, 40.367, 31.15, -0.24286, -0.23154, 0.49036, 0.80426
2025-06-14 21:06:01.024000,f8:a2:fd:ea:fb:80, -0.092, 0.998, -0.06, 50.598, 62.988, -6.348, 91.395, 15.798, -126.118, -28.553, -55.667, 40.367, 31.15, -0.22421, -0.41153, 0.59277, 0.65488
2025-06-14 21:06:01.114000,f8:a2:fd:ea:fb:80, -0.18, 0.977, -0.253, 42.603, -17.273, -4.089, 96.746, 15.969, -124.887, -28.553, -55.667, 40.367, 31.15, -0.22421, -0.41153, 0.59277, 0.65488
2025-06-14 21:06:01.204000,f8:a2:fd:ea:fb:80, -0.225, 1.014, -0.254, 54.199, -21.545, -8.179, 100.992, 16.403, -126.969, -28.367, -42.460, 48.500, 31.15, -0.22421, -0.41153, 0.59277, 0.65488
2025-06-14 21:06:01.355000,f8:a2:fd:ea:fb:80, -0.065, 1.278, -0.136, 105.835, 53.284, -35.706, 109.374, 17.853, -126.09, -28.367, -42.460, 48.500, 31.15, -0.15161, -0.43512, 0.67105, 0.58075
2025-06-14 21:06:01.414000,f8:a2:fd:ea:fb:80, -0.039, 1.909, 0.309, 204.895, -101.746, -61.523, 124.958, 23.258, -127.826, -28.367, -42.460, 48.500, 31.15, -0.15161, -0.43512, 0.67105, 0.58075
2025-06-14 21:06:01.564000,f8:a2:fd:ea:fb:80, -0.068, 0.644, -0.624, 104.431, -32.532, -27.954, 138.686, 30.861, -132.127, -17.160, -16.927, 56.353, 31.15, 0.0806, -0.43616, 0.79196, 0.41946
2025-06-14 21:06:01.654000,f8:a2:fd:ea:fb:80, -0.622, 0.515, 0.088, -173.218, 85.266, 60.12, 129.331, 24.423, -133.797, -17.160, -16.927, 56.353, 31.15, 0.0806, -0.43616, 0.79196, 0.41946
2025-06-14 21:06:01.774000,f8:a2:fd:ea:fb:80, -0.792, 0.928, 0.079, -290.771, -93.506, 93.018, 100.366, 16.221, -139.268, -17.160, -16.927, 56.353, 31.15, 0.0806, -0.43616, 0.79196, 0.41946
2025-06-14 21:06:01.864000,f8:a2:fd:ea:fb:80, -0.383, 1.234, -1.574, -221.008, -6.47, 56.946, 69.862, 7.251, -144.778, -22.413, -48.807, 47.493, 31.15, 0.0806, -0.43616, 0.79196, 0.41946
2025-06-14 21:06:01.952000,f8:a2:fd:ea:fb:80, -0.191, 2.173, 0.74, 130.31, 3.418, -36.804, 69.456, 9.992, -139.905, -22.413, -48.807, 47.493, 31.15, -0.23148, -0.26572, 0.51282, 0.78278
2025-06-14 21:06:02.044000,f8:a2:fd:ea:fb:80, -0.18, 1.172, -0.127, 103.821, -31.128, -4.395, 83.776, 14.464, -134.731, -22.413, -48.807, 47.493, 31.15, -0.23148, -0.26572, 0.51282, 0.78278
2025-06-14 21:06:02.135000,f8:a2:fd:ea:fb:80, -0.08, 0.998, -0.145, 43.579, -13.123, -7.385, 91.357, 15.287, -133.572, -27.567, -49.760, 49.407, 31.15, -0.23148, -0.26572, 0.51282, 0.78278
2025-06-14 21:06:02.252000,f8:a2:fd:ea:fb:80, -0.217, 0.973, -0.2, 38.635, -1.282, -15.381, 95.422, 16.095, -134.231, -27.567, -49.760, 49.407, 31.15, -0.16248, -0.37213, 0.63925, 0.65295
2025-06-14 21:06:02.342000,f8:a2:fd:ea:fb:80, -0.588, 1.049, -0.109, 54.626, 2.014, -17.822, 100.558, 17.128, -133.951, -27.567, -49.760, 49.407, 31.15, -0.16248, -0.37213, 0.63925, 0.65295
2025-06-14 21:06:02.494000,f8:a2:fd:ea:fb:80, 0.193, 1.215, 0.027, 142.7, 25.146, -49.988, 110.643, 19.083, -130.864, -23.440, -30.280, 53.380, 31.15, -0.16248, -0.37213, 0.63925, 0.65295
2025-06-14 21:06:02.554000,f8:a2:fd:ea:fb:80, -0.145, 1.622, -0.854, 209.351, -66.895, -76.111, 126.854, 26.741, -133.808, -23.440, -30.280, 53.380, 31.15, 0.01953, -0.43646, 0.75974, 0.48145
2025-06-14 21:06:02.644000,f8:a2:fd:ea:fb:80, -0.077, 0.515, 0.005, 10.315, 9.216, 4.883, 138.021, 32.421, -136.511, -23.440, -30.280, 53.380, 31.15, 0.01953, -0.43646, 0.75974, 0.48145
2025-06-14 21:06:02.735000,f8:a2:fd:ea:fb:80, -0.633, 0.479, -0.065, -228.333, 77.271, 65.735, 124.217, 24.917, -136.725, -23.440, -30.280, 53.380, 31.15, 0.01953, -0.43646, 0.75974, 0.48145
2025-06-14 21:06:02.854000,f8:a2:fd:ea:fb:80, -0.62, 1.396, -0.474, -298.645, -122.803, 109.619, 92.763, 15.227, -142.91, -21.247, -31.233, 58.107, 31.15, -0.18967, -0.24127, 0.56107, 0.76871
2025-06-14 21:06:02.944000,f8:a2:fd:ea:fb:80, -0.219, 1.126, -1.636, -175.293, 36.865, 43.701, 67.445, 7.679, -142.575, -21.247, -31.233, 58.107, 31.15, -0.18967, -0.24127, 0.56107, 0.76871
2025-06-14 21:06:03.034000,f8:a2:fd:ea:fb:80, -0.107, 1.813, 0.797, 120.728, 46.875, -37.72, 74.097, 11.206, -138.505, -27.140, -55.413, 37.467, 31.15, -0.18967, -0.24127, 0.56107, 0.76871
2025-06-14 21:06:03.183000,f8:a2:fd:ea:fb:80, -0.001, 1.207, -0.192, 103.088, -20.386, 1.343, 87.215, 15.233, -129.397, -27.140, -55.413, 37.467, 31.15, -0.22012, -0.39056, 0.59076, 0.67075
2025-06-14 21:06:03.274000,f8:a2:fd:ea:fb:80, -0.124, 1.083, -0.205, 47.729, -1.16, -7.874, 94.861, 15.474, -126.634, -27.140, -55.413, 37.467, 31.15, -0.22012, -0.39056, 0.59076, 0.67075
2025-06-14 21:06:03.335000,f8:a2:fd:ea:fb:80, -0.221, 0.988, -0.195, 41.077, -3.54, -8.179, 99.058, 15.947, -126.31, -32.773, -44.627, 46.653, 31.15, -0.22012, -0.39056, 0.59076, 0.67075
2025-06-14 21:06:03.453000,f8:a2:fd:ea:fb:80, -0.192, 1.088, -0.199, 61.157, -12.756, -11.597, 104.161, 16.573, -127.562, -32.773, -44.627, 46.653, 31.15, -0.16837, -0.42407, 0.65961, 0.59717
2025-06-14 21:06:03.544000,f8:a2:fd:ea:fb:80, -0.009, 1.371, -0.085, 145.325, 6.836, -39.429, 114.868, 18.495, -125.085, -32.773, -44.627, 46.653, 31.15, -0.16837, -0.42407, 0.65961, 0.59717
2025-06-14 21:06:03.634000,f8:a2:fd:ea:fb:80, -0.137, 1.848, -0.763, 223.633, -83.252, -76.355, 131.402, 27.285, -130.369, -19.827, -19.073, 56.227, 31.15, -0.16837, -0.42407, 0.65961, 0.59717
2025-06-14 21:06:03.755000,f8:a2:fd:ea:fb:80, -0.213, 0.448, 0.123, -34.546, 19.592, 18.86, 139.905, 31.393, -132.484, -19.827, -19.073, 56.227, 31.15, 0.08392, -0.44525, 0.78864, 0.4155
2025-06-14 21:06:03.843000,f8:a2:fd:ea:fb:80, -0.506, 0.432, -0.039, -240.967, 26.245, 69.824, 123.712, 23.928, -133.319, -19.827, -19.073, 56.227, 31.15, 0.08392, -0.44525, 0.78864, 0.4155
2025-06-14 21:06:03.936000,f8:a2:fd:ea:fb:80, -0.609, 1.302, -0.719, -296.082, -118.042, 109.558, 92.538, 16.21, -140.85, -21.953, -44.847, 51.247, 31.15, 0.08392, -0.44525, 0.78864, 0.4155
2025-06-14 21:06:04.054000,f8:a2:fd:ea:fb:80, -0.504, 1.018, -1.811, -112.061, -19.348, 39.673, 67.577, 7.218, -143.278, -21.953, -44.847, 51.247, 31.15, -0.22217, -0.22876, 0.51855, 0.79327
2025-06-14 21:06:04.144000,f8:a2:fd:ea:fb:80, -0.075, 0.812, -0.165, 76.782, 125.793, -49.683, 74.542, 11.536, -137.95, -21.953, -44.847, 51.247, 31.15, -0.22217, -0.22876, 0.51855, 0.79327
2025-06-14 21:06:04.265000,f8:a2:fd:ea:fb:80, -0.138, 1.091, -0.094, 73.12, 13.428, -5.432, 86.446, 14.398, -132.336, -28.740, -51.527, 44.587, 31.15, -0.22217, -0.22876, 0.51855, 0.79327
2025-06-14 21:06:04.355000,f8:a2:fd:ea:fb:80, -0.178, 1.003, -0.221, 41.26, 8.972, -10.01, 93.84, 15.255, -128.666, -28.740, -51.527, 44.587, 31.15, -0.20731, -0.39343, 0.61093, 0.65488
2025-06-14 21:06:04.443000,f8:a2:fd:ea:fb:80, -0.273, 0.962, -0.201, 37.842, -12.329, -7.385, 97.734, 15.82, -129.43, -28.740, -51.527, 44.587, 31.15, -0.20731, -0.39343, 0.61093, 0.65488
2025-06-14 21:06:04.535000,f8:a2:fd:ea:fb:80, -0.256, 0.964, -0.153, 71.655, -4.883, -21.667, 102.75, 16.732, -131.199, -27.880, -36.753, 50.600, 31.15, -0.20731, -0.39343, 0.61093, 0.65488
2025-06-14 21:06:04.684000,f8:a2:fd:ea:fb:80, -0.102, 1.623, 0.085, 170.593, -33.325, -52.795, 114.538, 19.891, -128.979, -27.880, -36.753, 50.600, 31.15, -0.07953, -0.44385, 0.71725, 0.53116
2025-06-14 21:06:04.744000,f8:a2:fd:ea:fb:80, -0.049, 1.975, -0.91, 211.853, -62.439, -78.064, 131.583, 29.663, -133.764, -27.880, -36.753, 50.600, 31.15, -0.07953, -0.44385, 0.71725, 0.53116
2025-06-14 21:06:04.835000,f8:a2:fd:ea:fb:80, -0.157, 0.342, 0.039, -49.438, 34.424, 17.029, 136.884, 31.174, -134.341, -15.127, -36.753, 50.600, 31.15, -0.07953, -0.44385, 0.71725, 0.53116
2025-06-14 21:06:04.953000,f8:a2:fd:ea:fb:80, -0.6, 0.453, -0.051, -239.502, 25.574, 78.491, 118.394, 23.456, -135.604, -15.127, -14.740, 59.560, 31.15, -0.08841, -0.37549, 0.69266, 0.60934
2025-06-14 21:06:05.043000,f8:a2:fd:ea:fb:80, -0.511, 1.41, -0.791, -303.162, -108.704, 109.924, 86.479, 14.095, -143.992, -15.127, -14.740, 59.560, 31.15, -0.08841, -0.37549, 0.69266, 0.60934
2025-06-14 21:06:05.135000,f8:a2:fd:ea:fb:80, -0.395, 1.071, -1.879, -87.646, 21.973, 25.757, 66.703, 8.086, -141.658, -15.127, -14.740, 59.560, 31.15, -0.08841, -0.37549, 0.69266, 0.60934
2025-06-14 21:06:05.255000,f8:a2:fd:ea:fb:80, -0.048, 0.763, -1.06, 78.796, 123.962, -37.842, 78.668, 14.491, -133.171, -24.813, -57.453, 35.967, 31.15, -0.08841, -0.37549, 0.69266, 0.60934
2025-06-14 21:06:05.374000,f8:a2:fd:ea:fb:80, -0.17, 1.112, -0.093, 68.298, 35.767, -8.179, 89.846, 15.716, -128.425, -24.813, -57.453, 35.967, 31.15, -0.22641, -0.36932, 0.5632, 0.70358
2025-06-14 21:06:05.464000,f8:a2:fd:ea:fb:80, -0.112, 1.005, -0.2, 44.739, -13.123, -4.395, 95.867, 16.111, -125.826, -24.813, -57.453, 35.967, 31.15, -0.22641, -0.36932, 0.5632, 0.70358
2025-06-14 21:06:05.554000,f8:a2:fd:ea:fb:80, -0.3, 1.009, -0.195, 57.922, -33.813, -5.676, 99.899, 16.655, -128.776, -28.587, -41.587, 49.447, 31.15, -0.22641, -0.36932, 0.5632, 0.70358
2025-06-14 21:06:05.645000,f8:a2:fd:ea:fb:80, -0.167, 1.147, -0.172, 96.313, 37.598, -36.621, 106.749, 17.902, -129.353, -28.587, -41.587, 49.447, 31.15, -0.13043, -0.43781, 0.68637, 0.56577
2025-06-14 21:06:05.769000,f8:a2:fd:ea:fb:80, -0.021, 2.078, 0.438, 189.453, -76.294, -55.115, 120.421, 22.181, -128.76, -28.587, -41.587, 49.447, 31.15, -0.13043, -0.43781, 0.68637, 0.56577
2025-06-14 21:06:05.885000,f8:a2:fd:ea:fb:80, -0.11, 1.008, 0.206, 145.386, -70.557, -52.979, 137.126, 30.569, -131.226, -15.233, -14.893, 57.700, 31.15, -0.13043, -0.43781, 0.68637, 0.56577
2025-06-14 21:06:05.973000,f8:a2:fd:ea:fb:80, -0.411, 0.411, 0.144, -146.851, 61.523, 37.476, 134.94, 30.399, -133.539, -15.233, -14.893, 57.700, 31.15, 0.03583, -0.44064, 0.76578, 0.46695
2025-06-14 21:06:06.094000,f8:a2:fd:ea:fb:80, -0.5, 0.76, -0.04, -298.34, -40.771, 98.328, 109.133, 21.703, -136.044, -15.233, -14.893, 57.700, 31.15, 0.03583, -0.44064, 0.76578, 0.46695
2025-06-14 21:06:06.183000,f8:a2:fd:ea:fb:80, -0.469, 1.44, -1.399, -291.077, 25.33, 92.896, 77.272, 12.491, -143.399, -23.627, -56.667, 36.767, 31.15, 0.03583, -0.44064, 0.76578, 0.46695
2025-06-14 21:06:06.273000,f8:a2:fd:ea:fb:80, -0.478, 0.691, -1.644, 78.979, -12.146, 5.127, 68.203, 9.415, -140.515, -23.627, -56.667, 36.767, 31.15, -0.22705, -0.26865, 0.52155, 0.77728
2025-06-14 21:06:06.368000,f8:a2:fd:ea:fb:80, -0.118, 1.119, 0.098, 114.929, 56.396, -9.094, 81.892, 16.029, -129.556, -23.627, -56.667, 36.767, 31.15, -0.22705, -0.26865, 0.52155, 0.77728
2025-06-14 21:06:06.484000,f8:a2:fd:ea:fb:80, -0.155, 0.998, -0.117, 49.622, 54.565, -5.737, 92.681, 16.441, -125.596, -31.680, -50.673, 43.393, 31.15, -0.20215, -0.42926, 0.61758, 0.62717
2025-06-14 21:06:06.574000,f8:a2:fd:ea:fb:80, -0.208, 0.998, -0.228, 41.992, -14.648, -5.92, 98.097, 16.804, -125.118, -31.680, -50.673, 43.393, 31.15, -0.20215, -0.42926, 0.61758, 0.62717
2025-06-14 21:06:06.664000,f8:a2:fd:ea:fb:80, -0.251, 0.969, -0.208, 57.983, -15.93, -9.094, 102.607, 17.271, -127.024, -31.680, -50.673, 43.393, 31.15, -0.20215, -0.42926, 0.61758, 0.62717
2025-06-14 21:06:06.810000,f8:a2:fd:ea:fb:80, -0.037, 1.217, -0.151, 106.995, 42.236, -40.283, 110.956, 18.792, -125.019, -27.440, -33.680, 48.607, 31.15, -0.20215, -0.42926, 0.61758, 0.62717
2025-06-14 21:06:06.874000,f8:a2:fd:ea:fb:80, 0.013, 1.875, 0.32, 213.684, -116.455, -58.167, 125.92, 24.12, -126.672, -27.440, -33.680, 48.607, 31.15, 0.00156, -0.47476, 0.74768, 0.46414
2025-06-14 21:06:06.964000,f8:a2:fd:ea:fb:80, -0.058, 0.678, -0.478, 93.628, -34.363, -8.423, 139.257, 31.536, -130.957, -27.440, -33.680, 48.607, 31.15, 0.00156, -0.47476, 0.74768, 0.46414
2025-06-14 21:06:07.114000,f8:a2:fd:ea:fb:80, -0.708, 0.333, 0.058, -180.298, 57.983, 66.223, 127.914, 26.268, -133.995, -21.820, -30.873, 57.647, 31.15, 0.00156, -0.47476, 0.74768, 0.46414
2025-06-14 21:06:07.174000,f8:a2:fd:ea:fb:80, -0.767, 0.854, 0.062, -291.748, -93.018, 110.291, 98.399, 17.056, -140.779, -21.820, -30.873, 57.647, 31.15, -0.15207, -0.26263, 0.60483, 0.73618
2025-06-14 21:06:07.263000,f8:a2:fd:ea:fb:80, -0.261, 1.317, -1.413, -253.845, 25.696, 81.36, 69.725, 7.553, -144.706, -21.820, -30.873, 57.647, 31.15, -0.15207, -0.26263, 0.60483, 0.73618
2025-06-14 21:06:07.383000,f8:a2:fd:ea:fb:80, 0.008, 1.919, 0.806, 106.628, 57.495, -35.767, 71.603, 10.426, -139.427, -21.820, -30.873, 57.647, 31.15, -0.15207, -0.26263, 0.60483, 0.73618
2025-06-14 21:06:07.474000,f8:a2:fd:ea:fb:80, -0.205, 1.108, -0.239, 81.909, 10.193, -5.005, 84.771, 14.518, -133, -28.760, -51.633, 44.953, 31.15, -0.15207, -0.26263, 0.60483, 0.73618
2025-06-14 21:06:07.563000,f8:a2:fd:ea:fb:80, -0.148, 1.069, -0.208, 51.88, 11.047, -11.536, 92.856, 15.474, -128.287, -28.760, -51.633, 44.953, 31.15, -0.20474, -0.40405, 0.61365, 0.64664
2025-06-14 21:06:07.684000,f8:a2:fd:ea:fb:80, -0.108, 0.963, -0.202, 35.583, -13.916, -7.69, 97.256, 16.144, -128.507, -28.760, -51.633, 44.953, 31.15, -0.20474, -0.40405, 0.61365, 0.64664
2025-06-14 21:06:07.775000,f8:a2:fd:ea:fb:80, -0.375, 1.005, -0.17, 62.5, 6.775, -19.775, 101.728, 16.93, -131.166, -26.833, -36.327, 50.453, 31.15, -0.20474, -0.40405, 0.61365, 0.64664
2025-06-14 21:06:07.864000,f8:a2:fd:ea:fb:80, -0.317, 1.417, -0.013, 155.518, -17.944, -44.067, 112.187, 19.045, -128.639, -26.833, -36.327, 50.453, 31.15, -0.11005, -0.43912, 0.70065, 0.55139
2025-06-14 21:06:07.984000,f8:a2:fd:ea:fb:80, -0.347, 1.78, -0.707, 187.256, -30.823, -82.092, 127.776, 26.559, -132.259, -26.833, -36.327, 50.453, 31.15, -0.11005, -0.43912, 0.70065, 0.55139
2025-06-14 21:06:08.075000,f8:a2:fd:ea:fb:80, -0.083, 0.478, 0.079, -10.986, -16.052, 16.174, 137.159, 31.657, -134.901, -14.300, -14.287, 59.193, 31.15, -0.11005, -0.43912, 0.70065, 0.55139
2025-06-14 21:06:08.164000,f8:a2:fd:ea:fb:80, -0.634, 0.479, -0.115, -227.539, 38.269, 84.778, 121.108, 24.637, -137.417, -14.300, -14.287, 59.193, 31.15, -0.00122, -0.40662, 0.75461, 0.51492
2025-06-14 21:06:08.284000,f8:a2:fd:ea:fb:80, -0.729, 1.33, -0.533, -283.081, -135.986, 118.408, 90.648, 13.81, -145.228, -14.300, -14.287, 59.193, 31.15, -0.00122, -0.40662, 0.75461, 0.51492
2025-06-14 21:06:08.375000,f8:a2:fd:ea:fb:80, -0.016, 0.999, -1.562, -145.691, 17.334, 50.476, 67.203, 5.85, -143.058, -24.640, -55.420, 38.180, 31.15, -0.00122, -0.40662, 0.75461, 0.51492
2025-06-14 21:06:08.494000,f8:a2:fd:ea:fb:80, -0.057, 1.581, 0.463, 97.229, 97.839, -47.791, 74.861, 9.838, -138.999, -24.640, -55.420, 38.180, 31.15, -0.23584, -0.32486, 0.54645, 0.73495
2025-06-14 21:06:08.584000,f8:a2:fd:ea:fb:80, -0.131, 1.134, -0.18, 90.271, -3.296, -6.653, 87.264, 14.551, -130.49, -24.640, -55.420, 38.180, 31.15, -0.23584, -0.32486, 0.54645, 0.73495
2025-06-14 21:06:08.675000,f8:a2:fd:ea:fb:80, -0.188, 1.009, -0.216, 51.819, 0, -10.864, 95.098, 15.513, -126.59, -32.547, -46.740, 45.693, 31.15, -0.23584, -0.32486, 0.54645, 0.73495
2025-06-14 21:06:08.764000,f8:a2:fd:ea:fb:80, -0.191, 0.979, -0.214, 42.114, -12.634, -7.263, 99.454, 16.177, -127.326, -32.547, -46.740, 45.693, 31.15, -0.18768, -0.41663, 0.6366, 0.62115
2025-06-14 21:06:08.883000,f8:a2:fd:ea:fb:80, -0.247, 0.882, -0.135, 75.317, -16.968, -20.02, 104.617, 17.325, -129.963, -32.547, -46.740, 45.693, 31.15, -0.18768, -0.41663, 0.6366, 0.62115
2025-06-14 21:06:08.974000,f8:a2:fd:ea:fb:80, -0.21, 1.624, 0.001, 167.297, -15.808, -44.434, 117.378, 20.094, -127.496, -25.447, -27.287, 50.707, 31.15, -0.18768, -0.41663, 0.6366, 0.62115
2025-06-14 21:06:09.065000,f8:a2:fd:ea:fb:80, -0.053, 1.689, -0.752, 197.083, -77.82, -71.533, 134.033, 29.361, -132.451, -25.447, -27.287, 50.707, 31.15, 0.08694, -0.44778, 0.78439, 0.42017
