时间,设备名称,加速度X(g),加速度Y(g),加速度Z(g),角速度X(°/s),角速度Y(°/s),角速度Z(°/s),角度X(°),角度Y(°),角度Z(°),磁场X(ʯt),磁场Y(ʯt),磁场Z(ʯt),温度(℃),四元数0(),四元数1(),四元数2(),四元数3()
2025-06-14 20:57:24.433000,f8:a2:fd:ea:fb:80, -0.213, 0.974, 0.004, -0.488, -0.793, 0, 89.368, 12.453, -145.426, -19.953, -44.287, 40.567, 30.69, -0.13712, -0.2814, 0.64462, 0.69739
2025-06-14 20:57:24.554000,f8:a2:fd:ea:fb:80, -0.218, 0.972, 0.005, 0, -0.305, 0, 89.363, 12.448, -145.41, -19.900, -44.447, 40.427, 30.69, -0.13712, -0.2814, 0.64462, 0.69739
2025-06-14 20:57:24.613000,f8:a2:fd:ea:fb:80, -0.211, 0.977, 0, -0.122, -0.488, 0, 89.39, 12.448, -145.371, -19.900, -44.447, 40.427, 30.69, -0.13712, -0.2814, 0.64462, 0.69739
2025-06-14 20:57:24.733000,f8:a2:fd:ea:fb:80, -0.213, 0.972, 0.001, -0.305, -0.366, 0, 89.385, 12.448, -145.366, -19.900, -44.447, 40.427, 30.69, -0.13754, -0.28165, 0.6445, 0.69733
2025-06-14 20:57:24.823000,f8:a2:fd:ea:fb:80, -0.213, 0.971, 0.003, -0.122, -0.793, 0, 89.374, 12.442, -145.366, -19.900, -44.447, 40.427, 30.69, -0.13754, -0.28165, 0.6445, 0.69733
2025-06-14 20:57:24.914000,f8:a2:fd:ea:fb:80, -0.218, 0.969, 0.006, -0.366, -0.366, 0, 89.363, 12.442, -145.366, -19.893, -44.447, 40.400, 30.69, -0.13754, -0.28165, 0.6445, 0.69733
2025-06-14 20:57:25.034000,f8:a2:fd:ea:fb:80, -0.214, 0.97, -0.002, -0.122, -0.122, 0, 89.374, 12.437, -145.355, -19.893, -44.447, 40.400, 30.69, -0.13766, -0.28168, 0.64441, 0.69736
2025-06-14 20:57:25.124000,f8:a2:fd:ea:fb:80, -0.216, 0.975, 0.003, -0.488, -0.549, 0, 89.374, 12.437, -145.355, -19.893, -44.447, 40.400, 30.69, -0.13766, -0.28168, 0.64441, 0.69736
2025-06-14 20:57:25.274000,f8:a2:fd:ea:fb:80, -0.211, 0.97, 0, 0, -0.183, 0, 89.379, 12.437, -145.338, -19.907, -44.413, 40.627, 30.69, -0.13766, -0.28168, 0.64441, 0.69736
2025-06-14 20:57:25.333000,f8:a2:fd:ea:fb:80, -0.212, 0.975, 0.005, -0.366, -0.671, 0, 89.385, 12.437, -145.322, -19.907, -44.413, 40.627, 30.69, -0.13785, -0.28183, 0.64444, 0.69724
2025-06-14 20:57:25.423000,f8:a2:fd:ea:fb:80, -0.214, 0.971, 0.006, 0, -0.549, 0, 89.379, 12.431, -145.355, -19.907, -44.413, 40.627, 30.72, -0.13785, -0.28183, 0.64444, 0.69724
2025-06-14 20:57:25.513000,f8:a2:fd:ea:fb:80, -0.215, 0.974, 0.005, -0.366, -0.977, 0, 89.385, 12.431, -145.382, -19.907, -44.413, 40.627, 30.72, -0.13785, -0.28183, 0.64444, 0.69724
2025-06-14 20:57:25.633000,f8:a2:fd:ea:fb:80, -0.215, 0.975, 0.004, -0.061, 0, 0, 89.379, 12.426, -145.41, -19.907, -44.413, 40.627, 30.72, -0.13785, -0.28183, 0.64444, 0.69724
2025-06-14 20:57:25.724000,f8:a2:fd:ea:fb:80, -0.209, 0.977, 0, 0.122, -0.183, 0, 89.434, 12.426, -145.388, -20.027, -44.347, 40.347, 30.72, -0.13785, -0.28183, 0.64444, 0.69724
2025-06-14 20:57:25.812000,f8:a2:fd:ea:fb:80, -0.215, 0.97, 0.002, -0.427, -0.671, 0, 89.412, 12.42, -145.415, -20.027, -44.347, 40.347, 30.72, -0.1373, -0.28128, 0.64487, 0.69717
2025-06-14 20:57:25.962000,f8:a2:fd:ea:fb:80, -0.209, 0.974, 0.001, -0.122, 0, 0, 89.401, 12.42, -145.426, -20.027, -44.347, 40.347, 30.72, -0.1373, -0.28128, 0.64487, 0.69717
2025-06-14 20:57:26.023000,f8:a2:fd:ea:fb:80, -0.213, 0.974, 0, -0.427, -0.916, 0, 89.396, 12.415, -145.464, -19.900, -44.453, 40.480, 30.72, -0.1373, -0.28128, 0.64487, 0.69717
2025-06-14 20:57:26.143000,f8:a2:fd:ea:fb:80, -0.213, 0.972, 0.004, -0.427, -0.671, 0, 89.357, 12.409, -145.508, -19.900, -44.453, 40.480, 30.72, -0.13696, -0.28058, 0.64471, 0.69766
2025-06-14 20:57:26.234000,f8:a2:fd:ea:fb:80, -0.215, 0.972, 0.006, -0.366, -0.488, 0, 89.33, 12.404, -145.53, -19.900, -44.453, 40.480, 30.72, -0.13696, -0.28058, 0.64471, 0.69766
2025-06-14 20:57:26.323000,f8:a2:fd:ea:fb:80, -0.214, 0.973, 0.002, -0.183, -0.244, 0, 89.324, 12.398, -145.508, -19.887, -44.520, 40.507, 30.72, -0.13696, -0.28058, 0.64471, 0.69766
2025-06-14 20:57:26.415000,f8:a2:fd:ea:fb:80, -0.213, 0.974, 0.003, -0.366, -0.549, 0, 89.324, 12.393, -145.503, -19.887, -44.520, 40.507, 30.72, -0.13718, -0.28052, 0.64456, 0.69778
2025-06-14 20:57:26.533000,f8:a2:fd:ea:fb:80, -0.21, 0.969, 0.005, -0.183, -0.61, 0, 89.313, 12.387, -145.492, -19.887, -44.520, 40.507, 30.72, -0.13718, -0.28052, 0.64456, 0.69778
2025-06-14 20:57:26.625000,f8:a2:fd:ea:fb:80, -0.21, 0.974, 0.006, -0.244, -0.671, 0, 89.302, 12.387, -145.503, -19.920, -44.433, 40.273, 30.72, -0.13718, -0.28052, 0.64456, 0.69778
2025-06-14 20:57:26.714000,f8:a2:fd:ea:fb:80, -0.213, 0.972, 0.009, 0, -0.793, 0, 89.291, 12.382, -145.514, -19.920, -44.433, 40.273, 30.72, -0.13724, -0.28036, 0.64444, 0.69794
2025-06-14 20:57:26.834000,f8:a2:fd:ea:fb:80, -0.215, 0.975, 0.006, 0.061, -0.488, 0, 89.302, 12.382, -145.497, -19.920, -44.433, 40.273, 30.72, -0.13724, -0.28036, 0.64444, 0.69794
2025-06-14 20:57:26.954000,f8:a2:fd:ea:fb:80, -0.215, 0.968, 0.001, -0.122, -0.61, 0, 89.302, 12.382, -145.503, -19.873, -44.373, 40.313, 30.72, -0.13724, -0.28036, 0.64444, 0.69794
2025-06-14 20:57:27.013000,f8:a2:fd:ea:fb:80, -0.211, 0.972, 0.003, 0, -0.305, 0, 89.313, 12.382, -145.475, -19.873, -44.373, 40.313, 30.72, -0.13739, -0.28058, 0.6445, 0.69778
2025-06-14 20:57:27.162000,f8:a2:fd:ea:fb:80, -0.215, 0.975, 0.001, -0.122, -0.427, 0, 89.341, 12.382, -145.448, -19.873, -44.373, 40.313, 30.72, -0.13739, -0.28058, 0.6445, 0.69778
2025-06-14 20:57:27.223000,f8:a2:fd:ea:fb:80, -0.21, 0.978, 0.002, -0.183, -0.244, 0, 89.341, 12.387, -145.437, -19.787, -44.527, 40.453, 30.72, -0.13739, -0.28058, 0.6445, 0.69778
2025-06-14 20:57:27.314000,f8:a2:fd:ea:fb:80, -0.214, 0.972, 0.003, 0, -0.427, 0, 89.352, 12.387, -145.443, -19.787, -44.527, 40.453, 30.72, -0.13751, -0.28082, 0.64465, 0.69751
2025-06-14 20:57:27.463000,f8:a2:fd:ea:fb:80, -0.214, 0.972, 0.002, 0, -0.488, 0, 89.374, 12.382, -145.443, -19.787, -44.527, 40.453, 30.72, -0.13751, -0.28082, 0.64465, 0.69751
2025-06-14 20:57:27.524000,f8:a2:fd:ea:fb:80, -0.217, 0.972, 0.004, -0.122, -0.366, 0, 89.39, 12.387, -145.448, -19.833, -44.480, 40.593, 30.72, -0.13751, -0.28082, 0.64465, 0.69751
2025-06-14 20:57:27.645000,f8:a2:fd:ea:fb:80, -0.209, 0.973, 0, -0.244, 0, 0, 89.407, 12.387, -145.432, -19.833, -44.480, 40.593, 30.72, -0.13742, -0.28094, 0.64496, 0.6972
2025-06-14 20:57:27.764000,f8:a2:fd:ea:fb:80, -0.213, 0.972, 0.002, -0.244, -0.183, 0, 89.396, 12.387, -145.453, -19.833, -44.480, 40.593, 30.72, -0.13742, -0.28094, 0.64496, 0.6972
2025-06-14 20:57:27.853000,f8:a2:fd:ea:fb:80, -0.213, 0.967, 0.001, 0.122, -0.366, 0, 89.407, 12.387, -145.448, -19.887, -44.573, 40.613, 30.72, -0.13742, -0.28094, 0.64496, 0.6972
2025-06-14 20:57:27.943000,f8:a2:fd:ea:fb:80, -0.213, 0.976, 0.006, -0.183, -0.549, 0, 89.418, 12.387, -145.459, -19.887, -44.573, 40.613, 30.72, -0.13718, -0.28079, 0.64511, 0.69717
2025-06-14 20:57:28.064000,f8:a2:fd:ea:fb:80, -0.212, 0.972, 0.003, -0.305, -0.671, 0, 89.407, 12.387, -145.475, -19.887, -44.573, 40.613, 30.72, -0.13718, -0.28079, 0.64511, 0.69717
2025-06-14 20:57:28.184000,f8:a2:fd:ea:fb:80, -0.204, 0.976, -0.001, 0, -0.671, 0, 89.396, 12.387, -145.519, -19.913, -44.387, 40.540, 30.72, -0.13718, -0.28079, 0.64511, 0.69717
2025-06-14 20:57:28.242000,f8:a2:fd:ea:fb:80, -0.222, 0.964, -0.02, -1.404, 2.014, 0.671, 89.39, 12.398, -145.547, -19.913, -44.387, 40.540, 30.72, -0.13718, -0.28079, 0.64511, 0.69717
2025-06-14 20:57:28.363000,f8:a2:fd:ea:fb:80, -0.211, 0.973, -0.005, -0.183, -0.488, 0.122, 89.379, 12.387, -145.536, -19.913, -44.387, 40.540, 30.72, -0.13718, -0.28079, 0.64511, 0.69717
2025-06-14 20:57:28.454000,f8:a2:fd:ea:fb:80, -0.221, 0.987, 0.002, -0.732, 0, 0.244, 89.374, 12.387, -145.53, -19.913, -44.387, 40.540, 30.72, -0.13681, -0.28033, 0.64505, 0.69748
2025-06-14 20:57:28.544000,f8:a2:fd:ea:fb:80, -0.21, 0.973, 0.006, -0.244, -0.549, -0.122, 89.352, 12.387, -145.53, -19.913, -44.387, 40.540, 30.72, -0.13681, -0.28033, 0.64505, 0.69748
2025-06-14 20:57:28.664000,f8:a2:fd:ea:fb:80, -0.213, 0.972, 0.003, -0.488, -0.427, 0.061, 89.352, 12.393, -145.525, -19.953, -44.487, 40.600, 30.72, -0.13699, -0.2804, 0.64474, 0.69772
2025-06-14 20:57:28.754000,f8:a2:fd:ea:fb:80, -0.211, 0.968, 0.002, -0.305, -0.732, 0, 89.335, 12.393, -145.525, -19.953, -44.487, 40.600, 30.72, -0.13699, -0.2804, 0.64474, 0.69772
2025-06-14 20:57:28.846000,f8:a2:fd:ea:fb:80, -0.213, 0.971, 0.006, -0.122, -0.427, 0, 89.335, 12.393, -145.508, -19.953, -44.487, 40.600, 30.72, -0.13699, -0.2804, 0.64474, 0.69772
2025-06-14 20:57:28.994000,f8:a2:fd:ea:fb:80, -0.211, 0.97, 0.001, -0.244, -0.732, 0, 89.33, 12.393, -145.503, -19.827, -44.660, 40.533, 30.72, -0.13715, -0.28049, 0.64453, 0.69785
2025-06-14 20:57:29.054000,f8:a2:fd:ea:fb:80, -0.213, 0.972, 0.004, -0.305, -0.305, 0, 89.313, 12.393, -145.503, -19.827, -44.660, 40.533, 30.72, -0.13715, -0.28049, 0.64453, 0.69785
2025-06-14 20:57:29.144000,f8:a2:fd:ea:fb:80, -0.211, 0.973, 0.003, -0.061, -0.61, 0, 89.313, 12.393, -145.481, -19.827, -44.660, 40.533, 30.72, -0.13715, -0.28049, 0.64453, 0.69785
2025-06-14 20:57:29.265000,f8:a2:fd:ea:fb:80, -0.215, 0.972, 0.008, -0.305, -0.916, 0, 89.297, 12.398, -145.503, -19.853, -44.480, 40.500, 30.72, -0.13724, -0.28049, 0.64435, 0.698
2025-06-14 20:57:29.384000,f8:a2:fd:ea:fb:80, -0.219, 0.972, 0.005, -0.244, -0.488, 0, 89.286, 12.398, -145.497, -19.853, -44.480, 40.500, 30.72, -0.13724, -0.28049, 0.64435, 0.698
2025-06-14 20:57:29.504000,f8:a2:fd:ea:fb:80, -0.217, 0.974, 0, -0.488, -0.366, 0, 89.275, 12.398, -145.492, -19.853, -44.480, 40.500, 30.72, -0.13724, -0.28049, 0.64435, 0.698
2025-06-14 20:57:29.565000,f8:a2:fd:ea:fb:80, -0.216, 0.979, 0.007, -0.122, -0.61, 0, 89.253, 12.398, -145.497, -19.953, -44.480, 40.207, 30.72, -0.13724, -0.28049, 0.64435, 0.698
2025-06-14 20:57:29.654000,f8:a2:fd:ea:fb:80, -0.212, 0.976, 0.005, -0.488, 0.183, 0, 89.236, 12.398, -145.481, -19.953, -44.480, 40.207, 30.72, -0.13745, -0.28052, 0.64401, 0.69824
2025-06-14 20:57:29.744000,f8:a2:fd:ea:fb:80, -0.218, 0.975, 0.007, -0.244, -0.793, 0, 89.225, 12.398, -145.503, -19.953, -44.480, 40.207, 30.72, -0.13745, -0.28052, 0.64401, 0.69824
2025-06-14 20:57:29.864000,f8:a2:fd:ea:fb:80, -0.217, 0.968, 0.005, -0.549, -0.488, 0, 89.203, 12.398, -145.503, -19.927, -44.387, 40.480, 30.72, -0.13751, -0.28043, 0.64383, 0.69846
2025-06-14 20:57:29.953000,f8:a2:fd:ea:fb:80, -0.211, 0.973, 0.003, -0.244, -0.366, 0, 89.198, 12.393, -145.486, -19.927, -44.387, 40.480, 30.72, -0.13751, -0.28043, 0.64383, 0.69846
2025-06-14 20:57:30.043000,f8:a2:fd:ea:fb:80, -0.215, 0.973, 0.01, -0.61, -0.671, 0.122, 89.16, 12.376, -145.508, -19.927, -44.387, 40.480, 30.72, -0.13751, -0.28043, 0.64383, 0.69846
2025-06-14 20:57:30.170000,f8:a2:fd:ea:fb:80, -0.21, 0.972, 0.006, -0.183, -0.305, 0, 89.149, 12.371, -145.497, -19.873, -44.673, 40.273, 30.72, -0.13751, -0.28043, 0.64383, 0.69846
2025-06-14 20:57:30.254000,f8:a2:fd:ea:fb:80, -0.208, 0.974, 0.007, -0.671, -0.793, 0.305, 89.121, 12.36, -145.497, -19.873, -44.673, 40.273, 30.72, -0.13791, -0.28018, 0.64343, 0.69882
2025-06-14 20:57:30.343000,f8:a2:fd:ea:fb:80, -0.213, 0.973, 0.007, -0.366, -0.854, 0.122, 89.083, 12.343, -145.514, -19.873, -44.673, 40.273, 30.72, -0.13791, -0.28018, 0.64343, 0.69882
2025-06-14 20:57:30.465000,f8:a2:fd:ea:fb:80, -0.209, 0.976, 0.009, -0.977, -0.366, 0.183, 89.05, 12.332, -145.541, -19.760, -44.733, 40.287, 30.72, -0.13794, -0.2793, 0.64301, 0.69958
2025-06-14 20:57:30.554000,f8:a2:fd:ea:fb:80, -0.211, 0.971, 0.006, -0.549, -0.854, 0.061, 88.995, 12.321, -145.585, -19.760, -44.733, 40.287, 30.72, -0.13794, -0.2793, 0.64301, 0.69958
2025-06-14 20:57:30.674000,f8:a2:fd:ea:fb:80, -0.221, 0.966, 0.012, -0.549, -0.305, -0.061, 88.956, 12.316, -145.613, -19.760, -44.733, 40.287, 30.72, -0.13794, -0.2793, 0.64301, 0.69958
2025-06-14 20:57:30.766000,f8:a2:fd:ea:fb:80, -0.214, 0.962, 0.003, -0.427, -0.61, 0, 88.934, 12.31, -145.596, -19.853, -44.447, 40.373, 30.72, -0.13794, -0.2793, 0.64301, 0.69958
2025-06-14 20:57:30.854000,f8:a2:fd:ea:fb:80, -0.211, 0.966, 0.004, -0.61, -1.343, 0, 88.879, 12.31, -145.624, -19.853, -44.447, 40.373, 30.72, -0.13797, -0.27881, 0.6424, 0.70032
2025-06-14 20:57:30.945000,f8:a2:fd:ea:fb:80, -0.215, 0.968, 0.011, -0.122, -0.732, 0, 88.835, 12.31, -145.651, -19.853, -44.447, 40.373, 30.72, -0.13797, -0.27881, 0.6424, 0.70032
2025-06-14 20:57:31.094000,f8:a2:fd:ea:fb:80, -0.214, 0.97, 0.014, -0.366, -0.916, 0, 88.813, 12.305, -145.662, -19.847, -44.940, 40.173, 30.72, -0.13794, -0.27844, 0.64203, 0.70081
2025-06-14 20:57:31.154000,f8:a2:fd:ea:fb:80, -0.213, 0.972, 0.017, -0.427, -0.366, 0, 88.792, 12.305, -145.668, -19.847, -44.940, 40.173, 30.72, -0.13794, -0.27844, 0.64203, 0.70081
2025-06-14 20:57:31.245000,f8:a2:fd:ea:fb:80, -0.209, 0.971, 0.01, 0, 0, 0, 88.797, 12.305, -145.679, -19.847, -44.940, 40.173, 30.72, -0.13794, -0.27844, 0.64203, 0.70081
2025-06-14 20:57:31.366000,f8:a2:fd:ea:fb:80, -0.209, 0.972, 0.011, 0, -0.183, 0, 88.813, 12.305, -145.673, -19.480, -44.780, 40.207, 30.72, -0.13785, -0.27844, 0.64221, 0.70065
2025-06-14 20:57:31.454000,f8:a2:fd:ea:fb:80, -0.214, 0.972, 0.012, 0, -0.427, 0, 88.83, 12.305, -145.673, -19.480, -44.780, 40.207, 30.72, -0.13785, -0.27844, 0.64221, 0.70065
2025-06-14 20:57:31.545000,f8:a2:fd:ea:fb:80, -0.215, 0.965, 0.008, 0, -0.366, 0, 88.852, 12.31, -145.679, -19.480, -44.780, 40.207, 30.72, -0.13785, -0.27844, 0.64221, 0.70065
2025-06-14 20:57:31.666000,f8:a2:fd:ea:fb:80, -0.216, 0.971, 0.014, 0, -0.305, 0, 88.868, 12.316, -145.668, -19.627, -44.633, 40.220, 30.72, -0.13785, -0.27844, 0.64221, 0.70065
2025-06-14 20:57:31.783000,f8:a2:fd:ea:fb:80, -0.218, 0.972, 0.012, 0.61, -0.061, 0, 88.94, 12.316, -145.624, -19.627, -44.633, 40.220, 30.72, -0.13776, -0.27881, 0.64267, 0.70013
2025-06-14 20:57:31.876000,f8:a2:fd:ea:fb:80, -0.213, 0.976, 0.015, 0.183, -0.427, 0, 88.989, 12.321, -145.591, -19.627, -44.633, 40.220, 30.72, -0.13776, -0.27881, 0.64267, 0.70013
2025-06-14 20:57:32.027000,f8:a2:fd:ea:fb:80, -0.213, 0.973, 0.007, 0.671, 0.183, 0, 89.072, 12.327, -145.558, -19.740, -44.633, 40.440, 30.72, -0.13776, -0.27881, 0.64267, 0.70013
2025-06-14 20:57:32.083000,f8:a2:fd:ea:fb:80, -0.216, 0.974, 0.003, 1.099, 0, 0, 89.187, 12.332, -145.525, -19.740, -44.633, 40.440, 30.72, -0.13766, -0.28003, 0.6442, 0.69824
2025-06-14 20:57:32.175000,f8:a2:fd:ea:fb:80, -0.213, 0.974, 0.002, 1.465, 0.366, -0.244, 89.346, 12.36, -145.47, -19.740, -44.633, 40.440, 30.72, -0.13766, -0.28003, 0.6442, 0.69824
2025-06-14 20:57:32.296000,f8:a2:fd:ea:fb:80, -0.219, 0.969, -0.001, 2.075, 0.061, -0.366, 89.544, 12.393, -145.377, -19.887, -44.547, 40.667, 30.72, -0.13766, -0.28003, 0.6442, 0.69824
2025-06-14 20:57:32.414000,f8:a2:fd:ea:fb:80, -0.215, 0.974, -0.001, 1.404, 0.305, -0.244, 89.742, 12.437, -145.305, -19.887, -44.547, 40.667, 30.72, -0.13705, -0.28259, 0.64673, 0.69498
2025-06-14 20:57:32.475000,f8:a2:fd:ea:fb:80, -0.213, 0.972, -0.006, 1.282, 0, -0.305, 89.918, 12.475, -145.217, -19.887, -44.547, 40.667, 30.72, -0.13705, -0.28259, 0.64673, 0.69498
2025-06-14 20:57:32.595000,f8:a2:fd:ea:fb:80, -0.211, 0.972, -0.011, 0.732, -0.122, -0.122, 90.055, 12.502, -145.146, -19.873, -44.640, 40.787, 30.72, -0.13684, -0.28452, 0.64822, 0.69284
2025-06-14 20:57:32.685000,f8:a2:fd:ea:fb:80, -0.216, 0.968, -0.012, 0.732, -0.427, -0.122, 90.143, 12.524, -145.091, -19.873, -44.640, 40.787, 30.72, -0.13684, -0.28452, 0.64822, 0.69284
2025-06-14 20:57:32.783000,f8:a2:fd:ea:fb:80, -0.22, 0.97, -0.013, 0.549, -0.305, 0, 90.231, 12.535, -145.031, -19.873, -44.640, 40.787, 30.72, -0.13684, -0.28452, 0.64822, 0.69284
2025-06-14 20:57:32.895000,f8:a2:fd:ea:fb:80, -0.218, 0.969, -0.019, 0, -0.854, 0.122, 90.28, 12.541, -144.998, -19.820, -44.507, 40.867, 30.72, -0.13684, -0.28452, 0.64822, 0.69284
2025-06-14 20:57:32.984000,f8:a2:fd:ea:fb:80, -0.217, 0.972, -0.016, -0.183, -0.122, 0.183, 90.297, 12.53, -144.976, -19.820, -44.507, 40.867, 30.72, -0.13712, -0.2854, 0.64886, 0.69183
2025-06-14 20:57:33.075000,f8:a2:fd:ea:fb:80, -0.223, 0.972, -0.019, 0.183, -0.366, 0.122, 90.335, 12.524, -144.943, -19.820, -44.507, 40.867, 30.72, -0.13712, -0.2854, 0.64886, 0.69183
2025-06-14 20:57:33.224000,f8:a2:fd:ea:fb:80, -0.221, 0.974, -0.013, -0.244, -0.488, 0, 90.352, 12.53, -144.937, -19.887, -44.367, 40.927, 30.72, -0.13712, -0.2854, 0.64886, 0.69183
2025-06-14 20:57:33.314000,f8:a2:fd:ea:fb:80, -0.217, 0.971, -0.014, -0.488, -0.549, 0, 90.335, 12.535, -144.926, -19.887, -44.367, 40.927, 30.72, -0.13739, -0.28555, 0.6488, 0.69177
2025-06-14 20:57:33.404000,f8:a2:fd:ea:fb:80, -0.208, 0.972, -0.015, -1.16, -1.404, 0.549, 90.275, 12.508, -144.959, -19.887, -44.367, 40.927, 30.72, -0.13739, -0.28555, 0.6488, 0.69177
2025-06-14 20:57:33.497000,f8:a2:fd:ea:fb:80, -0.208, 0.965, -0.012, -2.38, -0.732, 0.793, 90.082, 12.442, -145.003, -19.887, -44.367, 40.927, 30.72, -0.13739, -0.28555, 0.6488, 0.69177
2025-06-14 20:57:33.644000,f8:a2:fd:ea:fb:80, -0.208, 0.974, -0.004, -1.404, -0.183, 0.244, 89.929, 12.398, -144.998, -19.960, -44.393, 40.640, 30.72, -0.13882, -0.28381, 0.64655, 0.69427
2025-06-14 20:57:33.674000,f8:a2:fd:ea:fb:80, -0.205, 0.97, -0.006, -1.709, -1.221, 0.183, 89.797, 12.387, -145.042, -19.960, -44.393, 40.640, 30.72, -0.13882, -0.28381, 0.64655, 0.69427
2025-06-14 20:57:33.825000,f8:a2:fd:ea:fb:80, -0.214, 0.97, 0, -1.587, -0.549, 0.244, 89.621, 12.354, -145.085, -19.960, -44.393, 40.640, 30.72, -0.13882, -0.28381, 0.64655, 0.69427
2025-06-14 20:57:33.885000,f8:a2:fd:ea:fb:80, -0.209, 0.971, -0.008, -1.099, -0.366, 0, 89.561, 12.354, -145.113, -19.947, -44.513, 40.433, 30.72, -0.13882, -0.28381, 0.64655, 0.69427
2025-06-14 20:57:33.975000,f8:a2:fd:ea:fb:80, -0.214, 0.974, 0.002, -0.732, -1.038, -0.061, 89.484, 12.36, -145.14, -19.947, -44.513, 40.433, 30.72, -0.13913, -0.28247, 0.64468, 0.6965
2025-06-14 20:57:34.155000,f8:a2:fd:ea:fb:80, -0.214, 0.971, 0.004, 0.122, -0.61, -0.122, 89.478, 12.376, -145.14, -19.947, -44.513, 40.433, 30.72, -0.13913, -0.28247, 0.64468, 0.6965
2025-06-14 20:57:34.216000,f8:a2:fd:ea:fb:80, -0.215, 0.97, -0.002, -0.366, -0.977, 0.061, 89.495, 12.382, -145.124, -19.947, -44.513, 40.433, 30.72, -0.13913, -0.28247, 0.64468, 0.6965
2025-06-14 20:57:34.276000,f8:a2:fd:ea:fb:80, -0.215, 0.972, 0.001, -0.732, -0.549, 0, 89.44, 12.376, -145.151, -19.940, -44.640, 40.240, 30.72, -0.13913, -0.28247, 0.64468, 0.6965
2025-06-14 20:57:34.425000,f8:a2:fd:ea:fb:80, -0.215, 0.975, 0.001, -0.671, -0.427, 0.183, 89.39, 12.365, -145.168, -19.940, -44.640, 40.240, 30.72, -0.13919, -0.28232, 0.64429, 0.69693
2025-06-14 20:57:34.485000,f8:a2:fd:ea:fb:80, -0.21, 0.978, 0.001, -0.549, -0.488, 0.183, 89.341, 12.343, -145.195, -19.940, -44.640, 40.240, 30.72, -0.13919, -0.28232, 0.64429, 0.69693
2025-06-14 20:57:34.576000,f8:a2:fd:ea:fb:80, -0.213, 0.972, 0.003, -0.305, -0.488, 0.244, 89.308, 12.327, -145.212, -19.907, -44.593, 40.393, 30.72, -0.13919, -0.28232, 0.64429, 0.69693
2025-06-14 20:57:34.695000,f8:a2:fd:ea:fb:80, -0.212, 0.972, 0.004, -0.366, -1.282, 0.244, 89.28, 12.305, -145.234, -19.907, -44.593, 40.393, 30.72, -0.13943, -0.28152, 0.64389, 0.69754
2025-06-14 20:57:34.785000,f8:a2:fd:ea:fb:80, -0.21, 0.975, 0.006, -0.488, -0.488, 0.244, 89.253, 12.277, -145.256, -19.907, -44.593, 40.393, 30.72, -0.13943, -0.28152, 0.64389, 0.69754
2025-06-14 20:57:34.875000,f8:a2:fd:ea:fb:80, -0.209, 0.977, 0.005, -0.183, 0, 0.488, 89.258, 12.25, -145.234, -20.047, -44.480, 40.373, 30.72, -0.13943, -0.28152, 0.64389, 0.69754
2025-06-14 20:57:34.995000,f8:a2:fd:ea:fb:80, -0.212, 0.97, 0.004, -0.183, -0.183, 0.427, 89.275, 12.217, -145.217, -20.047, -44.480, 40.373, 30.72, -0.14001, -0.28104, 0.64404, 0.69751
2025-06-14 20:57:35.085000,f8:a2:fd:ea:fb:80, -0.21, 0.972, 0.008, -0.488, -0.61, 0.488, 89.264, 12.167, -145.206, -20.047, -44.480, 40.373, 30.72, -0.14001, -0.28104, 0.64404, 0.69751
2025-06-14 20:57:35.176000,f8:a2:fd:ea:fb:80, -0.209, 0.968, -0.001, -0.366, -0.61, 0.488, 89.242, 12.118, -145.239, -20.027, -44.440, 40.267, 30.72, -0.14001, -0.28104, 0.64404, 0.69751
2025-06-14 20:57:35.354000,f8:a2:fd:ea:fb:80, -0.205, 0.975, 0.006, -0.366, -0.427, 0.366, 89.22, 12.074, -145.256, -20.027, -44.440, 40.267, 30.72, -0.14081, -0.28, 0.64413, 0.69766
2025-06-14 20:57:35.384000,f8:a2:fd:ea:fb:80, -0.208, 0.977, 0.005, -0.732, -0.488, 0.549, 89.171, 12.03, -145.278, -20.027, -44.440, 40.267, 30.72, -0.14081, -0.28, 0.64413, 0.69766
2025-06-14 20:57:35.475000,f8:a2:fd:ea:fb:80, -0.204, 0.982, 0.004, -1.221, -0.61, 0.671, 89.088, 11.975, -145.294, -20.060, -44.540, 40.193, 30.72, -0.14169, -0.27853, 0.64346, 0.6987
2025-06-14 20:57:35.714000,f8:a2:fd:ea:fb:80, -0.204, 0.975, 0.01, -1.16, -0.732, 0.671, 88.978, 11.909, -145.338, -20.060, -44.540, 40.193, 30.72, -0.14169, -0.27853, 0.64346, 0.6987
2025-06-14 20:57:35.716000,f8:a2:fd:ea:fb:80, -0.203, 0.974, 0.01, -0.977, -1.038, 0.732, 88.89, 11.843, -145.377, -20.060, -44.540, 40.193, 30.72, -0.14169, -0.27853, 0.64346, 0.6987
2025-06-14 20:57:35.775000,f8:a2:fd:ea:fb:80, -0.192, 0.979, 0.01, -0.793, -1.221, 0.793, 88.813, 11.766, -145.426, -20.060, -44.540, 40.193, 30.72, -0.14169, -0.27853, 0.64346, 0.6987
2025-06-14 20:57:35.895000,f8:a2:fd:ea:fb:80, -0.199, 0.977, 0.017, -0.793, -1.77, 0.977, 88.737, 11.678, -145.503, -20.147, -44.380, 40.260, 30.72, -0.14169, -0.27853, 0.64346, 0.6987
2025-06-14 20:57:36.045000,f8:a2:fd:ea:fb:80, -0.198, 0.973, 0.017, -0.427, -0.488, 0.732, 88.676, 11.602, -145.563, -20.147, -44.380, 40.260, 30.72, -0.14328, -0.27469, 0.64273, 0.70056
2025-06-14 20:57:36.076000,f8:a2:fd:ea:fb:80, -0.193, 0.974, 0.018, -0.732, -0.549, 0.732, 88.638, 11.519, -145.563, -20.147, -44.380, 40.260, 30.72, -0.14328, -0.27469, 0.64273, 0.70056
2025-06-14 20:57:36.225000,f8:a2:fd:ea:fb:80, -0.193, 0.979, 0.017, -0.732, -0.122, 0.854, 88.577, 11.442, -145.569, -20.260, -44.287, 40.133, 30.72, -0.14328, -0.27469, 0.64273, 0.70056
2025-06-14 20:57:36.315000,f8:a2:fd:ea:fb:80, -0.193, 0.973, 0.016, -0.427, -0.732, 0.732, 88.544, 11.371, -145.585, -20.260, -44.287, 40.133, 30.72, -0.14487, -0.2728, 0.64252, 0.70117
2025-06-14 20:57:36.404000,f8:a2:fd:ea:fb:80, -0.197, 0.975, 0.019, -1.099, -1.221, 0.793, 88.478, 11.288, -145.635, -20.260, -44.287, 40.133, 30.72, -0.14487, -0.2728, 0.64252, 0.70117
2025-06-14 20:57:36.525000,f8:a2:fd:ea:fb:80, -0.198, 0.971, 0.019, -0.793, -1.404, 0.61, 88.391, 11.217, -145.723, -20.260, -44.287, 40.133, 30.72, -0.14487, -0.2728, 0.64252, 0.70117
2025-06-14 20:57:36.646000,f8:a2:fd:ea:fb:80, -0.19, 0.974, 0.023, -0.793, -1.404, 0.671, 88.314, 11.146, -145.811, -20.480, -44.067, 40.080, 30.72, -0.14487, -0.2728, 0.64252, 0.70117
2025-06-14 20:57:36.705000,f8:a2:fd:ea:fb:80, -0.187, 0.976, 0.025, -0.793, -1.282, 0.732, 88.237, 11.063, -145.904, -20.480, -44.067, 40.080, 30.72, -0.14523, -0.26913, 0.64215, 0.70285
2025-06-14 20:57:36.825000,f8:a2:fd:ea:fb:80, -0.184, 0.983, 0.025, -0.671, -0.977, 0.671, 88.171, 10.986, -145.992, -20.480, -44.067, 40.080, 30.72, -0.14523, -0.26913, 0.64215, 0.70285
2025-06-14 20:57:36.916000,f8:a2:fd:ea:fb:80, -0.189, 0.978, 0.027, 0, -0.854, 0.183, 88.149, 10.942, -146.03, -20.380, -44.147, 40.007, 30.72, -0.14523, -0.26913, 0.64215, 0.70285
2025-06-14 20:57:37.004000,f8:a2:fd:ea:fb:80, -0.184, 0.979, 0.023, 0, -0.549, 0.305, 88.176, 10.92, -146.052, -20.380, -44.147, 40.007, 30.72, -0.14542, -0.26727, 0.64246, 0.70322
2025-06-14 20:57:37.125000,f8:a2:fd:ea:fb:80, -0.188, 0.98, 0.024, -0.488, -0.854, 0.366, 88.149, 10.887, -146.085, -20.380, -44.147, 40.007, 30.72, -0.14542, -0.26727, 0.64246, 0.70322
2025-06-14 20:57:37.215000,f8:a2:fd:ea:fb:80, -0.189, 0.976, 0.025, 0, -0.916, -0.427, 88.138, 10.887, -146.113, -20.413, -44.073, 40.073, 30.72, -0.14542, -0.26727, 0.64246, 0.70322
2025-06-14 20:57:37.335000,f8:a2:fd:ea:fb:80, -0.189, 0.976, 0.027, -0.488, -0.244, -0.244, 88.127, 10.904, -146.107, -20.413, -44.073, 40.073, 30.72, -0.14523, -0.26709, 0.64224, 0.70355
2025-06-14 20:57:37.425000,f8:a2:fd:ea:fb:80, -0.19, 0.977, 0.025, -0.549, -0.427, -0.183, 88.088, 10.915, -146.107, -20.413, -44.073, 40.073, 30.72, -0.14523, -0.26709, 0.64224, 0.70355
2025-06-14 20:57:37.516000,f8:a2:fd:ea:fb:80, -0.185, 0.975, 0.025, 0, -0.549, -0.061, 88.072, 10.92, -146.129, -20.380, -44.193, 39.933, 30.72, -0.14523, -0.26709, 0.64224, 0.70355
2025-06-14 20:57:37.605000,f8:a2:fd:ea:fb:80, -0.188, 0.98, 0.022, 0.488, 0.549, -0.061, 88.127, 10.926, -146.102, -20.380, -44.193, 39.933, 30.72, -0.14514, -0.2674, 0.64243, 0.70328
2025-06-14 20:57:37.725000,f8:a2:fd:ea:fb:80, -0.186, 0.976, 0.023, 0.305, -0.305, 0, 88.209, 10.937, -146.069, -20.380, -44.193, 39.933, 30.72, -0.14514, -0.2674, 0.64243, 0.70328
2025-06-14 20:57:37.816000,f8:a2:fd:ea:fb:80, -0.19, 0.98, 0.027, 0.671, -0.061, -0.366, 88.275, 10.964, -146.047, -20.400, -44.287, 40.100, 30.72, -0.14514, -0.2674, 0.64243, 0.70328
2025-06-14 20:57:37.966000,f8:a2:fd:ea:fb:80, -0.191, 0.973, 0.019, 0.305, -0.366, -0.61, 88.341, 11.003, -146.003, -20.400, -44.287, 40.100, 30.72, -0.14478, -0.26855, 0.64316, 0.70227
2025-06-14 20:57:38.055000,f8:a2:fd:ea:fb:80, -0.196, 0.978, 0.022, 0, 0.305, -0.793, 88.38, 11.074, -145.981, -20.400, -44.287, 40.100, 30.72, -0.14478, -0.26855, 0.64316, 0.70227
2025-06-14 20:57:38.117000,f8:a2:fd:ea:fb:80, -0.192, 0.981, 0.02, 0.305, 0.305, -0.977, 88.434, 11.162, -145.937, -20.473, -44.207, 40.020, 30.72, -0.14478, -0.26855, 0.64316, 0.70227
2025-06-14 20:57:38.206000,f8:a2:fd:ea:fb:80, -0.195, 0.979, 0.016, 0.183, 0.366, -0.793, 88.484, 11.255, -145.882, -20.473, -44.207, 40.020, 30.72, -0.14368, -0.27084, 0.64316, 0.70157
2025-06-14 20:57:38.326000,f8:a2:fd:ea:fb:80, -0.202, 0.975, 0.016, 0.366, -0.183, -0.732, 88.539, 11.327, -145.838, -20.473, -44.207, 40.020, 30.72, -0.14368, -0.27084, 0.64316, 0.70157
2025-06-14 20:57:38.417000,f8:a2:fd:ea:fb:80, -0.196, 0.979, 0.014, -0.122, -0.244, -0.427, 88.566, 11.387, -145.838, -20.360, -44.433, 40.040, 30.72, -0.14368, -0.27084, 0.64316, 0.70157
2025-06-14 20:57:38.506000,f8:a2:fd:ea:fb:80, -0.201, 0.977, 0.015, -0.061, -0.366, -0.305, 88.583, 11.426, -145.86, -20.360, -44.433, 40.040, 30.72, -0.14255, -0.27206, 0.64328, 0.70123
2025-06-14 20:57:38.626000,f8:a2:fd:ea:fb:80, -0.197, 0.977, 0.014, -0.061, -0.122, -0.244, 88.594, 11.459, -145.882, -20.360, -44.433, 40.040, 30.72, -0.14255, -0.27206, 0.64328, 0.70123
2025-06-14 20:57:38.716000,f8:a2:fd:ea:fb:80, -0.2, 0.973, 0.014, -0.183, -0.366, -0.183, 88.605, 11.481, -145.904, -20.427, -44.373, 39.940, 30.72, -0.14255, -0.27206, 0.64328, 0.70123
2025-06-14 20:57:38.804000,f8:a2:fd:ea:fb:80, -0.2, 0.976, 0.016, -0.488, -0.305, -0.122, 88.588, 11.497, -145.937, -20.427, -44.373, 39.940, 30.72, -0.14163, -0.27203, 0.64334, 0.70135
2025-06-14 20:57:38.956000,f8:a2:fd:ea:fb:80, -0.199, 0.974, 0.017, -0.183, -0.793, -0.061, 88.588, 11.519, -145.97, -20.427, -44.373, 39.940, 30.72, -0.14163, -0.27203, 0.64334, 0.70135
2025-06-14 20:57:39.015000,f8:a2:fd:ea:fb:80, -0.198, 0.974, 0.014, -0.427, -0.427, -0.061, 88.577, 11.53, -146.003, -20.313, -44.373, 39.940, 30.72, -0.14163, -0.27203, 0.64334, 0.70135
2025-06-14 20:57:39.106000,f8:a2:fd:ea:fb:80, -0.201, 0.976, 0.015, -0.244, -0.671, 0, 88.561, 11.541, -146.025, -20.313, -44.373, 39.940, 30.72, -0.14084, -0.27167, 0.64328, 0.70175
2025-06-14 20:57:39.226000,f8:a2:fd:ea:fb:80, -0.2, 0.976, 0.015, -0.488, -0.488, 0, 88.539, 11.541, -146.069, -20.313, -44.373, 39.940, 30.72, -0.14084, -0.27167, 0.64328, 0.70175
2025-06-14 20:57:39.317000,f8:a2:fd:ea:fb:80, -0.201, 0.977, 0.016, -0.366, -0.305, 0, 88.522, 11.547, -146.118, -20.247, -44.607, 39.967, 30.72, -0.14084, -0.27167, 0.64328, 0.70175
2025-06-14 20:57:39.436000,f8:a2:fd:ea:fb:80, -0.204, 0.974, 0.017, -0.305, -0.732, 0, 88.511, 11.552, -146.151, -20.247, -44.607, 39.967, 30.72, -0.1402, -0.27106, 0.64325, 0.70212
2025-06-14 20:57:39.525000,f8:a2:fd:ea:fb:80, -0.2, 0.98, 0.017, -0.488, -0.305, 0, 88.495, 11.558, -146.201, -20.247, -44.607, 39.967, 30.72, -0.1402, -0.27106, 0.64325, 0.70212
2025-06-14 20:57:39.617000,f8:a2:fd:ea:fb:80, -0.204, 0.977, 0.015, -0.366, -0.61, 0, 88.473, 11.563, -146.25, -20.260, -44.693, 39.847, 30.72, -0.1402, -0.27106, 0.64325, 0.70212
2025-06-14 20:57:39.706000,f8:a2:fd:ea:fb:80, -0.201, 0.98, 0.017, -0.488, -0.488, 0, 88.445, 11.569, -146.299, -20.260, -44.693, 39.847, 30.72, -0.13934, -0.27023, 0.64319, 0.70267
2025-06-14 20:57:39.856000,f8:a2:fd:ea:fb:80, -0.201, 0.975, 0.021, -0.183, -0.549, 0, 88.429, 11.574, -146.354, -20.260, -44.693, 39.847, 30.72, -0.13934, -0.27023, 0.64319, 0.70267
2025-06-14 20:57:39.916000,f8:a2:fd:ea:fb:80, -0.199, 0.975, 0.021, -0.244, -0.671, 0.061, 88.418, 11.558, -146.415, -20.187, -44.593, 39.933, 30.72, -0.13934, -0.27023, 0.64319, 0.70267
2025-06-14 20:57:40.006000,f8:a2:fd:ea:fb:80, -0.206, 0.972, 0.02, -0.244, -0.427, 0, 88.401, 11.558, -146.464, -20.187, -44.593, 39.933, 30.72, -0.13846, -0.26917, 0.64334, 0.70312
2025-06-14 20:57:40.157000,f8:a2:fd:ea:fb:80, -0.198, 0.973, 0.016, -0.061, 0.061, 0, 88.423, 11.558, -146.492, -20.187, -44.593, 39.933, 30.72, -0.13846, -0.26917, 0.64334, 0.70312
2025-06-14 20:57:40.247000,f8:a2:fd:ea:fb:80, -0.202, 0.974, 0.019, -0.183, -0.488, 0, 88.434, 11.563, -146.519, -20.247, -44.453, 39.953, 30.72, -0.13846, -0.26917, 0.64334, 0.70312
2025-06-14 20:57:40.336000,f8:a2:fd:ea:fb:80, -0.198, 0.975, 0.017, 0, -0.305, 0, 88.445, 11.563, -146.541, -20.247, -44.453, 39.953, 30.72, -0.13782, -0.26883, 0.64377, 0.70297
2025-06-14 20:57:40.456000,f8:a2:fd:ea:fb:80, -0.2, 0.978, 0.021, -0.183, -0.549, 0, 88.456, 11.569, -146.569, -20.247, -44.453, 39.953, 30.72, -0.13782, -0.26883, 0.64377, 0.70297
2025-06-14 20:57:40.547000,f8:a2:fd:ea:fb:80, -0.2, 0.974, 0.019, -0.305, -0.793, 0, 88.445, 11.574, -146.624, -20.260, -44.513, 39.967, 30.72, -0.13782, -0.26883, 0.64377, 0.70297
2025-06-14 20:57:40.636000,f8:a2:fd:ea:fb:80, -0.201, 0.975, 0.019, -0.305, -0.671, 0, 88.434, 11.574, -146.673, -20.260, -44.513, 39.967, 30.72, -0.13687, -0.26801, 0.64398, 0.70328
2025-06-14 20:57:40.757000,f8:a2:fd:ea:fb:80, -0.202, 0.976, 0.017, -0.488, -0.488, 0, 88.418, 11.574, -146.722, -20.260, -44.513, 39.967, 30.72, -0.13687, -0.26801, 0.64398, 0.70328
2025-06-14 20:57:40.846000,f8:a2:fd:ea:fb:80, -0.201, 0.98, 0.019, -0.305, -0.305, 0, 88.407, 11.58, -146.777, -20.220, -44.573, 39.880, 30.72, -0.13687, -0.26801, 0.64398, 0.70328
2025-06-14 20:57:40.996000,f8:a2:fd:ea:fb:80, -0.202, 0.973, 0.019, -0.183, -0.488, 0, 88.412, 11.58, -146.816, -20.220, -44.573, 39.880, 30.72, -0.13605, -0.26721, 0.6441, 0.70361
2025-06-14 20:57:41.057000,f8:a2:fd:ea:fb:80, -0.197, 0.977, 0.014, -0.183, -0.183, 0, 88.396, 11.58, -146.865, -20.220, -44.573, 39.880, 30.72, -0.13605, -0.26721, 0.6441, 0.70361
2025-06-14 20:57:41.147000,f8:a2:fd:ea:fb:80, -0.2, 0.973, 0.021, 0.183, -0.427, 0, 88.423, 11.585, -146.893, -20.247, -44.720, 39.927, 30.72, -0.13605, -0.26721, 0.6441, 0.70361
2025-06-14 20:57:41.236000,f8:a2:fd:ea:fb:80, -0.199, 0.974, 0.019, -0.244, -0.488, 0, 88.429, 11.585, -146.931, -20.247, -44.720, 39.927, 30.72, -0.13538, -0.26675, 0.6445, 0.70358
2025-06-14 20:57:41.360000,f8:a2:fd:ea:fb:80, -0.203, 0.973, 0.016, -0.061, -0.61, 0, 88.429, 11.591, -146.975, -20.247, -44.720, 39.927, 30.78, -0.13538, -0.26675, 0.6445, 0.70358
2025-06-14 20:57:41.446000,f8:a2:fd:ea:fb:80, -0.2, 0.974, 0.018, 0, -0.488, 0, 88.434, 11.591, -147.025, -20.247, -44.720, 39.927, 30.78, -0.13538, -0.26675, 0.6445, 0.70358
2025-06-14 20:57:41.536000,f8:a2:fd:ea:fb:80, -0.203, 0.976, 0.017, -0.183, -0.244, 0, 88.451, 11.591, -147.074, -20.247, -44.720, 39.927, 30.78, -0.13538, -0.26675, 0.6445, 0.70358
2025-06-14 20:57:41.658000,f8:a2:fd:ea:fb:80, -0.198, 0.972, 0.018, 0, -0.244, 0, 88.462, 11.596, -147.107, -20.133, -44.573, 39.887, 30.78, -0.13391, -0.26569, 0.64526, 0.70355
2025-06-14 20:57:41.747000,f8:a2:fd:ea:fb:80, -0.203, 0.976, 0.02, 0, -0.61, 0, 88.478, 11.596, -147.151, -20.133, -44.573, 39.887, 30.78, -0.13391, -0.26569, 0.64526, 0.70355
2025-06-14 20:57:41.853000,f8:a2:fd:ea:fb:80, -0.204, 0.973, 0.019, 0.183, -0.366, 0, 88.5, 11.602, -147.178, -20.133, -44.573, 39.887, 30.78, -0.13391, -0.26569, 0.64526, 0.70355
2025-06-14 20:57:41.955000,f8:a2:fd:ea:fb:80, -0.204, 0.976, 0.019, 0, -0.427, 0, 88.528, 11.602, -147.206, -20.227, -44.560, 40.027, 30.78, -0.13315, -0.26532, 0.64584, 0.70331
2025-06-14 20:57:42.047000,f8:a2:fd:ea:fb:80, -0.201, 0.977, 0.017, -0.122, -0.427, 0, 88.544, 11.607, -147.239, -20.227, -44.560, 40.027, 30.78, -0.13315, -0.26532, 0.64584, 0.70331
2025-06-14 20:57:42.136000,f8:a2:fd:ea:fb:80, -0.199, 0.977, 0.016, 0, -0.305, 0, 88.561, 11.607, -147.283, -20.227, -44.560, 40.027, 30.78, -0.13315, -0.26532, 0.64584, 0.70331
2025-06-14 20:57:42.257000,f8:a2:fd:ea:fb:80, -0.208, 0.974, 0.015, 0, -0.549, 0, 88.583, 11.613, -147.321, -20.360, -44.580, 40.020, 30.78, -0.13315, -0.26532, 0.64584, 0.70331
2025-06-14 20:57:42.346000,f8:a2:fd:ea:fb:80, -0.2, 0.978, 0.017, 0, -0.244, 0, 88.605, 11.618, -147.36, -20.360, -44.580, 40.020, 30.78, -0.1322, -0.26477, 0.64645, 0.70312
2025-06-14 20:57:42.436000,f8:a2:fd:ea:fb:80, -0.199, 0.976, 0.013, 0.305, -0.061, 0, 88.643, 11.624, -147.387, -20.360, -44.580, 40.020, 30.78, -0.1322, -0.26477, 0.64645, 0.70312
2025-06-14 20:57:42.556000,f8:a2:fd:ea:fb:80, -0.199, 0.973, 0.015, 0.244, -0.305, 0, 88.693, 11.624, -147.415, -20.233, -44.340, 40.067, 30.78, -0.1322, -0.26477, 0.64645, 0.70312
2025-06-14 20:57:42.647000,f8:a2:fd:ea:fb:80, -0.204, 0.971, 0.013, 0.427, -0.122, 0, 88.742, 11.629, -147.426, -20.233, -44.340, 40.067, 30.78, -0.13132, -0.26462, 0.64752, 0.70236
2025-06-14 20:57:42.737000,f8:a2:fd:ea:fb:80, -0.203, 0.973, 0.007, 0.122, -0.122, 0, 88.797, 11.64, -147.437, -20.233, -44.340, 40.067, 30.78, -0.13132, -0.26462, 0.64752, 0.70236
2025-06-14 20:57:42.856000,f8:a2:fd:ea:fb:80, -0.205, 0.976, 0.01, -0.122, -0.732, 0, 88.824, 11.646, -147.491, -20.100, -44.633, 40.160, 30.78, -0.13034, -0.26416, 0.64825, 0.70206
2025-06-14 20:57:42.946000,f8:a2:fd:ea:fb:80, -0.206, 0.975, 0.01, 0, -0.732, 0, 88.841, 11.651, -147.557, -20.100, -44.633, 40.160, 30.78, -0.13034, -0.26416, 0.64825, 0.70206
2025-06-14 20:57:43.037000,f8:a2:fd:ea:fb:80, -0.201, 0.975, 0.009, -0.122, -0.427, 0, 88.857, 11.656, -147.618, -20.100, -44.633, 40.160, 30.78, -0.13034, -0.26416, 0.64825, 0.70206
2025-06-14 20:57:43.187000,f8:a2:fd:ea:fb:80, -0.202, 0.976, 0.012, -0.061, -0.183, 0, 88.868, 11.662, -147.667, -20.180, -44.693, 40.087, 30.78, -0.12927, -0.26352, 0.6488, 0.702
2025-06-14 20:57:43.276000,f8:a2:fd:ea:fb:80, -0.203, 0.975, 0.009, -0.183, -0.732, 0, 88.879, 11.667, -147.689, -20.180, -44.693, 40.087, 30.78, -0.12927, -0.26352, 0.6488, 0.702
2025-06-14 20:57:43.336000,f8:a2:fd:ea:fb:80, -0.206, 0.972, 0.009, -0.122, -0.549, 0, 88.874, 11.673, -147.739, -20.180, -44.693, 40.087, 30.78, -0.12927, -0.26352, 0.6488, 0.702
2025-06-14 20:57:43.457000,f8:a2:fd:ea:fb:80, -0.204, 0.973, 0.008, -0.183, -0.427, 0, 88.885, 11.678, -147.777, -20.153, -44.287, 40.180, 30.78, -0.12927, -0.26352, 0.6488, 0.702
2025-06-14 20:57:43.577000,f8:a2:fd:ea:fb:80, -0.203, 0.976, 0.011, -0.305, -0.488, 0, 88.874, 11.689, -147.838, -20.153, -44.287, 40.180, 30.78, -0.1282, -0.26276, 0.64908, 0.70221
2025-06-14 20:57:43.636000,f8:a2:fd:ea:fb:80, -0.203, 0.976, 0.012, -0.305, -0.854, 0, 88.857, 11.689, -147.898, -20.153, -44.287, 40.180, 30.78, -0.1282, -0.26276, 0.64908, 0.70221
2025-06-14 20:57:43.756000,f8:a2:fd:ea:fb:80, -0.202, 0.976, 0.013, -0.366, -0.61, 0, 88.841, 11.695, -147.958, -20.207, -44.593, 40.120, 30.78, -0.1282, -0.26276, 0.64908, 0.70221
2025-06-14 20:57:43.848000,f8:a2:fd:ea:fb:80, -0.201, 0.974, 0.009, -0.366, -0.549, 0, 88.824, 11.695, -148.019, -20.207, -44.593, 40.120, 30.78, -0.12714, -0.26172, 0.64917, 0.70273
2025-06-14 20:57:43.937000,f8:a2:fd:ea:fb:80, -0.202, 0.976, 0.009, -0.305, -0.366, 0, 88.808, 11.7, -148.074, -20.207, -44.593, 40.120, 30.78, -0.12714, -0.26172, 0.64917, 0.70273
2025-06-14 20:57:44.056000,f8:a2:fd:ea:fb:80, -0.203, 0.972, 0.012, -0.183, -0.61, 0, 88.797, 11.7, -148.123, -20.360, -44.480, 40.040, 30.78, -0.12628, -0.26086, 0.6492, 0.70316
2025-06-14 20:57:44.147000,f8:a2:fd:ea:fb:80, -0.2, 0.978, 0.012, -0.488, -0.61, 0, 88.77, 11.706, -148.189, -20.360, -44.480, 40.040, 30.78, -0.12628, -0.26086, 0.6492, 0.70316
2025-06-14 20:57:44.266000,f8:a2:fd:ea:fb:80, -0.206, 0.97, 0.014, -0.244, -0.366, 0, 88.748, 11.706, -148.244, -20.360, -44.480, 40.040, 30.78, -0.12628, -0.26086, 0.6492, 0.70316
2025-06-14 20:57:44.356000,f8:a2:fd:ea:fb:80, -0.204, 0.973, 0.012, -0.183, -0.61, 0, 88.742, 11.706, -148.282, -20.280, -44.427, 40.040, 30.78, -0.1254, -0.25992, 0.64929, 0.70358
2025-06-14 20:57:44.477000,f8:a2:fd:ea:fb:80, -0.203, 0.977, 0.014, -0.244, -0.854, 0, 88.731, 11.706, -148.354, -20.280, -44.427, 40.040, 30.78, -0.1254, -0.25992, 0.64929, 0.70358
2025-06-14 20:57:44.537000,f8:a2:fd:ea:fb:80, -0.199, 0.973, 0.011, -0.183, -0.549, 0, 88.72, 11.706, -148.42, -20.280, -44.427, 40.040, 30.78, -0.1254, -0.25992, 0.64929, 0.70358
2025-06-14 20:57:44.687000,f8:a2:fd:ea:fb:80, -0.202, 0.972, 0.013, 0, -0.671, 0, 88.726, 11.706, -148.464, -20.200, -44.587, 40.007, 30.78, -0.12451, -0.25906, 0.64954, 0.70383
2025-06-14 20:57:44.806000,f8:a2:fd:ea:fb:80, -0.202, 0.973, 0.015, -0.244, -0.671, 0, 88.715, 11.706, -148.508, -20.200, -44.587, 40.007, 30.78, -0.12451, -0.25906, 0.64954, 0.70383
2025-06-14 20:57:44.867000,f8:a2:fd:ea:fb:80, -0.203, 0.975, 0.015, -0.244, -0.671, 0, 88.698, 11.706, -148.563, -20.200, -44.587, 40.007, 30.78, -0.12451, -0.25906, 0.64954, 0.70383
2025-06-14 20:57:44.987000,f8:a2:fd:ea:fb:80, -0.204, 0.973, 0.013, -0.244, -0.61, 0, 88.682, 11.706, -148.623, -20.273, -44.480, 40.060, 30.78, -0.12354, -0.258, 0.64969, 0.70425
2025-06-14 20:57:45.107000,f8:a2:fd:ea:fb:80, -0.2, 0.975, 0.016, -0.244, -0.305, 0, 88.676, 11.706, -148.667, -20.273, -44.480, 40.060, 30.78, -0.12354, -0.258, 0.64969, 0.70425
2025-06-14 20:57:45.172000,f8:a2:fd:ea:fb:80, -0.203, 0.975, 0.014, -0.488, -0.488, 0, 88.665, 11.7, -148.711, -20.140, -44.733, 39.960, 30.78, -0.12354, -0.258, 0.64969, 0.70425
2025-06-14 20:57:45.317000,f8:a2:fd:ea:fb:80, -0.203, 0.981, 0.017, -0.122, -0.549, 0, 88.649, 11.7, -148.766, -20.140, -44.733, 39.960, 30.78, -0.12283, -0.25723, 0.64981, 0.70456
2025-06-14 20:57:45.379000,f8:a2:fd:ea:fb:80, -0.201, 0.977, 0.015, -0.488, -0.671, 0, 88.632, 11.7, -148.832, -20.140, -44.733, 39.960, 30.78, -0.12283, -0.25723, 0.64981, 0.70456
2025-06-14 20:57:45.497000,f8:a2:fd:ea:fb:80, -0.204, 0.973, 0.017, -0.244, -0.793, 0, 88.594, 11.7, -148.914, -20.247, -44.527, 40.053, 30.78, -0.12283, -0.25723, 0.64981, 0.70456
2025-06-14 20:57:45.587000,f8:a2:fd:ea:fb:80, -0.198, 0.984, 0.013, -0.244, -0.122, 0, 88.599, 11.7, -148.969, -20.247, -44.527, 40.053, 30.78, -0.12183, -0.2561, 0.6499, 0.70502
2025-06-14 20:57:45.707000,f8:a2:fd:ea:fb:80, -0.205, 0.975, 0.017, -0.244, -0.671, 0, 88.588, 11.695, -149.03, -20.247, -44.527, 40.053, 30.78, -0.12183, -0.2561, 0.6499, 0.70502
2025-06-14 20:57:45.767000,f8:a2:fd:ea:fb:80, -0.205, 0.975, 0.013, -0.305, -0.061, 0, 88.583, 11.695, -149.068, -20.247, -44.527, 40.053, 30.78, -0.12183, -0.2561, 0.6499, 0.70502
2025-06-14 20:57:45.887000,f8:a2:fd:ea:fb:80, -0.199, 0.975, 0.017, -0.305, -0.366, 0, 88.572, 11.695, -149.106, -20.233, -44.580, 39.907, 30.78, -0.12082, -0.25507, 0.65012, 0.70541
2025-06-14 20:57:45.977000,f8:a2:fd:ea:fb:80, -0.201, 0.978, 0.02, -0.244, -0.244, 0, 88.566, 11.695, -149.167, -20.233, -44.580, 39.907, 30.78, -0.12082, -0.25507, 0.65012, 0.70541
2025-06-14 20:57:46.066000,f8:a2:fd:ea:fb:80, -0.204, 0.973, 0.016, -0.122, -0.671, 0, 88.566, 11.695, -149.211, -20.080, -44.593, 40.087, 30.78, -0.12082, -0.25507, 0.65012, 0.70541
2025-06-14 20:57:46.217000,f8:a2:fd:ea:fb:80, -0.202, 0.974, 0.017, -0.244, -0.549, 0, 88.566, 11.695, -149.271, -20.080, -44.593, 40.087, 30.78, -0.11996, -0.25424, 0.65039, 0.70557
2025-06-14 20:57:46.277000,f8:a2:fd:ea:fb:80, -0.205, 0.976, 0.017, -0.122, -0.305, 0, 88.555, 11.695, -149.321, -20.080, -44.593, 40.087, 30.78, -0.11996, -0.25424, 0.65039, 0.70557
2025-06-14 20:57:46.366000,f8:a2:fd:ea:fb:80, -0.201, 0.973, 0.015, -0.549, -0.793, 0, 88.539, 11.695, -149.376, -20.233, -44.693, 40.100, 30.78, -0.11996, -0.25424, 0.65039, 0.70557
2025-06-14 20:57:46.486000,f8:a2:fd:ea:fb:80, -0.205, 0.976, 0.019, -0.061, -0.427, 0, 88.522, 11.689, -149.436, -20.233, -44.693, 40.100, 30.78, -0.11908, -0.25327, 0.65057, 0.70593
2025-06-14 20:57:46.578000,f8:a2:fd:ea:fb:80, -0.2, 0.982, 0.016, -0.122, -0.122, 0, 88.533, 11.689, -149.469, -20.233, -44.693, 40.100, 30.78, -0.11908, -0.25327, 0.65057, 0.70593
2025-06-14 20:57:46.671000,f8:a2:fd:ea:fb:80, -0.2, 0.975, 0.016, -0.244, -0.366, 0, 88.533, 11.689, -149.518, -20.240, -44.540, 39.867, 30.78, -0.11908, -0.25327, 0.65057, 0.70593
2025-06-14 20:57:46.846000,f8:a2:fd:ea:fb:80, -0.203, 0.973, 0.014, 0, -0.549, 0, 88.539, 11.689, -149.557, -20.240, -44.540, 39.867, 30.78, -0.11841, -0.25266, 0.65088, 0.70596
2025-06-14 20:57:46.880000,f8:a2:fd:ea:fb:80, -0.198, 0.982, 0.013, -0.244, -0.305, 0, 88.544, 11.689, -149.612, -20.240, -44.540, 39.867, 30.78, -0.11841, -0.25266, 0.65088, 0.70596
2025-06-14 20:57:46.967000,f8:a2:fd:ea:fb:80, -0.205, 0.974, 0.018, 0, -0.549, 0, 88.55, 11.689, -149.667, -20.173, -44.700, 40.093, 30.78, -0.11841, -0.25266, 0.65088, 0.70596
2025-06-14 20:57:47.087000,f8:a2:fd:ea:fb:80, -0.2, 0.973, 0.017, -0.061, -0.793, 0, 88.55, 11.689, -149.7, -20.173, -44.700, 40.093, 30.78, -0.11749, -0.25186, 0.65128, 0.70602
2025-06-14 20:57:47.177000,f8:a2:fd:ea:fb:80, -0.198, 0.974, 0.019, -0.122, -0.305, 0, 88.539, 11.689, -149.766, -20.173, -44.700, 40.093, 30.78, -0.11749, -0.25186, 0.65128, 0.70602
2025-06-14 20:57:47.268000,f8:a2:fd:ea:fb:80, -0.2, 0.974, 0.017, -0.061, -0.244, 0, 88.561, 11.689, -149.793, -20.193, -44.520, 40.040, 30.78, -0.11749, -0.25186, 0.65128, 0.70602
2025-06-14 20:57:47.387000,f8:a2:fd:ea:fb:80, -0.205, 0.974, 0.017, -0.244, -0.854, 0, 88.566, 11.695, -149.832, -20.193, -44.520, 40.040, 30.78, -0.11652, -0.25104, 0.65164, 0.70615
2025-06-14 20:57:47.507000,f8:a2:fd:ea:fb:80, -0.202, 0.976, 0.018, -0.122, -0.427, 0, 88.561, 11.695, -149.892, -20.193, -44.520, 40.040, 30.78, -0.11652, -0.25104, 0.65164, 0.70615
2025-06-14 20:57:47.567000,f8:a2:fd:ea:fb:80, -0.204, 0.972, 0.015, -0.122, -0.549, 0, 88.561, 11.695, -149.947, -20.193, -44.480, 40.120, 30.78, -0.11652, -0.25104, 0.65164, 0.70615
2025-06-14 20:57:47.686000,f8:a2:fd:ea:fb:80, -0.203, 0.974, 0.016, -0.244, -0.61, 0, 88.561, 11.695, -149.991, -20.193, -44.480, 40.120, 30.78, -0.11551, -0.25015, 0.65198, 0.7063
2025-06-14 20:57:47.786000,f8:a2:fd:ea:fb:80, -0.203, 0.975, 0.017, -0.244, -0.366, 0, 88.555, 11.695, -150.035, -20.193, -44.480, 40.120, 30.78, -0.11551, -0.25015, 0.65198, 0.7063
2025-06-14 20:57:47.879000,f8:a2:fd:ea:fb:80, -0.203, 0.979, 0.017, -0.244, -0.732, 0, 88.566, 11.695, -150.073, -20.193, -44.480, 40.120, 30.78, -0.11551, -0.25015, 0.65198, 0.7063
2025-06-14 20:57:47.987000,f8:a2:fd:ea:fb:80, -0.202, 0.978, 0.019, -0.183, -0.305, 0, 88.555, 11.695, -150.134, -20.193, -44.560, 40.067, 30.78, -0.11551, -0.25015, 0.65198, 0.7063
2025-06-14 20:57:48.077000,f8:a2:fd:ea:fb:80, -0.201, 0.975, 0.016, -0.183, -0.671, 0, 88.544, 11.695, -150.194, -20.193, -44.560, 40.067, 30.78, -0.1145, -0.24915, 0.65228, 0.70657
2025-06-14 20:57:48.167000,f8:a2:fd:ea:fb:80, -0.197, 0.976, 0.015, -0.427, -0.427, 0, 88.533, 11.695, -150.255, -20.193, -44.560, 40.067, 30.78, -0.1145, -0.24915, 0.65228, 0.70657
2025-06-14 20:57:48.318000,f8:a2:fd:ea:fb:80, -0.206, 0.974, 0.02, -0.122, -0.488, 0, 88.528, 11.695, -150.309, -20.347, -44.547, 39.940, 30.78, -0.1145, -0.24915, 0.65228, 0.70657
2025-06-14 20:57:48.406000,f8:a2:fd:ea:fb:80, -0.205, 0.975, 0.017, -0.305, -0.183, 0, 88.539, 11.689, -150.331, -20.347, -44.547, 39.940, 30.78, -0.11359, -0.24823, 0.65256, 0.70679
2025-06-14 20:57:48.467000,f8:a2:fd:ea:fb:80, -0.204, 0.972, 0.017, -0.183, -0.427, 0, 88.533, 11.689, -150.392, -20.347, -44.547, 39.940, 30.78, -0.11359, -0.24823, 0.65256, 0.70679
2025-06-14 20:57:48.618000,f8:a2:fd:ea:fb:80, -0.203, 0.975, 0.018, -0.305, -0.671, 0, 88.517, 11.689, -150.458, -20.140, -44.553, 39.940, 30.78, -0.11359, -0.24823, 0.65256, 0.70679
2025-06-14 20:57:48.707000,f8:a2:fd:ea:fb:80, -0.202, 0.972, 0.017, -0.366, -0.977, 0, 88.489, 11.689, -150.54, -20.140, -44.553, 39.940, 30.78, -0.11243, -0.24701, 0.65271, 0.70724
2025-06-14 20:57:48.829000,f8:a2:fd:ea:fb:80, -0.206, 0.972, 0.02, 0, -0.244, 0, 88.473, 11.689, -150.595, -20.140, -44.553, 39.940, 30.78, -0.11243, -0.24701, 0.65271, 0.70724
2025-06-14 20:57:48.917000,f8:a2:fd:ea:fb:80, -0.2, 0.975, 0.014, -0.183, 0.122, 0, 88.5, 11.684, -150.601, -20.320, -44.520, 39.993, 30.78, -0.11243, -0.24701, 0.65271, 0.70724
2025-06-14 20:57:49.006000,f8:a2:fd:ea:fb:80, -0.198, 0.974, 0.017, -0.305, -0.244, 0, 88.506, 11.684, -150.634, -20.320, -44.520, 39.993, 30.78, -0.11182, -0.2464, 0.65305, 0.70724
2025-06-14 20:57:49.096000,f8:a2:fd:ea:fb:80, -0.203, 0.974, 0.017, -0.122, -0.732, 0, 88.506, 11.678, -150.683, -20.320, -44.520, 39.993, 30.78, -0.11182, -0.2464, 0.65305, 0.70724
2025-06-14 20:57:49.217000,f8:a2:fd:ea:fb:80, -0.204, 0.974, 0.016, -0.122, -0.854, 0, 88.5, 11.678, -150.76, -20.320, -44.520, 39.993, 30.78, -0.11182, -0.2464, 0.65305, 0.70724
2025-06-14 20:57:49.308000,f8:a2:fd:ea:fb:80, -0.2, 0.973, 0.017, -0.366, -0.549, 0, 88.484, 11.673, -150.82, -20.093, -44.653, 39.867, 30.78, -0.11182, -0.2464, 0.65305, 0.70724
2025-06-14 20:57:49.398000,f8:a2:fd:ea:fb:80, -0.202, 0.978, 0.018, -0.122, -0.427, 0, 88.489, 11.673, -150.87, -20.093, -44.653, 39.867, 30.78, -0.11035, -0.24487, 0.65353, 0.70755
2025-06-14 20:57:49.516000,f8:a2:fd:ea:fb:80, -0.205, 0.978, 0.02, -0.183, -0.183, 0, 88.495, 11.667, -150.914, -20.093, -44.653, 39.867, 30.78, -0.11035, -0.24487, 0.65353, 0.70755
2025-06-14 20:57:49.636000,f8:a2:fd:ea:fb:80, -0.203, 0.973, 0.015, -0.061, -0.183, 0, 88.517, 11.667, -150.93, -20.260, -44.640, 40.013, 30.78, -0.11035, -0.24487, 0.65353, 0.70755
2025-06-14 20:57:49.728000,f8:a2:fd:ea:fb:80, -0.199, 0.974, 0.017, -0.305, -0.793, 0, 88.517, 11.667, -150.985, -20.260, -44.640, 40.013, 30.78, -0.10956, -0.2442, 0.65393, 0.70755
2025-06-14 20:57:49.818000,f8:a2:fd:ea:fb:80, -0.203, 0.976, 0.015, 0, -0.488, 0, 88.517, 11.667, -151.057, -20.260, -44.640, 40.013, 30.78, -0.10956, -0.2442, 0.65393, 0.70755
2025-06-14 20:57:49.909000,f8:a2:fd:ea:fb:80, -0.203, 0.973, 0.015, 0.122, -0.427, 0, 88.539, 11.667, -151.106, -20.207, -44.513, 39.913, 30.78, -0.10956, -0.2442, 0.65393, 0.70755
2025-06-14 20:57:49.997000,f8:a2:fd:ea:fb:80, -0.201, 0.977, 0.017, -0.183, 0.061, 0, 88.544, 11.667, -151.139, -20.207, -44.513, 39.913, 30.78, -0.10873, -0.24353, 0.65442, 0.70746
2025-06-14 20:57:50.118000,f8:a2:fd:ea:fb:80, -0.201, 0.973, 0.015, 0.061, -0.244, 0, 88.566, 11.667, -151.155, -20.207, -44.513, 39.913, 30.78, -0.10873, -0.24353, 0.65442, 0.70746
2025-06-14 20:57:50.238000,f8:a2:fd:ea:fb:80, -0.203, 0.976, 0.016, -0.244, -0.244, 0, 88.577, 11.667, -151.216, -20.000, -44.547, 40.120, 30.78, -0.10873, -0.24353, 0.65442, 0.70746
2025-06-14 20:57:50.298000,f8:a2:fd:ea:fb:80, -0.204, 0.975, 0.014, 0, -0.061, 0, 88.605, 11.667, -151.26, -20.000, -44.547, 40.120, 30.78, -0.10785, -0.24289, 0.65506, 0.70724
2025-06-14 20:57:50.418000,f8:a2:fd:ea:fb:80, -0.2, 0.973, 0.012, -0.183, -0.244, 0, 88.627, 11.667, -151.298, -20.000, -44.547, 40.120, 30.78, -0.10785, -0.24289, 0.65506, 0.70724
2025-06-14 20:57:50.508000,f8:a2:fd:ea:fb:80, -0.203, 0.977, 0.015, 0, -0.488, 0, 88.649, 11.673, -151.326, -20.013, -44.573, 40.113, 30.78, -0.10785, -0.24289, 0.65506, 0.70724
2025-06-14 20:57:50.597000,f8:a2:fd:ea:fb:80, -0.205, 0.973, 0.015, 0, -0.732, 0, 88.671, 11.673, -151.364, -20.013, -44.573, 40.113, 30.78, -0.10687, -0.24225, 0.6557, 0.707
2025-06-14 20:57:50.717000,f8:a2:fd:ea:fb:80, -0.202, 0.976, 0.015, 0, -0.671, 0, 88.682, 11.678, -151.43, -20.013, -44.573, 40.113, 30.78, -0.10687, -0.24225, 0.6557, 0.707
2025-06-14 20:57:50.837000,f8:a2:fd:ea:fb:80, -0.205, 0.97, 0.011, 0, -0.61, -0.183, 88.704, 11.695, -151.469, -19.973, -44.547, 40.153, 30.78, -0.10687, -0.24225, 0.6557, 0.707
2025-06-14 20:57:50.898000,f8:a2:fd:ea:fb:80, -0.205, 0.974, 0.015, 0, -0.427, -0.244, 88.715, 11.722, -151.534, -19.973, -44.547, 40.153, 30.78, -0.10529, -0.24176, 0.65628, 0.70685
2025-06-14 20:57:51.018000,f8:a2:fd:ea:fb:80, -0.206, 0.973, 0.011, 0.244, -0.061, -0.305, 88.748, 11.755, -151.562, -19.973, -44.547, 40.153, 30.78, -0.10529, -0.24176, 0.65628, 0.70685
2025-06-14 20:57:51.111000,f8:a2:fd:ea:fb:80, -0.205, 0.979, 0.012, 0.366, -0.305, -0.305, 88.797, 11.788, -151.584, -20.040, -44.607, 39.947, 30.78, -0.10529, -0.24176, 0.65628, 0.70685
2025-06-14 20:57:51.198000,f8:a2:fd:ea:fb:80, -0.208, 0.973, 0.011, 0.305, -0.183, -0.244, 88.846, 11.816, -151.6, -20.040, -44.607, 39.947, 30.78, -0.1041, -0.24213, 0.65717, 0.70609
2025-06-14 20:57:51.318000,f8:a2:fd:ea:fb:80, -0.204, 0.974, 0.009, 0.61, -0.183, -0.244, 88.918, 11.849, -151.617, -20.040, -44.607, 39.947, 30.78, -0.1041, -0.24213, 0.65717, 0.70609
2025-06-14 20:57:51.409000,f8:a2:fd:ea:fb:80, -0.208, 0.973, 0.008, 0.488, -0.305, -0.183, 88.995, 11.876, -151.633, -20.040, -44.607, 39.947, 30.78, -0.1041, -0.24213, 0.65717, 0.70609
2025-06-14 20:57:51.499000,f8:a2:fd:ea:fb:80, -0.207, 0.974, 0.006, 0.977, -0.183, -0.244, 89.083, 11.893, -151.661, -20.060, -44.653, 40.267, 30.78, -0.10284, -0.24249, 0.65869, 0.70474
2025-06-14 20:57:51.618000,f8:a2:fd:ea:fb:80, -0.207, 0.973, 0.003, 0.61, -0.427, -0.122, 89.182, 11.909, -151.672, -20.060, -44.653, 40.267, 30.78, -0.10284, -0.24249, 0.65869, 0.70474
2025-06-14 20:57:51.708000,f8:a2:fd:ea:fb:80, -0.205, 0.972, 0.004, 0.793, -0.427, -0.244, 89.264, 11.931, -151.716, -19.947, -44.480, 40.313, 30.78, -0.10284, -0.24249, 0.65869, 0.70474
2025-06-14 20:57:51.799000,f8:a2:fd:ea:fb:80, -0.204, 0.976, 0.003, 0.977, -0.244, 0, 89.385, 11.948, -151.727, -19.947, -44.480, 40.313, 30.78, -0.10159, -0.24258, 0.66037, 0.70331
2025-06-14 20:57:51.916000,f8:a2:fd:ea:fb:80, -0.21, 0.97, 0, 1.038, -0.122, -0.305, 89.489, 11.959, -151.743, -19.947, -44.480, 40.313, 30.78, -0.10159, -0.24258, 0.66037, 0.70331
2025-06-14 20:57:52.008000,f8:a2:fd:ea:fb:80, -0.211, 0.973, -0.001, 1.404, -0.305, -0.488, 89.621, 11.997, -151.507, -19.973, -44.533, 40.553, 30.78, -0.10159, -0.24258, 0.66037, 0.70331
2025-06-14 20:57:52.098000,f8:a2:fd:ea:fb:80, -0.202, 0.976, 0, 2.258, -0.366, -0.671, 89.808, 12.063, -151.128, -19.973, -44.533, 40.553, 30.78, -0.10364, -0.24692, 0.66125, 0.70065
2025-06-14 20:57:52.217000,f8:a2:fd:ea:fb:80, -0.212, 0.972, -0.015, 1.648, -0.549, -0.61, 90.027, 12.134, -150.705, -19.973, -44.533, 40.553, 30.78, -0.10364, -0.24692, 0.66125, 0.70065
2025-06-14 20:57:52.308000,f8:a2:fd:ea:fb:80, -0.217, 0.976, -0.012, 1.038, -0.061, -0.488, 90.148, 12.184, -150.348, -19.960, -44.280, 40.847, 30.78, -0.10364, -0.24692, 0.66125, 0.70065
2025-06-14 20:57:52.431000,f8:a2:fd:ea:fb:80, -0.213, 0.972, -0.017, 0.122, -0.549, -0.244, 90.253, 12.233, -150.029, -19.960, -44.280, 40.847, 30.78, -0.10873, -0.25528, 0.66107, 0.69705
2025-06-14 20:57:52.518000,f8:a2:fd:ea:fb:80, -0.214, 0.972, -0.016, 0.244, -0.488, -0.427, 90.291, 12.272, -149.749, -19.960, -44.280, 40.847, 30.78, -0.10873, -0.25528, 0.66107, 0.69705
2025-06-14 20:57:52.608000,f8:a2:fd:ea:fb:80, -0.217, 0.972, -0.018, -0.244, -0.366, -0.061, 90.319, 12.299, -149.464, -19.780, -44.220, 40.927, 30.78, -0.10873, -0.25528, 0.66107, 0.69705
2025-06-14 20:57:52.728000,f8:a2:fd:ea:fb:80, -0.208, 0.976, -0.016, -0.427, -0.305, 0, 90.302, 12.31, -149.2, -19.780, -44.220, 40.927, 30.78, -0.1127, -0.25992, 0.65955, 0.69614
2025-06-14 20:57:52.848000,f8:a2:fd:ea:fb:80, -0.213, 0.969, -0.014, -0.244, -0.427, 0, 90.302, 12.321, -148.947, -19.780, -44.220, 40.927, 30.78, -0.1127, -0.25992, 0.65955, 0.69614
2025-06-14 20:57:52.938000,f8:a2:fd:ea:fb:80, -0.21, 0.972, -0.013, -0.122, -0.61, 0, 90.297, 12.327, -148.722, -19.987, -44.247, 40.887, 30.78, -0.1127, -0.25992, 0.65955, 0.69614
2025-06-14 20:57:53.029000,f8:a2:fd:ea:fb:80, -0.217, 0.971, -0.013, -0.244, -0.732, 0, 90.291, 12.338, -148.513, -19.987, -44.247, 40.887, 30.78, -0.1127, -0.25992, 0.65955, 0.69614
2025-06-14 20:57:53.183000,f8:a2:fd:ea:fb:80, -0.212, 0.97, -0.016, -0.183, -0.732, 0, 90.291, 12.338, -148.299, -19.987, -44.247, 40.887, 30.78, -0.11795, -0.26517, 0.65738, 0.69537
2025-06-14 20:57:53.237000,f8:a2:fd:ea:fb:80, -0.211, 0.974, -0.015, -0.549, -0.305, 0, 90.264, 12.349, -148.123, -19.987, -44.247, 40.887, 30.78, -0.11795, -0.26517, 0.65738, 0.69537
2025-06-14 20:57:53.328000,f8:a2:fd:ea:fb:80, -0.211, 0.969, -0.015, -0.549, -0.61, 0, 90.236, 12.349, -147.936, -19.807, -44.120, 40.780, 30.78, -0.11795, -0.26517, 0.65738, 0.69537
2025-06-14 20:57:53.477000,f8:a2:fd:ea:fb:80, -0.212, 0.975, -0.01, -0.793, -0.732, 0.305, 90.187, 12.338, -147.772, -19.807, -44.120, 40.780, 30.78, -0.1217, -0.26834, 0.6554, 0.69537
2025-06-14 20:57:53.539000,f8:a2:fd:ea:fb:80, -0.213, 0.972, -0.011, -0.793, -0.732, 0.305, 90.126, 12.31, -147.623, -19.807, -44.120, 40.780, 30.78, -0.1217, -0.26834, 0.6554, 0.69537
2025-06-14 20:57:53.629000,f8:a2:fd:ea:fb:80, -0.211, 0.973, -0.008, -1.038, -0.671, 0.366, 90.06, 12.283, -147.486, -19.833, -44.547, 40.673, 30.78, -0.12482, -0.26974, 0.65359, 0.69598
2025-06-14 20:57:53.748000,f8:a2:fd:ea:fb:80, -0.214, 0.971, -0.01, -1.221, -0.61, 0.427, 89.973, 12.244, -147.371, -19.833, -44.547, 40.673, 30.78, -0.12482, -0.26974, 0.65359, 0.69598
2025-06-14 20:57:53.838000,f8:a2:fd:ea:fb:80, -0.209, 0.978, -0.007, -1.038, -0.61, 0.427, 89.89, 12.211, -147.266, -19.853, -44.407, 40.600, 30.78, -0.12482, -0.26974, 0.65359, 0.69598
2025-06-14 20:57:53.928000,f8:a2:fd:ea:fb:80, -0.208, 0.975, -0.004, -1.099, -0.671, 0.305, 89.808, 12.184, -147.184, -19.853, -44.407, 40.600, 30.78, -0.12735, -0.27042, 0.65182, 0.6969
2025-06-14 20:57:54.047000,f8:a2:fd:ea:fb:80, -0.212, 0.969, -0.005, -0.916, -0.793, 0.244, 89.72, 12.162, -147.112, -19.853, -44.407, 40.600, 30.78, -0.12735, -0.27042, 0.65182, 0.6969
2025-06-14 20:57:54.139000,f8:a2:fd:ea:fb:80, -0.21, 0.974, -0.002, -1.16, -0.671, 0.244, 89.637, 12.14, -147.014, -19.820, -44.620, 40.507, 30.78, -0.12735, -0.27042, 0.65182, 0.6969
2025-06-14 20:57:54.260000,f8:a2:fd:ea:fb:80, -0.207, 0.974, 0.001, -1.282, -0.793, 0.244, 89.539, 12.123, -146.937, -19.820, -44.620, 40.507, 30.78, -0.12982, -0.27112, 0.64972, 0.69815
2025-06-14 20:57:54.351000,f8:a2:fd:ea:fb:80, -0.206, 0.976, 0, -1.16, -0.732, 0.244, 89.418, 12.101, -146.887, -19.820, -44.620, 40.507, 30.78, -0.12982, -0.27112, 0.64972, 0.69815
2025-06-14 20:57:54.468000,f8:a2:fd:ea:fb:80, -0.211, 0.971, 0.005, -1.221, -0.854, 0.244, 89.313, 12.079, -146.821, -19.860, -44.420, 40.280, 30.78, -0.12982, -0.27112, 0.64972, 0.69815
2025-06-14 20:57:54.529000,f8:a2:fd:ea:fb:80, -0.206, 0.975, 0.006, -1.16, -0.916, 0.122, 89.209, 12.057, -146.777, -19.860, -44.420, 40.280, 30.78, -0.13174, -0.27127, 0.64774, 0.69955
2025-06-14 20:57:54.649000,f8:a2:fd:ea:fb:80, -0.205, 0.971, 0.009, -0.854, -0.854, 0, 89.11, 12.036, -146.766, -19.860, -44.420, 40.280, 30.78, -0.13174, -0.27127, 0.64774, 0.69955
2025-06-14 20:57:54.740000,f8:a2:fd:ea:fb:80, -0.203, 0.972, 0.007, -0.732, -0.488, 0, 89.061, 12.036, -146.7, -19.740, -44.753, 40.340, 30.78, -0.13174, -0.27127, 0.64774, 0.69955
2025-06-14 20:57:54.828000,f8:a2:fd:ea:fb:80, -0.207, 0.973, 0.012, -0.549, -1.16, 0.122, 89, 12.03, -146.656, -19.740, -44.753, 40.340, 30.78, -0.13309, -0.27151, 0.6463, 0.70053
2025-06-14 20:57:54.949000,f8:a2:fd:ea:fb:80, -0.206, 0.974, 0.011, -0.366, -1.038, 0, 88.967, 12.025, -146.602, -19.740, -44.753, 40.340, 30.78, -0.13309, -0.27151, 0.6463, 0.70053
2025-06-14 20:57:55.040000,f8:a2:fd:ea:fb:80, -0.208, 0.97, 0.009, -0.793, -1.343, -0.061, 88.901, 12.019, -146.596, -19.827, -44.500, 39.947, 30.78, -0.13309, -0.27151, 0.6463, 0.70053
2025-06-14 20:57:55.142000,f8:a2:fd:ea:fb:80, -0.21, 0.972, 0.016, -0.61, -0.793, 0, 88.819, 12.019, -146.607, -19.827, -44.500, 39.947, 30.78, -0.13388, -0.27155, 0.64508, 0.70148
2025-06-14 20:57:55.248000,f8:a2:fd:ea:fb:80, -0.209, 0.976, 0.012, -0.671, -0.793, 0, 88.77, 12.019, -146.569, -19.827, -44.500, 39.947, 30.78, -0.13388, -0.27155, 0.64508, 0.70148
2025-06-14 20:57:55.338000,f8:a2:fd:ea:fb:80, -0.206, 0.979, 0.015, -0.732, 0, 0, 88.715, 12.019, -146.547, -19.940, -44.547, 40.093, 30.78, -0.13388, -0.27155, 0.64508, 0.70148
2025-06-14 20:57:55.428000,f8:a2:fd:ea:fb:80, -0.209, 0.974, 0.012, 0.244, 0, 0, 88.737, 12.019, -146.464, -19.940, -44.547, 40.093, 30.78, -0.1351, -0.2724, 0.64423, 0.70172
2025-06-14 20:57:55.549000,f8:a2:fd:ea:fb:80, -0.204, 0.974, 0.012, -0.305, -0.732, 0, 88.742, 12.019, -146.398, -19.940, -44.547, 40.093, 30.78, -0.1351, -0.2724, 0.64423, 0.70172
2025-06-14 20:57:55.640000,f8:a2:fd:ea:fb:80, -0.206, 0.97, 0.017, -0.427, -0.854, 0.305, 88.709, 12.003, -146.387, -19.887, -44.753, 40.053, 30.78, -0.1351, -0.2724, 0.64423, 0.70172
2025-06-14 20:57:55.789000,f8:a2:fd:ea:fb:80, -0.208, 0.973, 0.016, -0.305, -1.038, 0.427, 88.682, 11.964, -146.354, -19.887, -44.753, 40.053, 30.78, -0.13608, -0.27246, 0.6438, 0.7019
2025-06-14 20:57:55.850000,f8:a2:fd:ea:fb:80, -0.202, 0.974, 0.017, -0.366, -0.671, 0.427, 88.638, 11.915, -146.349, -19.887, -44.753, 40.053, 30.78, -0.13608, -0.27246, 0.6438, 0.7019
2025-06-14 20:57:55.939000,f8:a2:fd:ea:fb:80, -0.207, 0.971, 0.017, -0.061, -0.671, 0.366, 88.621, 11.865, -146.327, -19.927, -44.620, 40.073, 30.78, -0.13727, -0.27191, 0.64359, 0.70206
2025-06-14 20:57:56.089000,f8:a2:fd:ea:fb:80, -0.2, 0.971, 0.014, -0.061, -0.122, 0.244, 88.621, 11.821, -146.299, -19.927, -44.620, 40.073, 30.78, -0.13727, -0.27191, 0.64359, 0.70206
2025-06-14 20:57:56.149000,f8:a2:fd:ea:fb:80, -0.2, 0.975, 0.017, 0.061, -0.305, 0.305, 88.649, 11.794, -146.25, -19.987, -44.647, 40.047, 30.78, -0.13727, -0.27191, 0.64359, 0.70206
2025-06-14 20:57:56.268000,f8:a2:fd:ea:fb:80, -0.203, 0.975, 0.013, 0.305, -0.122, 0.244, 88.693, 11.777, -146.206, -19.987, -44.647, 40.047, 30.78, -0.13821, -0.2724, 0.64401, 0.70129
2025-06-14 20:57:56.328000,f8:a2:fd:ea:fb:80, -0.207, 0.971, 0.012, 0.549, 0.244, 0.061, 88.759, 11.761, -146.124, -19.987, -44.647, 40.047, 30.78, -0.13821, -0.2724, 0.64401, 0.70129
2025-06-14 20:57:56.453000,f8:a2:fd:ea:fb:80, -0.203, 0.973, 0.013, 0.366, -0.061, -0.122, 88.824, 11.761, -146.041, -20.187, -44.573, 40.073, 30.78, -0.13821, -0.2724, 0.64401, 0.70129
2025-06-14 20:57:56.568000,f8:a2:fd:ea:fb:80, -0.206, 0.976, 0.01, 0.488, 0, -0.305, 88.896, 11.777, -145.97, -20.187, -44.573, 40.073, 30.78, -0.13904, -0.2739, 0.64462, 0.70001
2025-06-14 20:57:56.629000,f8:a2:fd:ea:fb:80, -0.205, 0.976, 0.008, 0, -0.244, -0.305, 88.945, 11.81, -145.915, -20.187, -44.573, 40.073, 30.8, -0.13904, -0.2739, 0.64462, 0.70001
2025-06-14 20:57:56.779000,f8:a2:fd:ea:fb:80, -0.203, 0.975, 0.01, -0.916, -0.977, -0.122, 88.918, 11.832, -145.937, -20.187, -44.573, 40.073, 30.8, -0.13904, -0.2739, 0.64462, 0.70001
2025-06-14 20:57:56.838000,f8:a2:fd:ea:fb:80, -0.203, 0.976, 0.013, -0.366, -0.61, -0.305, 88.874, 11.854, -145.948, -20.007, -44.407, 40.047, 30.8, -0.13904, -0.2739, 0.64462, 0.70001
2025-06-14 20:57:56.929000,f8:a2:fd:ea:fb:80, -0.209, 0.97, 0.011, -0.549, -1.038, -0.183, 88.841, 11.876, -145.942, -20.007, -44.407, 40.047, 30.8, -0.13873, -0.27444, 0.64392, 0.70047
2025-06-14 20:57:57.079000,f8:a2:fd:ea:fb:80, -0.207, 0.972, 0.009, -0.61, -0.183, -0.061, 88.792, 11.882, -145.948, -20.007, -44.407, 40.047, 30.8, -0.13873, -0.27444, 0.64392, 0.70047
2025-06-14 20:57:57.198000,f8:a2:fd:ea:fb:80, -0.206, 0.978, 0.011, -0.427, -0.244, 0, 88.781, 11.893, -145.931, -20.013, -44.487, 40.060, 30.8, -0.13873, -0.27444, 0.64392, 0.70047
2025-06-14 20:57:57.259000,f8:a2:fd:ea:fb:80, -0.204, 0.973, 0.013, -0.305, -0.854, 0.122, 88.748, 11.887, -145.942, -20.013, -44.487, 40.060, 30.8, -0.13907, -0.27451, 0.64328, 0.70099
2025-06-14 20:57:57.379000,f8:a2:fd:ea:fb:80, -0.202, 0.976, 0.017, -0.305, -0.854, 0.183, 88.726, 11.876, -145.926, -20.013, -44.487, 40.060, 30.8, -0.13907, -0.27451, 0.64328, 0.70099
2025-06-14 20:57:57.529000,f8:a2:fd:ea:fb:80, -0.203, 0.969, 0.013, -0.427, -0.793, 0.183, 88.698, 11.86, -145.926, -19.927, -44.607, 40.013, 30.8, -0.13907, -0.27451, 0.64328, 0.70099
2025-06-14 20:57:57.562000,f8:a2:fd:ea:fb:80, -0.207, 0.971, 0.013, 0, -0.061, 0.183, 88.687, 11.843, -145.904, -19.927, -44.607, 40.013, 30.8, -0.13959, -0.27438, 0.64307, 0.70114
2025-06-14 20:57:57.679000,f8:a2:fd:ea:fb:80, -0.207, 0.97, 0.013, -0.305, -0.671, 0.061, 88.693, 11.832, -145.865, -19.927, -44.607, 40.013, 30.8, -0.13959, -0.27438, 0.64307, 0.70114
2025-06-14 20:57:57.768000,f8:a2:fd:ea:fb:80, -0.204, 0.975, 0.013, -0.427, -0.366, 0.122, 88.676, 11.81, -145.86, -20.120, -44.587, 40.093, 30.8, -0.13959, -0.27438, 0.64307, 0.70114
2025-06-14 20:57:57.859000,f8:a2:fd:ea:fb:80, -0.205, 0.976, 0.015, -0.061, -0.549, 0, 88.665, 11.805, -145.86, -20.120, -44.587, 40.093, 30.8, -0.14014, -0.27432, 0.64288, 0.7012
2025-06-14 20:57:57.978000,f8:a2:fd:ea:fb:80, -0.202, 0.979, 0.017, 0.122, -0.793, -0.061, 88.665, 11.805, -145.876, -20.120, -44.587, 40.093, 30.8, -0.14014, -0.27432, 0.64288, 0.7012
2025-06-14 20:57:58.069000,f8:a2:fd:ea:fb:80, -0.207, 0.975, 0.013, 0.061, -0.61, 0, 88.682, 11.805, -145.882, -20.200, -44.607, 39.933, 30.8, -0.14014, -0.27432, 0.64288, 0.7012
2025-06-14 20:57:58.158000,f8:a2:fd:ea:fb:80, -0.203, 0.974, 0.016, -0.061, -0.183, 0, 88.709, 11.805, -145.86, -20.200, -44.607, 39.933, 30.8, -0.14005, -0.27451, 0.64313, 0.70093
2025-06-14 20:57:58.279000,f8:a2:fd:ea:fb:80, -0.206, 0.971, 0.016, 0, -0.183, 0, 88.726, 11.81, -145.833, -20.200, -44.607, 39.933, 30.8, -0.14005, -0.27451, 0.64313, 0.70093
2025-06-14 20:57:58.369000,f8:a2:fd:ea:fb:80, -0.203, 0.972, 0.012, -0.305, -0.183, 0, 88.726, 11.81, -145.805, -20.127, -44.587, 39.993, 30.8, -0.14005, -0.27451, 0.64313, 0.70093
2025-06-14 20:57:58.459000,f8:a2:fd:ea:fb:80, -0.203, 0.977, 0.011, -0.61, -1.343, 0, 88.698, 11.81, -145.827, -20.127, -44.587, 39.993, 30.8, -0.14008, -0.27438, 0.64288, 0.7012
2025-06-14 20:57:58.578000,f8:a2:fd:ea:fb:80, -0.2, 0.973, 0.015, -1.038, -1.587, 0.366, 88.605, 11.788, -145.909, -20.127, -44.587, 39.993, 30.8, -0.14008, -0.27438, 0.64288, 0.7012
2025-06-14 20:57:58.670000,f8:a2:fd:ea:fb:80, -0.201, 0.976, 0.026, -0.916, -0.183, 0.488, 88.5, 11.744, -145.926, -20.233, -44.480, 40.027, 30.8, -0.14008, -0.27438, 0.64288, 0.7012
2025-06-14 20:57:58.759000,f8:a2:fd:ea:fb:80, -0.206, 0.972, 0.015, -0.183, -0.122, 0.061, 88.506, 11.728, -145.844, -20.233, -44.480, 40.027, 30.8, -0.14105, -0.27383, 0.64206, 0.70197
2025-06-14 20:57:58.882000,f8:a2:fd:ea:fb:80, -0.203, 0.979, 0.022, 0.549, 0, 0, 88.544, 11.717, -145.772, -20.233, -44.480, 40.027, 30.8, -0.14105, -0.27383, 0.64206, 0.70197
2025-06-14 20:57:58.999000,f8:a2:fd:ea:fb:80, -0.2, 0.98, 0.018, 0, -0.977, -0.122, 88.599, 11.728, -145.772, -20.147, -44.640, 39.940, 30.8, -0.14105, -0.27383, 0.64206, 0.70197
2025-06-14 20:57:59.059000,f8:a2:fd:ea:fb:80, -0.205, 0.979, 0.017, 0.305, -1.221, -0.427, 88.621, 11.761, -145.789, -20.147, -44.640, 39.940, 30.8, -0.14087, -0.27444, 0.64255, 0.70132
2025-06-14 20:57:59.180000,f8:a2:fd:ea:fb:80, -0.203, 0.976, 0.014, -0.427, -1.526, -0.61, 88.61, 11.821, -145.898, -20.147, -44.640, 39.940, 30.8, -0.14087, -0.27444, 0.64255, 0.70132
2025-06-14 20:57:59.269000,f8:a2:fd:ea:fb:80, -0.205, 0.976, 0.02, -0.183, 0.732, -0.244, 88.583, 11.854, -145.887, -20.053, -44.800, 39.967, 30.8, -0.14087, -0.27444, 0.64255, 0.70132
2025-06-14 20:57:59.359000,f8:a2:fd:ea:fb:80, -0.204, 0.973, 0.016, 0.488, 0.305, -0.366, 88.649, 11.893, -145.75, -20.053, -44.800, 39.967, 30.8, -0.1405, -0.27576, 0.64227, 0.70114
2025-06-14 20:57:59.479000,f8:a2:fd:ea:fb:80, -0.205, 0.975, 0.015, -0.549, -0.549, -0.061, 88.654, 11.909, -145.679, -20.053, -44.800, 39.967, 30.8, -0.1405, -0.27576, 0.64227, 0.70114
2025-06-14 20:57:59.570000,f8:a2:fd:ea:fb:80, -0.209, 0.968, 0.015, -0.244, -0.366, -0.122, 88.632, 11.92, -145.657, -20.280, -44.600, 39.847, 30.8, -0.1405, -0.27576, 0.64227, 0.70114
2025-06-14 20:57:59.659000,f8:a2:fd:ea:fb:80, -0.206, 0.971, 0.013, -0.549, -1.16, -0.061, 88.61, 11.92, -145.662, -20.280, -44.600, 39.847, 30.8, -0.14062, -0.27594, 0.64175, 0.70151
2025-06-14 20:57:59.779000,f8:a2:fd:ea:fb:80, -0.205, 0.978, 0.015, -0.305, -0.549, 0.061, 88.572, 11.92, -145.701, -20.280, -44.600, 39.847, 30.8, -0.14062, -0.27594, 0.64175, 0.70151
2025-06-14 20:57:59.869000,f8:a2:fd:ea:fb:80, -0.203, 0.972, 0.014, 0.183, -0.122, 0, 88.599, 11.92, -145.679, -20.040, -44.720, 40.120, 30.8, -0.14062, -0.27594, 0.64175, 0.70151
2025-06-14 20:57:59.958000,f8:a2:fd:ea:fb:80, -0.205, 0.976, 0.018, 0.183, -0.549, 0, 88.632, 11.926, -145.646, -20.040, -44.720, 40.120, 30.8, -0.14087, -0.27634, 0.64191, 0.70117
2025-06-14 20:58:00.079000,f8:a2:fd:ea:fb:80, -0.209, 0.972, 0.012, 0.61, -0.305, 0, 88.687, 11.926, -145.602, -20.040, -44.720, 40.120, 30.8, -0.14087, -0.27634, 0.64191, 0.70117
2025-06-14 20:58:00.170000,f8:a2:fd:ea:fb:80, -0.208, 0.974, 0.015, 0.061, 0, 0, 88.726, 11.926, -145.585, -20.187, -44.560, 40.020, 30.8, -0.14087, -0.27634, 0.64191, 0.70117
2025-06-14 20:58:00.288000,f8:a2:fd:ea:fb:80, -0.206, 0.979, 0.013, 0.183, 0, 0, 88.764, 11.926, -145.558, -20.187, -44.560, 40.020, 30.8, -0.14096, -0.27686, 0.64246, 0.70044
2025-06-14 20:58:00.380000,f8:a2:fd:ea:fb:80, -0.206, 0.979, 0.008, 0, -0.427, 0, 88.824, 11.926, -145.53, -20.187, -44.560, 40.020, 30.8, -0.14096, -0.27686, 0.64246, 0.70044
2025-06-14 20:58:00.470000,f8:a2:fd:ea:fb:80, -0.205, 0.975, 0.015, 0.061, -0.488, 0, 88.824, 11.926, -145.519, -20.293, -44.827, 39.907, 30.8, -0.14096, -0.27686, 0.64246, 0.70044
2025-06-14 20:58:00.561000,f8:a2:fd:ea:fb:80, -0.208, 0.977, 0.009, -0.061, -0.427, 0, 88.835, 11.926, -145.503, -20.293, -44.827, 39.907, 30.8, -0.14117, -0.27725, 0.64276, 0.69998
2025-06-14 20:58:00.679000,f8:a2:fd:ea:fb:80, -0.208, 0.971, 0.012, -0.366, -0.854, 0, 88.83, 11.926, -145.481, -20.293, -44.827, 39.907, 30.8, -0.14117, -0.27725, 0.64276, 0.69998
2025-06-14 20:58:00.769000,f8:a2:fd:ea:fb:80, -0.207, 0.975, 0.011, -0.244, -0.488, 0, 88.819, 11.926, -145.475, -20.253, -44.640, 40.000, 30.8, -0.14117, -0.27725, 0.64276, 0.69998
2025-06-14 20:58:00.860000,f8:a2:fd:ea:fb:80, -0.204, 0.974, 0.011, -0.305, -0.488, 0, 88.819, 11.926, -145.486, -20.253, -44.640, 40.000, 30.8, -0.14117, -0.27725, 0.64276, 0.69998
2025-06-14 20:58:01.009000,f8:a2:fd:ea:fb:80, -0.205, 0.975, 0.012, -0.061, -0.488, 0, 88.813, 11.926, -145.497, -20.253, -44.640, 40.000, 30.8, -0.14127, -0.27731, 0.64261, 0.70004
2025-06-14 20:58:01.069000,f8:a2:fd:ea:fb:80, -0.207, 0.972, 0.009, -0.366, -0.732, 0, 88.819, 11.926, -145.503, -20.253, -44.640, 40.000, 30.8, -0.14127, -0.27731, 0.64261, 0.70004
2025-06-14 20:58:01.159000,f8:a2:fd:ea:fb:80, -0.204, 0.975, 0.014, -0.793, -0.671, 0.183, 88.759, 11.915, -145.541, -20.280, -44.467, 40.053, 30.8, -0.14111, -0.27667, 0.6423, 0.70062
2025-06-14 20:58:01.309000,f8:a2:fd:ea:fb:80, -0.207, 0.97, 0.01, -0.549, -0.793, 0.061, 88.709, 11.904, -145.563, -20.280, -44.467, 40.053, 30.8, -0.14111, -0.27667, 0.6423, 0.70062
2025-06-14 20:58:01.429000,f8:a2:fd:ea:fb:80, -0.203, 0.971, 0.016, -0.854, -1.343, 0.183, 88.643, 11.887, -145.585, -20.280, -44.467, 40.053, 30.8, -0.14111, -0.27667, 0.6423, 0.70062
2025-06-14 20:58:01.489000,f8:a2:fd:ea:fb:80, -0.205, 0.974, 0.015, -0.671, -0.671, 0.183, 88.577, 11.865, -145.64, -20.280, -44.467, 40.053, 30.8, -0.14111, -0.27667, 0.6423, 0.70062
2025-06-14 20:58:01.609000,f8:a2:fd:ea:fb:80, -0.204, 0.979, 0.018, -0.549, -0.854, 0.122, 88.528, 11.843, -145.662, -20.093, -44.980, 40.000, 30.8, -0.14145, -0.27542, 0.64136, 0.7019
2025-06-14 20:58:01.700000,f8:a2:fd:ea:fb:80, -0.207, 0.977, 0.02, 0.061, -0.488, 0, 88.506, 11.838, -145.673, -20.093, -44.980, 40.000, 30.8, -0.14145, -0.27542, 0.64136, 0.7019
2025-06-14 20:58:01.790000,f8:a2:fd:ea:fb:80, -0.205, 0.974, 0.018, -0.061, -0.549, 0, 88.528, 11.838, -145.646, -20.187, -44.567, 39.913, 30.8, -0.14145, -0.27542, 0.64136, 0.7019
2025-06-14 20:58:01.912000,f8:a2:fd:ea:fb:80, -0.201, 0.979, 0.016, -0.183, -0.122, 0, 88.522, 11.838, -145.64, -20.187, -44.567, 39.913, 30.8, -0.14166, -0.27563, 0.64139, 0.70175
2025-06-14 20:58:02.060000,f8:a2:fd:ea:fb:80, -0.207, 0.973, 0.017, 0, -0.732, 0, 88.522, 11.838, -145.624, -20.187, -44.567, 39.913, 30.8, -0.14166, -0.27563, 0.64139, 0.70175
2025-06-14 20:58:02.090000,f8:a2:fd:ea:fb:80, -0.206, 0.975, 0.019, -0.244, -0.732, 0, 88.517, 11.838, -145.629, -20.187, -44.567, 39.913, 30.8, -0.14166, -0.27563, 0.64139, 0.70175
2025-06-14 20:58:02.209000,f8:a2:fd:ea:fb:80, -0.201, 0.972, 0.019, -0.061, -0.549, 0, 88.517, 11.838, -145.64, -20.140, -44.720, 39.833, 30.8, -0.14166, -0.27563, 0.64139, 0.70175
2025-06-14 20:58:02.329000,f8:a2:fd:ea:fb:80, -0.201, 0.978, 0.015, -0.366, -0.427, 0, 88.522, 11.838, -145.64, -20.140, -44.720, 39.833, 30.8, -0.14166, -0.27563, 0.64139, 0.70175
2025-06-14 20:58:02.391000,f8:a2:fd:ea:fb:80, -0.205, 0.975, 0.017, 0, -0.122, 0, 88.528, 11.838, -145.629, -20.153, -44.733, 40.120, 30.8, -0.14166, -0.27563, 0.64139, 0.70175
2025-06-14 20:58:02.540000,f8:a2:fd:ea:fb:80, -0.203, 0.974, 0.018, 0, -0.244, 0, 88.55, 11.838, -145.607, -20.153, -44.733, 40.120, 30.8, -0.14175, -0.27582, 0.64151, 0.70154
2025-06-14 20:58:02.600000,f8:a2:fd:ea:fb:80, -0.208, 0.972, 0.017, -0.183, -0.549, 0, 88.555, 11.838, -145.602, -20.153, -44.733, 40.120, 30.8, -0.14175, -0.27582, 0.64151, 0.70154
2025-06-14 20:58:02.690000,f8:a2:fd:ea:fb:80, -0.207, 0.972, 0.017, -0.244, -0.671, 0, 88.55, 11.838, -145.607, -20.207, -44.733, 40.120, 30.8, -0.14175, -0.27582, 0.64151, 0.70154
2025-06-14 20:58:02.810000,f8:a2:fd:ea:fb:80, -0.203, 0.975, 0.016, -0.244, -0.427, 0, 88.55, 11.838, -145.618, -20.207, -44.440, 39.940, 30.8, -0.14157, -0.2756, 0.64151, 0.70169
2025-06-14 20:58:02.900000,f8:a2:fd:ea:fb:80, -0.205, 0.974, 0.016, -0.488, -0.549, 0, 88.528, 11.838, -145.64, -20.207, -44.440, 39.940, 30.8, -0.14157, -0.2756, 0.64151, 0.70169
2025-06-14 20:58:03.022000,f8:a2:fd:ea:fb:80, -0.208, 0.977, 0.018, -0.122, -0.183, 0, 88.533, 11.838, -145.646, -20.207, -44.440, 39.940, 30.8, -0.14157, -0.2756, 0.64151, 0.70169
2025-06-14 20:58:03.110000,f8:a2:fd:ea:fb:80, -0.202, 0.975, 0.016, -0.488, -0.183, 0, 88.522, 11.838, -145.662, -20.027, -44.807, 40.040, 30.8, -0.14139, -0.27542, 0.64145, 0.70184
2025-06-14 20:58:03.200000,f8:a2:fd:ea:fb:80, -0.209, 0.974, 0.018, 0, -0.427, 0, 88.522, 11.843, -145.668, -20.027, -44.807, 40.040, 30.8, -0.14139, -0.27542, 0.64145, 0.70184
2025-06-14 20:58:03.289000,f8:a2:fd:ea:fb:80, -0.205, 0.974, 0.017, -0.427, -0.366, 0, 88.528, 11.843, -145.673, -20.027, -44.807, 40.040, 30.8, -0.14139, -0.27542, 0.64145, 0.70184
2025-06-14 20:58:03.441000,f8:a2:fd:ea:fb:80, -0.205, 0.975, 0.015, -0.183, -0.488, 0, 88.522, 11.843, -145.69, -20.093, -44.640, 39.747, 30.8, -0.14139, -0.27542, 0.64145, 0.70184
2025-06-14 20:58:03.500000,f8:a2:fd:ea:fb:80, -0.202, 0.978, 0.016, 0, -0.427, 0, 88.528, 11.849, -145.712, -20.093, -44.640, 39.747, 30.8, -0.14117, -0.2753, 0.64154, 0.70187
2025-06-14 20:58:03.590000,f8:a2:fd:ea:fb:80, -0.207, 0.972, 0.017, 0.061, -0.61, 0, 88.539, 11.849, -145.739, -20.093, -44.640, 39.747, 30.8, -0.14117, -0.2753, 0.64154, 0.70187
2025-06-14 20:58:03.770000,f8:a2:fd:ea:fb:80, -0.201, 0.975, 0.016, -0.061, -0.427, 0, 88.555, 11.849, -145.756, -20.153, -44.793, 40.007, 30.8, -0.14117, -0.2753, 0.64154, 0.70187
2025-06-14 20:58:03.799000,f8:a2:fd:ea:fb:80, -0.208, 0.974, 0.019, -0.061, -0.427, 0, 88.561, 11.849, -145.783, -20.153, -44.793, 40.007, 30.8, -0.14053, -0.27487, 0.64197, 0.70175
2025-06-14 20:58:03.920000,f8:a2:fd:ea:fb:80, -0.205, 0.974, 0.015, 0, -0.061, 0, 88.572, 11.849, -145.778, -20.153, -44.793, 40.007, 30.8, -0.14053, -0.27487, 0.64197, 0.70175
2025-06-14 20:58:04.010000,f8:a2:fd:ea:fb:80, -0.205, 0.974, 0.017, -0.366, -0.549, 0, 88.572, 11.849, -145.8, -20.240, -44.687, 39.960, 30.8, -0.14053, -0.27487, 0.64197, 0.70175
2025-06-14 20:58:04.130000,f8:a2:fd:ea:fb:80, -0.206, 0.976, 0.016, -0.061, -0.61, 0, 88.566, 11.849, -145.833, -20.240, -44.687, 39.960, 30.8, -0.14011, -0.27454, 0.64215, 0.70178
2025-06-14 20:58:04.190000,f8:a2:fd:ea:fb:80, -0.208, 0.972, 0.015, 0, -0.732, 0, 88.572, 11.849, -145.871, -20.240, -44.687, 39.960, 30.8, -0.14011, -0.27454, 0.64215, 0.70178
2025-06-14 20:58:04.371000,f8:a2:fd:ea:fb:80, -0.204, 0.976, 0.017, -0.244, -0.244, 0, 88.572, 11.849, -145.915, -20.173, -44.653, 40.053, 30.8, -0.14011, -0.27454, 0.64215, 0.70178
2025-06-14 20:58:04.399000,f8:a2:fd:ea:fb:80, -0.208, 0.976, 0.014, -0.122, -0.427, 0, 88.577, 11.849, -145.942, -20.173, -44.653, 40.053, 30.8, -0.13953, -0.27405, 0.64246, 0.70184
2025-06-14 20:58:04.490000,f8:a2:fd:ea:fb:80, -0.203, 0.979, 0.018, 0.183, -0.183, 0, 88.599, 11.849, -145.953, -20.173, -44.653, 40.053, 30.8, -0.13953, -0.27405, 0.64246, 0.70184
2025-06-14 20:58:04.610000,f8:a2:fd:ea:fb:80, -0.204, 0.977, 0.014, -0.061, -0.122, 0, 88.627, 11.849, -145.959, -20.173, -44.653, 40.053, 30.8, -0.13953, -0.27405, 0.64246, 0.70184
2025-06-14 20:58:04.760000,f8:a2:fd:ea:fb:80, -0.204, 0.974, 0.014, -0.122, -0.366, 0, 88.638, 11.854, -145.992, -20.167, -44.813, 39.960, 30.8, -0.13953, -0.27405, 0.64246, 0.70184
2025-06-14 20:58:04.789000,f8:a2:fd:ea:fb:80, -0.205, 0.971, 0.016, 0.061, -0.488, 0, 88.654, 11.854, -146.025, -20.167, -44.813, 39.960, 30.8, -0.13882, -0.27371, 0.6431, 0.70151
2025-06-14 20:58:04.912000,f8:a2:fd:ea:fb:80, -0.209, 0.975, 0.022, 0, -0.671, 0, 88.676, 11.86, -146.058, -20.167, -44.813, 39.960, 30.8, -0.13882, -0.27371, 0.6431, 0.70151
2025-06-14 20:58:05.030000,f8:a2:fd:ea:fb:80, -0.2, 0.977, 0.015, 0, -0.305, 0, 88.698, 11.86, -146.08, -20.167, -44.813, 39.960, 30.8, -0.13882, -0.27371, 0.6431, 0.70151
2025-06-14 20:58:05.091000,f8:a2:fd:ea:fb:80, -0.209, 0.974, 0.016, -0.061, -0.305, 0, 88.704, 11.865, -146.118, -20.213, -44.720, 40.007, 30.8, -0.13882, -0.27371, 0.6431, 0.70151
2025-06-14 20:58:05.241000,f8:a2:fd:ea:fb:80, -0.205, 0.968, 0.009, 0.122, -0.244, 0, 88.731, 11.865, -146.129, -20.213, -44.720, 40.007, 30.8, -0.13791, -0.27325, 0.64377, 0.70126
2025-06-14 20:58:05.300000,f8:a2:fd:ea:fb:80, -0.205, 0.974, 0.012, -0.183, -0.366, 0, 88.748, 11.871, -146.157, -20.213, -44.720, 40.007, 30.8, -0.13791, -0.27325, 0.64377, 0.70126
2025-06-14 20:58:05.390000,f8:a2:fd:ea:fb:80, -0.201, 0.975, 0.012, -0.244, -0.366, 0, 88.748, 11.871, -146.195, -20.240, -44.653, 40.053, 30.8, -0.13733, -0.27283, 0.6441, 0.70123
2025-06-14 20:58:05.540000,f8:a2:fd:ea:fb:80, -0.205, 0.976, 0.016, 0, -0.732, 0, 88.759, 11.871, -146.234, -20.240, -44.653, 40.053, 30.8, -0.13733, -0.27283, 0.6441, 0.70123
2025-06-14 20:58:05.631000,f8:a2:fd:ea:fb:80, -0.208, 0.972, 0.014, 0, -0.793, 0, 88.759, 11.871, -146.283, -20.240, -44.653, 40.053, 30.8, -0.13733, -0.27283, 0.6441, 0.70123
2025-06-14 20:58:05.721000,f8:a2:fd:ea:fb:80, -0.205, 0.974, 0.011, -0.366, -0.549, 0, 88.759, 11.876, -146.321, -20.213, -44.667, 39.873, 30.8, -0.13733, -0.27283, 0.6441, 0.70123
2025-06-14 20:58:05.840000,f8:a2:fd:ea:fb:80, -0.206, 0.97, 0.011, -0.061, -0.305, 0, 88.753, 11.876, -146.371, -20.213, -44.667, 39.873, 30.8, -0.13638, -0.272, 0.64444, 0.70145
2025-06-14 20:58:05.960000,f8:a2:fd:ea:fb:80, -0.204, 0.975, 0.012, -0.244, -0.427, 0, 88.764, 11.876, -146.393, -20.213, -44.667, 39.873, 30.8, -0.13638, -0.272, 0.64444, 0.70145
2025-06-14 20:58:06.021000,f8:a2:fd:ea:fb:80, -0.207, 0.976, 0.012, -0.305, -0.366, 0, 88.759, 11.876, -146.442, -20.180, -44.667, 40.127, 30.8, -0.13638, -0.272, 0.64444, 0.70145
2025-06-14 20:58:06.140000,f8:a2:fd:ea:fb:80, -0.203, 0.979, 0.016, -0.427, -0.488, 0, 88.737, 11.876, -146.464, -20.180, -44.667, 40.127, 30.8, -0.1358, -0.27148, 0.64456, 0.70163
2025-06-14 20:58:06.230000,f8:a2:fd:ea:fb:80, -0.206, 0.973, 0.013, -0.183, -0.549, 0, 88.726, 11.882, -146.426, -20.180, -44.667, 40.127, 30.8, -0.1358, -0.27148, 0.64456, 0.70163
2025-06-14 20:58:06.322000,f8:a2:fd:ea:fb:80, -0.201, 0.972, 0.014, -0.061, -0.488, 0, 88.737, 11.882, -146.365, -20.067, -44.427, 39.967, 30.8, -0.1358, -0.27148, 0.64456, 0.70163
2025-06-14 20:58:06.441000,f8:a2:fd:ea:fb:80, -0.208, 0.974, 0.013, -0.488, -1.221, 0, 88.72, 11.876, -146.349, -20.067, -44.427, 39.967, 30.8, -0.13654, -0.27209, 0.6442, 0.7016
2025-06-14 20:58:06.530000,f8:a2:fd:ea:fb:80, -0.206, 0.973, 0.015, -0.244, -0.61, 0, 88.698, 11.876, -146.299, -20.067, -44.427, 39.967, 30.8, -0.13654, -0.27209, 0.6442, 0.7016
2025-06-14 20:58:06.623000,f8:a2:fd:ea:fb:80, -0.205, 0.975, 0.013, -0.549, -0.671, 0, 88.682, 11.876, -146.255, -20.120, -44.580, 39.873, 30.8, -0.13654, -0.27209, 0.6442, 0.7016
2025-06-14 20:58:06.741000,f8:a2:fd:ea:fb:80, -0.207, 0.974, 0.015, -0.366, -0.793, 0, 88.649, 11.876, -146.228, -20.120, -44.580, 39.873, 30.8, -0.13745, -0.27264, 0.64349, 0.70181
2025-06-14 20:58:06.831000,f8:a2:fd:ea:fb:80, -0.203, 0.975, 0.014, -0.305, -0.488, 0, 88.632, 11.876, -146.206, -20.120, -44.580, 39.873, 30.8, -0.13745, -0.27264, 0.64349, 0.70181
2025-06-14 20:58:06.921000,f8:a2:fd:ea:fb:80, -0.206, 0.975, 0.016, -0.244, -0.671, 0, 88.61, 11.871, -146.184, -20.080, -44.400, 40.060, 30.8, -0.13745, -0.27264, 0.64349, 0.70181
2025-06-14 20:58:07.041000,f8:a2:fd:ea:fb:80, -0.204, 0.974, 0.016, -0.305, -0.793, 0, 88.599, 11.871, -146.162, -20.080, -44.400, 40.060, 30.8, -0.138, -0.27292, 0.64307, 0.70203
2025-06-14 20:58:07.130000,f8:a2:fd:ea:fb:80, -0.204, 0.974, 0.02, -0.366, -0.732, 0, 88.572, 11.865, -146.157, -20.080, -44.400, 40.060, 30.8, -0.138, -0.27292, 0.64307, 0.70203
2025-06-14 20:58:07.220000,f8:a2:fd:ea:fb:80, -0.205, 0.974, 0.016, -0.061, -0.427, 0, 88.566, 11.865, -146.113, -20.133, -44.673, 39.920, 30.8, -0.138, -0.27292, 0.64307, 0.70203
2025-06-14 20:58:07.341000,f8:a2:fd:ea:fb:80, -0.206, 0.974, 0.016, -0.305, -0.244, 0, 88.577, 11.865, -146.063, -20.133, -44.673, 39.920, 30.8, -0.1387, -0.27341, 0.6427, 0.70203
2025-06-14 20:58:07.430000,f8:a2:fd:ea:fb:80, -0.201, 0.979, 0.019, -0.122, -0.305, 0, 88.577, 11.86, -146.019, -20.133, -44.673, 39.920, 30.8, -0.1387, -0.27341, 0.6427, 0.70203
2025-06-14 20:58:07.520000,f8:a2:fd:ea:fb:80, -0.205, 0.979, 0.017, -0.122, -0.488, 0, 88.588, 11.86, -145.997, -20.113, -44.673, 40.033, 30.8, -0.1387, -0.27341, 0.6427, 0.70203
2025-06-14 20:58:07.640000,f8:a2:fd:ea:fb:80, -0.21, 0.972, 0.015, 0.061, -0.427, 0, 88.594, 11.86, -145.97, -20.113, -44.673, 40.033, 30.8, -0.13928, -0.27399, 0.64258, 0.70178
2025-06-14 20:58:07.730000,f8:a2:fd:ea:fb:80, -0.202, 0.974, 0.017, -0.183, -0.305, 0, 88.605, 11.86, -145.953, -20.113, -44.673, 40.033, 30.8, -0.13928, -0.27399, 0.64258, 0.70178
2025-06-14 20:58:07.822000,f8:a2:fd:ea:fb:80, -0.205, 0.976, 0.014, -0.061, 0, 0, 88.616, 11.86, -145.931, -20.173, -44.653, 39.993, 30.8, -0.13928, -0.27399, 0.64258, 0.70178
2025-06-14 20:58:07.940000,f8:a2:fd:ea:fb:80, -0.205, 0.976, 0.014, 0, -0.366, 0, 88.643, 11.86, -145.887, -20.173, -44.653, 39.993, 30.8, -0.13965, -0.27448, 0.6427, 0.70142
2025-06-14 20:58:08.031000,f8:a2:fd:ea:fb:80, -0.206, 0.97, 0.02, -0.061, -0.549, 0, 88.649, 11.86, -145.871, -20.173, -44.653, 39.993, 30.8, -0.13965, -0.27448, 0.6427, 0.70142
2025-06-14 20:58:08.121000,f8:a2:fd:ea:fb:80, -0.205, 0.973, 0.014, -0.061, -0.427, 0, 88.665, 11.86, -145.865, -20.080, -44.707, 39.973, 30.8, -0.13965, -0.27448, 0.6427, 0.70142
2025-06-14 20:58:08.241000,f8:a2:fd:ea:fb:80, -0.205, 0.974, 0.015, -0.122, -0.244, 0, 88.682, 11.86, -145.865, -20.080, -44.707, 39.973, 30.8, -0.13968, -0.27463, 0.64285, 0.7012
2025-06-14 20:58:08.392000,f8:a2:fd:ea:fb:80, -0.202, 0.974, 0.014, 0.061, -0.488, 0, 88.698, 11.86, -145.854, -20.080, -44.707, 39.973, 30.8, -0.13968, -0.27463, 0.64285, 0.7012
2025-06-14 20:58:08.421000,f8:a2:fd:ea:fb:80, -0.206, 0.977, 0.015, -0.183, -0.488, 0, 88.704, 11.86, -145.865, -20.240, -44.673, 39.940, 30.8, -0.13968, -0.27463, 0.64285, 0.7012
2025-06-14 20:58:08.541000,f8:a2:fd:ea:fb:80, -0.206, 0.973, 0.011, 0.061, -0.061, 0, 88.731, 11.865, -145.849, -20.240, -44.673, 39.940, 30.8, -0.13965, -0.27481, 0.64313, 0.7009
2025-06-14 20:58:08.631000,f8:a2:fd:ea:fb:80, -0.207, 0.974, 0.011, -0.183, -0.549, 0, 88.742, 11.865, -145.849, -20.240, -44.673, 39.940, 30.8, -0.13965, -0.27481, 0.64313, 0.7009
2025-06-14 20:58:08.722000,f8:a2:fd:ea:fb:80, -0.207, 0.976, 0.012, -0.061, -0.427, 0, 88.753, 11.865, -145.86, -20.213, -44.547, 40.093, 30.8, -0.13965, -0.27481, 0.64313, 0.7009
2025-06-14 20:58:08.842000,f8:a2:fd:ea:fb:80, -0.207, 0.975, 0.011, -0.305, -0.61, 0, 88.753, 11.871, -145.876, -20.213, -44.547, 40.093, 30.8, -0.13943, -0.27475, 0.64331, 0.70081
2025-06-14 20:58:08.961000,f8:a2:fd:ea:fb:80, -0.206, 0.976, 0.011, -0.183, -0.366, 0, 88.748, 11.871, -145.909, -20.213, -44.547, 40.093, 30.8, -0.13943, -0.27475, 0.64331, 0.70081
2025-06-14 20:58:09.082000,f8:a2:fd:ea:fb:80, -0.208, 0.975, 0.014, -0.427, -0.732, 0, 88.748, 11.876, -145.931, -20.213, -44.547, 40.093, 30.8, -0.13943, -0.27475, 0.64331, 0.70081
2025-06-14 20:58:09.144000,f8:a2:fd:ea:fb:80, -0.204, 0.976, 0.012, -0.183, 0, 0, 88.748, 11.876, -145.948, -20.113, -44.700, 39.953, 30.8, -0.13943, -0.27475, 0.64331, 0.70081
2025-06-14 20:58:09.232000,f8:a2:fd:ea:fb:80, -0.205, 0.974, 0.011, -0.122, -0.427, 0, 88.759, 11.876, -145.959, -20.113, -44.700, 39.953, 30.8, -0.13882, -0.27429, 0.64352, 0.70087
2025-06-14 20:58:09.322000,f8:a2:fd:ea:fb:80, -0.206, 0.976, 0.011, -0.244, -0.305, 0, 88.759, 11.876, -145.981, -20.113, -44.700, 39.953, 30.8, -0.13882, -0.27429, 0.64352, 0.70087
2025-06-14 20:58:09.472000,f8:a2:fd:ea:fb:80, -0.21, 0.969, 0.012, 0, -0.732, 0, 88.764, 11.882, -146.003, -20.180, -44.273, 39.887, 30.8, -0.13882, -0.27429, 0.64352, 0.70087
2025-06-14 20:58:09.590000,f8:a2:fd:ea:fb:80, -0.206, 0.974, 0.015, -0.122, -0.61, 0, 88.77, 11.882, -146.041, -20.180, -44.273, 39.887, 30.8, -0.13828, -0.27386, 0.64377, 0.70096
2025-06-14 20:58:09.621000,f8:a2:fd:ea:fb:80, -0.207, 0.969, 0.014, 0, -0.427, 0, 88.781, 11.882, -146.074, -20.180, -44.273, 39.887, 30.8, -0.13828, -0.27386, 0.64377, 0.70096
2025-06-14 20:58:09.801000,f8:a2:fd:ea:fb:80, -0.203, 0.973, 0.01, -0.183, -0.61, 0, 88.786, 11.882, -146.107, -20.173, -44.673, 40.073, 30.8, -0.13828, -0.27386, 0.64377, 0.70096
2025-06-14 20:58:09.861000,f8:a2:fd:ea:fb:80, -0.209, 0.975, 0.013, 0.061, -0.244, 0, 88.808, 11.882, -146.118, -20.173, -44.673, 40.073, 30.8, -0.13773, -0.2735, 0.6442, 0.70081
2025-06-14 20:58:09.951000,f8:a2:fd:ea:fb:80, -0.204, 0.977, 0.031, 0.305, -0.061, -0.183, 88.852, 11.893, -146.102, -20.173, -44.673, 40.073, 30.8, -0.13773, -0.2735, 0.6442, 0.70081
2025-06-14 20:58:10.072000,f8:a2:fd:ea:fb:80, -0.208, 0.973, 0.013, -0.122, -0.549, -0.061, 88.868, 11.909, -146.118, -20.193, -44.587, 40.007, 30.8, -0.13773, -0.2735, 0.6442, 0.70081
2025-06-14 20:58:10.161000,f8:a2:fd:ea:fb:80, -0.208, 0.97, 0.012, -0.061, -0.854, -0.183, 88.885, 11.92, -146.162, -20.193, -44.587, 40.007, 30.8, -0.13681, -0.27347, 0.64478, 0.70047
2025-06-14 20:58:10.251000,f8:a2:fd:ea:fb:80, -0.205, 0.974, 0.009, -0.122, -0.549, -0.061, 88.896, 11.931, -146.206, -20.193, -44.587, 40.007, 30.8, -0.13681, -0.27347, 0.64478, 0.70047
2025-06-14 20:58:10.371000,f8:a2:fd:ea:fb:80, -0.207, 0.969, 0.01, 0, -0.488, 0, 88.901, 11.937, -146.25, -20.187, -44.387, 40.067, 30.8, -0.13681, -0.27347, 0.64478, 0.70047
2025-06-14 20:58:10.461000,f8:a2:fd:ea:fb:80, -0.208, 0.974, 0.011, -0.183, -0.793, 0, 88.912, 11.937, -146.272, -20.187, -44.387, 40.067, 30.8, -0.13608, -0.27301, 0.64508, 0.7005
2025-06-14 20:58:10.551000,f8:a2:fd:ea:fb:80, -0.208, 0.975, 0.012, 0, -0.427, 0, 88.918, 11.942, -146.299, -20.187, -44.387, 40.067, 30.8, -0.13608, -0.27301, 0.64508, 0.7005
2025-06-14 20:58:10.670000,f8:a2:fd:ea:fb:80, -0.207, 0.974, 0.01, -0.122, -0.427, 0, 88.934, 11.948, -146.327, -20.273, -44.547, 40.100, 30.8, -0.13544, -0.27261, 0.64542, 0.70047
2025-06-14 20:58:10.761000,f8:a2:fd:ea:fb:80, -0.206, 0.975, 0.01, -0.183, -0.366, 0, 88.94, 11.948, -146.371, -20.273, -44.547, 40.100, 30.8, -0.13544, -0.27261, 0.64542, 0.70047
2025-06-14 20:58:10.851000,f8:a2:fd:ea:fb:80, -0.212, 0.973, 0.008, 0, -0.488, 0, 88.951, 11.953, -146.409, -20.273, -44.547, 40.100, 30.8, -0.13544, -0.27261, 0.64542, 0.70047
2025-06-14 20:58:10.971000,f8:a2:fd:ea:fb:80, -0.206, 0.976, 0.012, -0.122, -0.244, 0, 88.962, 11.959, -146.448, -20.113, -44.573, 40.173, 30.8, -0.13464, -0.27213, 0.64587, 0.70041
2025-06-14 20:58:11.062000,f8:a2:fd:ea:fb:80, -0.204, 0.974, 0.008, -0.122, 0, 0, 88.973, 11.959, -146.481, -20.113, -44.573, 40.173, 30.8, -0.13464, -0.27213, 0.64587, 0.70041
2025-06-14 20:58:11.211000,f8:a2:fd:ea:fb:80, -0.204, 0.976, 0.009, 0, -0.671, 0, 88.989, 11.964, -146.492, -20.113, -44.573, 40.173, 30.8, -0.13464, -0.27213, 0.64587, 0.70041
2025-06-14 20:58:11.271000,f8:a2:fd:ea:fb:80, -0.208, 0.97, 0.008, -0.183, -0.366, 0, 89, 11.964, -146.536, -20.293, -44.540, 40.033, 30.8, -0.13464, -0.27213, 0.64587, 0.70041
2025-06-14 20:58:11.362000,f8:a2:fd:ea:fb:80, -0.205, 0.97, 0.007, 0.122, -0.183, 0, 89.017, 11.964, -146.569, -20.293, -44.540, 40.033, 30.8, -0.13388, -0.27167, 0.64648, 0.70016
2025-06-14 20:58:11.451000,f8:a2:fd:ea:fb:80, -0.206, 0.976, 0.007, 0, -0.061, 0, 89.05, 11.964, -146.585, -20.293, -44.540, 40.033, 30.8, -0.13388, -0.27167, 0.64648, 0.70016
2025-06-14 20:58:11.573000,f8:a2:fd:ea:fb:80, -0.205, 0.971, 0.009, 0.183, -0.305, 0, 89.083, 11.964, -146.602, -20.167, -44.587, 40.220, 30.8, -0.13388, -0.27167, 0.64648, 0.70016
2025-06-14 20:58:11.692000,f8:a2:fd:ea:fb:80, -0.202, 0.976, 0.005, -0.122, 0, 0, 89.116, 11.959, -146.618, -20.167, -44.587, 40.220, 30.8, -0.13342, -0.27148, 0.64713, 0.69974
2025-06-14 20:58:11.781000,f8:a2:fd:ea:fb:80, -0.204, 0.972, 0.005, 0, -0.488, 0, 89.138, 11.959, -146.651, -20.167, -44.587, 40.220, 30.8, -0.13342, -0.27148, 0.64713, 0.69974
2025-06-14 20:58:11.871000,f8:a2:fd:ea:fb:80, -0.206, 0.972, 0.006, -0.122, -0.671, 0, 89.138, 11.953, -146.684, -20.253, -44.540, 40.100, 30.8, -0.13284, -0.27081, 0.64737, 0.69989
2025-06-14 20:58:11.961000,f8:a2:fd:ea:fb:80, -0.208, 0.971, 0.006, -0.61, -0.977, 0, 89.105, 11.948, -146.744, -20.253, -44.540, 40.100, 30.8, -0.13284, -0.27081, 0.64737, 0.69989
2025-06-14 20:58:12.051000,f8:a2:fd:ea:fb:80, -0.206, 0.979, 0.007, -0.427, -0.549, 0, 89.066, 11.942, -146.684, -20.253, -44.540, 40.100, 30.8, -0.13284, -0.27081, 0.64737, 0.69989
2025-06-14 20:58:12.171000,f8:a2:fd:ea:fb:80, -0.208, 0.975, 0.005, -0.427, -0.366, 0, 89.066, 11.942, -146.596, -20.293, -44.467, 40.093, 30.8, -0.13425, -0.27173, 0.64648, 0.70004
2025-06-14 20:58:12.261000,f8:a2:fd:ea:fb:80, -0.204, 0.977, 0.01, -0.549, -0.61, 0, 89.033, 11.937, -146.525, -20.293, -44.467, 40.093, 30.8, -0.13425, -0.27173, 0.64648, 0.70004
2025-06-14 20:58:12.350000,f8:a2:fd:ea:fb:80, -0.204, 0.974, 0.009, -0.244, -0.854, 0, 89.011, 11.931, -146.47, -20.293, -44.467, 40.093, 30.82, -0.13425, -0.27173, 0.64648, 0.70004
2025-06-14 20:58:12.471000,f8:a2:fd:ea:fb:80, -0.206, 0.976, 0.01, -0.061, -0.549, 0, 89.006, 11.931, -146.415, -20.293, -44.467, 40.093, 30.82, -0.13425, -0.27173, 0.64648, 0.70004
2025-06-14 20:58:12.592000,f8:a2:fd:ea:fb:80, -0.204, 0.979, 0.011, -0.183, -0.488, 0, 89.006, 11.926, -146.354, -20.260, -44.487, 40.073, 30.82, -0.13425, -0.27173, 0.64648, 0.70004
2025-06-14 20:58:12.652000,f8:a2:fd:ea:fb:80, -0.206, 0.974, 0.008, 0, -0.427, 0, 89.022, 11.926, -146.266, -20.260, -44.487, 40.073, 30.82, -0.13605, -0.27316, 0.64575, 0.69983
2025-06-14 20:58:12.770000,f8:a2:fd:ea:fb:80, -0.207, 0.975, 0.011, 0.061, -0.244, 0, 89.039, 11.92, -146.201, -20.260, -44.487, 40.073, 30.82, -0.13605, -0.27316, 0.64575, 0.69983
2025-06-14 20:58:12.891000,f8:a2:fd:ea:fb:80, -0.2, 0.981, 0.005, 0, 0, 0, 89.066, 11.92, -146.124, -20.313, -44.580, 40.113, 30.82, -0.13605, -0.27316, 0.64575, 0.69983
2025-06-14 20:58:12.952000,f8:a2:fd:ea:fb:80, -0.205, 0.974, 0.009, -0.122, -0.732, 0, 89.077, 11.915, -146.069, -20.313, -44.580, 40.113, 30.82, -0.13715, -0.27429, 0.64563, 0.69928
2025-06-14 20:58:13.070000,f8:a2:fd:ea:fb:80, -0.206, 0.974, 0.008, 0.122, -0.366, 0, 89.099, 11.909, -146.019, -20.313, -44.580, 40.113, 30.82, -0.13715, -0.27429, 0.64563, 0.69928
2025-06-14 20:58:13.163000,f8:a2:fd:ea:fb:80, -0.202, 0.972, 0.008, 0, -0.244, 0, 89.127, 11.904, -145.97, -20.400, -44.467, 40.240, 30.82, -0.13715, -0.27429, 0.64563, 0.69928
2025-06-14 20:58:13.252000,f8:a2:fd:ea:fb:80, -0.199, 0.976, 0.005, -0.183, -0.427, 0, 89.143, 11.904, -145.926, -20.400, -44.467, 40.240, 30.82, -0.13794, -0.27509, 0.64572, 0.69873
2025-06-14 20:58:13.373000,f8:a2:fd:ea:fb:80, -0.201, 0.976, 0.007, -0.061, -0.366, 0, 89.154, 11.898, -145.887, -20.400, -44.467, 40.240, 30.82, -0.13794, -0.27509, 0.64572, 0.69873
2025-06-14 20:58:13.492000,f8:a2:fd:ea:fb:80, -0.204, 0.975, 0.006, -0.183, -0.183, 0, 89.165, 11.893, -145.854, -20.247, -44.580, 40.147, 30.82, -0.13855, -0.2756, 0.64569, 0.69843
2025-06-14 20:58:13.582000,f8:a2:fd:ea:fb:80, -0.207, 0.97, 0.002, -0.122, -0.488, 0, 89.171, 11.887, -145.827, -20.247, -44.580, 40.147, 30.82, -0.13855, -0.2756, 0.64569, 0.69843
2025-06-14 20:58:13.672000,f8:a2:fd:ea:fb:80, -0.206, 0.973, 0.007, -0.305, -0.793, 0, 89.16, 11.887, -145.811, -20.247, -44.580, 40.147, 30.82, -0.13855, -0.2756, 0.64569, 0.69843
2025-06-14 20:58:13.762000,f8:a2:fd:ea:fb:80, -0.208, 0.975, 0.006, -0.122, -0.366, 0, 89.154, 11.882, -145.805, -20.360, -44.200, 40.287, 30.82, -0.13879, -0.27573, 0.6456, 0.69843
2025-06-14 20:58:13.912000,f8:a2:fd:ea:fb:80, -0.202, 0.979, 0.005, -0.305, -0.305, 0, 89.16, 11.882, -145.8, -20.360, -44.200, 40.287, 30.82, -0.13879, -0.27573, 0.6456, 0.69843
2025-06-14 20:58:14.064000,f8:a2:fd:ea:fb:80, -0.205, 0.975, 0.006, -0.305, -0.427, 0, 89.149, 11.882, -145.805, -20.360, -44.200, 40.287, 30.82, -0.13879, -0.27573, 0.6456, 0.69843
2025-06-14 20:58:14.092000,f8:a2:fd:ea:fb:80, -0.209, 0.975, 0.006, -0.183, -0.671, 0, 89.143, 11.876, -145.805, -20.427, -44.340, 40.080, 30.82, -0.13879, -0.27573, 0.6456, 0.69843
2025-06-14 20:58:14.182000,f8:a2:fd:ea:fb:80, -0.202, 0.98, 0.009, -0.244, -0.488, 0, 89.121, 11.876, -145.827, -20.427, -44.340, 40.080, 30.82, -0.13876, -0.27545, 0.64545, 0.6987
2025-06-14 20:58:14.310000,f8:a2:fd:ea:fb:80, -0.205, 0.973, 0.005, -0.122, -0.366, 0, 89.127, 11.876, -145.827, -20.427, -44.340, 40.080, 30.82, -0.13876, -0.27545, 0.64545, 0.6987
2025-06-14 20:58:14.391000,f8:a2:fd:ea:fb:80, -0.205, 0.974, 0.007, -0.183, -0.61, 0, 89.127, 11.871, -145.827, -20.427, -44.340, 40.080, 30.82, -0.13876, -0.27545, 0.64545, 0.6987
2025-06-14 20:58:14.542000,f8:a2:fd:ea:fb:80, -0.206, 0.975, 0.009, -0.061, -0.488, 0, 89.127, 11.871, -145.833, -20.447, -44.620, 40.180, 30.82, -0.13876, -0.27545, 0.64545, 0.6987
2025-06-14 20:58:14.601000,f8:a2:fd:ea:fb:80, -0.204, 0.973, 0.005, -0.061, -0.488, 0, 89.127, 11.865, -145.854, -20.447, -44.620, 40.180, 30.82, -0.13864, -0.27527, 0.64554, 0.6987
2025-06-14 20:58:14.842000,f8:a2:fd:ea:fb:80, -0.199, 0.976, 0.008, -0.671, -0.977, 0, 89.088, 11.86, -145.926, -20.447, -44.620, 40.180, 30.82, -0.13864, -0.27527, 0.64554, 0.6987
2025-06-14 20:58:14.842000,f8:a2:fd:ea:fb:80, -0.206, 0.975, 0.004, -0.305, -0.488, 0, 89.127, 11.865, -145.887, -20.447, -44.620, 40.180, 30.82, -0.13864, -0.27527, 0.64554, 0.6987
2025-06-14 20:58:14.902000,f8:a2:fd:ea:fb:80, -0.206, 0.976, 0.012, -0.732, -1.038, -0.244, 89.028, 11.871, -145.975, -20.160, -44.440, 40.113, 30.82, -0.13864, -0.27527, 0.64554, 0.6987
2025-06-14 20:58:14.992000,f8:a2:fd:ea:fb:80, -0.208, 0.971, 0.011, -0.427, -1.099, -0.549, 88.984, 11.909, -145.97, -20.160, -44.440, 40.113, 30.82, -0.13794, -0.27472, 0.64465, 0.69986
2025-06-14 20:58:15.112000,f8:a2:fd:ea:fb:80, -0.206, 0.976, 0.015, -0.854, -0.977, -0.305, 88.923, 11.942, -145.992, -20.160, -44.440, 40.113, 30.82, -0.13794, -0.27472, 0.64465, 0.69986
2025-06-14 20:58:15.202000,f8:a2:fd:ea:fb:80, -0.208, 0.97, 0.012, -0.366, -0.488, -0.183, 88.879, 11.959, -145.981, -20.160, -44.440, 40.113, 30.82, -0.13794, -0.27472, 0.64465, 0.69986
2025-06-14 20:58:15.351000,f8:a2:fd:ea:fb:80, -0.206, 0.975, 0.011, 0, -0.366, -0.122, 88.89, 11.975, -145.937, -20.067, -44.487, 39.920, 30.82, -0.13815, -0.27539, 0.64407, 0.7001
2025-06-14 20:58:15.382000,f8:a2:fd:ea:fb:80, -0.208, 0.975, 0.01, 0, -0.305, 0, 88.912, 11.981, -145.904, -20.067, -44.487, 39.920, 30.82, -0.13815, -0.27539, 0.64407, 0.7001
2025-06-14 20:58:15.535000,f8:a2:fd:ea:fb:80, -0.208, 0.978, 0.014, -0.183, -0.61, 0.061, 88.918, 11.981, -145.871, -20.067, -44.487, 39.920, 30.82, -0.13815, -0.27539, 0.64407, 0.7001
2025-06-14 20:58:15.591000,f8:a2:fd:ea:fb:80, -0.206, 0.975, 0.01, -0.427, -0.61, 0.122, 88.907, 11.975, -145.849, -19.980, -44.680, 40.047, 30.82, -0.13815, -0.27539, 0.64407, 0.7001
2025-06-14 20:58:15.712000,f8:a2:fd:ea:fb:80, -0.204, 0.973, 0.013, -0.122, -0.122, 0, 88.896, 11.975, -145.827, -19.980, -44.680, 40.047, 30.82, -0.13879, -0.27588, 0.6438, 0.70001
2025-06-14 20:58:15.802000,f8:a2:fd:ea:fb:80, -0.206, 0.977, 0.008, -0.183, -0.244, 0, 88.907, 11.975, -145.794, -19.980, -44.680, 40.047, 30.82, -0.13879, -0.27588, 0.6438, 0.70001
2025-06-14 20:58:15.892000,f8:a2:fd:ea:fb:80, -0.21, 0.972, 0.012, -0.183, -0.671, 0, 88.896, 11.975, -145.767, -20.287, -44.680, 40.100, 30.82, -0.13879, -0.27588, 0.6438, 0.70001
2025-06-14 20:58:15.982000,f8:a2:fd:ea:fb:80, -0.207, 0.974, 0.011, -0.183, -0.427, 0, 88.896, 11.975, -145.734, -20.287, -44.680, 40.100, 30.82, -0.13931, -0.27634, 0.64359, 0.69995
2025-06-14 20:58:16.102000,f8:a2:fd:ea:fb:80, -0.203, 0.977, 0.007, -0.244, -0.244, 0, 88.901, 11.975, -145.717, -20.287, -44.680, 40.100, 30.82, -0.13931, -0.27634, 0.64359, 0.69995
2025-06-14 20:58:16.194000,f8:a2:fd:ea:fb:80, -0.206, 0.972, 0.011, -0.061, -0.427, 0, 88.896, 11.975, -145.69, -20.080, -44.467, 40.007, 30.82, -0.13931, -0.27634, 0.64359, 0.69995
2025-06-14 20:58:16.281000,f8:a2:fd:ea:fb:80, -0.208, 0.975, 0.008, -0.183, -0.61, 0, 88.901, 11.975, -145.657, -20.080, -44.467, 40.007, 30.82, -0.13974, -0.27676, 0.6434, 0.69983
2025-06-14 20:58:16.403000,f8:a2:fd:ea:fb:80, -0.205, 0.974, 0.011, -0.244, -0.427, 0, 88.89, 11.975, -145.646, -20.080, -44.467, 40.007, 30.82, -0.13974, -0.27676, 0.6434, 0.69983
2025-06-14 20:58:16.522000,f8:a2:fd:ea:fb:80, -0.205, 0.976, 0.012, -0.244, -0.244, 0, 88.89, 11.975, -145.635, -20.247, -44.660, 40.053, 30.82, -0.13974, -0.27676, 0.6434, 0.69983
2025-06-14 20:58:16.581000,f8:a2:fd:ea:fb:80, -0.207, 0.972, 0.011, -0.427, -0.671, 0, 88.868, 11.975, -145.64, -20.247, -44.660, 40.053, 30.82, -0.13995, -0.27682, 0.64319, 0.69998
2025-06-14 20:58:16.701000,f8:a2:fd:ea:fb:80, -0.206, 0.975, 0.013, -0.244, -0.488, 0, 88.852, 11.975, -145.629, -20.247, -44.660, 40.053, 30.82, -0.13995, -0.27682, 0.64319, 0.69998
2025-06-14 20:58:16.792000,f8:a2:fd:ea:fb:80, -0.208, 0.969, 0.01, -0.244, -0.732, 0, 88.841, 11.975, -145.635, -20.187, -44.733, 39.840, 30.82, -0.13995, -0.27682, 0.64319, 0.69998
2025-06-14 20:58:16.882000,f8:a2:fd:ea:fb:80, -0.209, 0.973, 0.013, -0.366, -0.61, 0, 88.819, 11.975, -145.657, -20.187, -44.733, 39.840, 30.82, -0.13998, -0.27664, 0.64294, 0.70029
2025-06-14 20:58:17.002000,f8:a2:fd:ea:fb:80, -0.206, 0.975, 0.012, -0.183, -0.305, 0, 88.808, 11.97, -145.668, -20.187, -44.733, 39.840, 30.82, -0.13998, -0.27664, 0.64294, 0.70029
2025-06-14 20:58:17.092000,f8:a2:fd:ea:fb:80, -0.207, 0.975, 0.014, -0.366, -0.916, 0, 88.792, 11.975, -145.695, -19.953, -44.533, 40.040, 30.82, -0.13998, -0.27664, 0.64294, 0.70029
2025-06-14 20:58:17.183000,f8:a2:fd:ea:fb:80, -0.206, 0.976, 0.014, -0.122, -0.183, 0, 88.792, 11.975, -145.69, -19.953, -44.533, 40.040, 30.82, -0.13983, -0.2764, 0.64282, 0.7005
2025-06-14 20:58:17.302000,f8:a2:fd:ea:fb:80, -0.21, 0.974, 0.012, -0.305, -0.549, 0, 88.792, 11.975, -145.684, -19.953, -44.533, 40.040, 30.82, -0.13983, -0.2764, 0.64282, 0.7005
2025-06-14 20:58:17.394000,f8:a2:fd:ea:fb:80, -0.203, 0.979, 0.013, -0.244, -0.427, 0, 88.775, 11.975, -145.701, -20.073, -44.580, 39.913, 30.82, -0.13983, -0.2764, 0.64282, 0.7005
2025-06-14 20:58:17.483000,f8:a2:fd:ea:fb:80, -0.208, 0.973, 0.014, -0.122, -0.732, 0, 88.775, 11.975, -145.734, -20.073, -44.580, 39.913, 30.82, -0.13962, -0.27618, 0.64282, 0.70062
2025-06-14 20:58:17.602000,f8:a2:fd:ea:fb:80, -0.203, 0.972, 0.015, -0.183, -0.732, 0, 88.775, 11.975, -145.767, -20.073, -44.580, 39.913, 30.82, -0.13962, -0.27618, 0.64282, 0.70062
2025-06-14 20:58:17.693000,f8:a2:fd:ea:fb:80, -0.207, 0.973, 0.015, -0.305, -0.366, 0, 88.764, 11.975, -145.794, -20.020, -44.753, 40.193, 30.82, -0.13962, -0.27618, 0.64282, 0.70062
2025-06-14 20:58:17.786000,f8:a2:fd:ea:fb:80, -0.207, 0.972, 0.011, -0.244, -0.793, 0, 88.759, 11.97, -145.816, -20.020, -44.753, 40.193, 30.82, -0.13916, -0.27567, 0.64294, 0.70084
2025-06-14 20:58:17.902000,f8:a2:fd:ea:fb:80, -0.205, 0.976, 0.012, -0.061, -0.366, 0, 88.748, 11.97, -145.838, -20.020, -44.753, 40.193, 30.82, -0.13916, -0.27567, 0.64294, 0.70084
2025-06-14 20:58:17.993000,f8:a2:fd:ea:fb:80, -0.211, 0.973, 0.013, -0.183, -0.732, 0, 88.748, 11.97, -145.854, -19.907, -44.820, 40.027, 30.82, -0.13916, -0.27567, 0.64294, 0.70084
2025-06-14 20:58:18.112000,f8:a2:fd:ea:fb:80, -0.203, 0.972, 0.013, -0.183, -0.427, 0, 88.731, 11.97, -145.887, -19.907, -44.820, 40.027, 30.82, -0.13879, -0.27524, 0.64294, 0.70105
2025-06-14 20:58:18.231000,f8:a2:fd:ea:fb:80, -0.204, 0.973, 0.017, -0.305, -0.61, 0, 88.731, 11.97, -145.92, -19.907, -44.820, 40.027, 30.82, -0.13879, -0.27524, 0.64294, 0.70105
2025-06-14 20:58:18.324000,f8:a2:fd:ea:fb:80, -0.207, 0.972, 0.012, -0.122, -0.305, 0, 88.731, 11.97, -145.953, -20.140, -44.633, 40.000, 30.82, -0.13879, -0.27524, 0.64294, 0.70105
2025-06-14 20:58:18.413000,f8:a2:fd:ea:fb:80, -0.208, 0.976, 0.015, 0, -0.549, 0, 88.737, 11.97, -145.981, -20.140, -44.633, 40.000, 30.82, -0.13815, -0.27466, 0.64328, 0.70111
2025-06-14 20:58:18.533000,f8:a2:fd:ea:fb:80, -0.21, 0.971, 0.013, 0, -0.549, 0, 88.753, 11.97, -145.992, -20.140, -44.633, 40.000, 30.82, -0.13815, -0.27466, 0.64328, 0.70111
2025-06-14 20:58:18.653000,f8:a2:fd:ea:fb:80, -0.204, 0.977, 0.015, -0.183, -0.183, 0, 88.742, 11.97, -146.03, -20.093, -44.560, 39.933, 30.82, -0.13815, -0.27466, 0.64328, 0.70111
2025-06-14 20:58:18.712000,f8:a2:fd:ea:fb:80, -0.208, 0.972, 0.012, -0.061, -0.488, 0, 88.753, 11.97, -146.047, -20.093, -44.560, 39.933, 30.82, -0.1377, -0.27426, 0.64352, 0.70114
2025-06-14 20:58:18.836000,f8:a2:fd:ea:fb:80, -0.207, 0.974, 0.017, -0.305, -0.732, 0, 88.748, 11.97, -146.091, -20.093, -44.560, 39.933, 30.82, -0.1377, -0.27426, 0.64352, 0.70114
2025-06-14 20:58:18.923000,f8:a2:fd:ea:fb:80, -0.212, 0.974, 0.011, -0.122, -0.183, 0, 88.753, 11.97, -146.107, -20.120, -44.560, 39.947, 30.82, -0.1377, -0.27426, 0.64352, 0.70114
2025-06-14 20:58:19.012000,f8:a2:fd:ea:fb:80, -0.207, 0.979, 0.016, 0, -0.488, 0, 88.764, 11.97, -146.14, -20.120, -44.560, 39.947, 30.82, -0.13715, -0.27383, 0.64377, 0.70117
2025-06-14 20:58:19.132000,f8:a2:fd:ea:fb:80, -0.207, 0.973, 0.011, -0.061, -0.366, 0, 88.775, 11.97, -146.162, -20.120, -44.560, 39.947, 30.82, -0.13715, -0.27383, 0.64377, 0.70117
2025-06-14 20:58:19.225000,f8:a2:fd:ea:fb:80, -0.205, 0.976, 0.015, -0.122, -0.671, 0, 88.775, 11.97, -146.195, -20.033, -44.880, 40.147, 30.82, -0.13715, -0.27383, 0.64377, 0.70117
2025-06-14 20:58:19.313000,f8:a2:fd:ea:fb:80, -0.214, 0.97, 0.013, -0.244, -0.732, 0, 88.764, 11.97, -146.261, -20.033, -44.880, 40.147, 30.82, -0.13641, -0.27316, 0.64404, 0.70135
2025-06-14 20:58:19.492000,f8:a2:fd:ea:fb:80, -0.207, 0.971, 0.01, -0.061, -0.061, 0, 88.77, 11.975, -146.283, -20.033, -44.880, 40.147, 30.82, -0.13641, -0.27316, 0.64404, 0.70135
2025-06-14 20:58:19.522000,f8:a2:fd:ea:fb:80, -0.206, 0.977, 0.013, -0.183, -0.366, 0, 88.786, 11.975, -146.31, -20.033, -44.880, 40.147, 30.82, -0.13641, -0.27316, 0.64404, 0.70135
2025-06-14 20:58:19.613000,f8:a2:fd:ea:fb:80, -0.206, 0.974, 0.011, 0, -0.549, 0, 88.786, 11.975, -146.343, -19.960, -44.607, 39.867, 30.82, -0.13565, -0.27264, 0.64447, 0.70126
2025-06-14 20:58:19.733000,f8:a2:fd:ea:fb:80, -0.205, 0.976, 0.012, -0.061, -0.183, 0, 88.802, 11.975, -146.376, -19.960, -44.607, 39.867, 30.82, -0.13565, -0.27264, 0.64447, 0.70126
2025-06-14 20:58:19.824000,f8:a2:fd:ea:fb:80, -0.208, 0.973, 0.014, -0.122, -0.671, 0, 88.813, 11.981, -146.42, -20.120, -44.707, 40.073, 30.82, -0.13565, -0.27264, 0.64447, 0.70126
2025-06-14 20:58:19.913000,f8:a2:fd:ea:fb:80, -0.207, 0.974, 0.014, 0.061, -0.488, 0, 88.819, 11.981, -146.453, -20.120, -44.707, 40.073, 30.82, -0.13489, -0.27209, 0.6449, 0.70126
2025-06-14 20:58:20.033000,f8:a2:fd:ea:fb:80, -0.208, 0.974, 0.013, 0, -0.427, 0, 88.824, 11.981, -146.508, -20.120, -44.707, 40.073, 30.82, -0.13489, -0.27209, 0.6449, 0.70126
2025-06-14 20:58:20.123000,f8:a2:fd:ea:fb:80, -0.209, 0.972, 0.01, 0.061, -0.244, 0, 88.852, 11.986, -146.519, -20.127, -44.827, 40.000, 30.82, -0.13489, -0.27209, 0.6449, 0.70126
2025-06-14 20:58:20.213000,f8:a2:fd:ea:fb:80, -0.209, 0.975, 0.011, -0.183, -0.244, 0, 88.863, 11.986, -146.541, -20.127, -44.827, 40.000, 30.82, -0.13425, -0.2717, 0.64532, 0.70114
2025-06-14 20:58:20.363000,f8:a2:fd:ea:fb:80, -0.208, 0.979, 0.013, -0.061, -0.305, 0, 88.874, 11.986, -146.585, -20.127, -44.827, 40.000, 30.82, -0.13425, -0.2717, 0.64532, 0.70114
2025-06-14 20:58:20.424000,f8:a2:fd:ea:fb:80, -0.208, 0.977, 0.01, 0, -0.427, 0, 88.896, 11.992, -146.624, -20.127, -44.760, 40.073, 30.82, -0.13425, -0.2717, 0.64532, 0.70114
2025-06-14 20:58:20.513000,f8:a2:fd:ea:fb:80, -0.21, 0.971, 0.011, 0, -0.549, 0, 88.907, 11.992, -146.673, -20.127, -44.760, 40.073, 30.82, -0.13336, -0.27106, 0.64587, 0.70105
2025-06-14 20:58:20.632000,f8:a2:fd:ea:fb:80, -0.205, 0.978, 0.005, 0, 0.061, 0, 88.923, 11.992, -146.7, -20.127, -44.760, 40.073, 30.82, -0.13336, -0.27106, 0.64587, 0.70105
2025-06-14 20:58:20.723000,f8:a2:fd:ea:fb:80, -0.209, 0.973, 0.011, -0.183, -0.366, 0, 88.929, 11.992, -146.75, -20.073, -44.680, 39.953, 30.82, -0.13336, -0.27106, 0.64587, 0.70105
2025-06-14 20:58:20.813000,f8:a2:fd:ea:fb:80, -0.208, 0.971, 0.009, -0.061, -0.244, 0, 88.945, 11.992, -146.777, -20.073, -44.680, 39.953, 30.82, -0.13269, -0.2706, 0.64633, 0.70096
2025-06-14 20:58:20.933000,f8:a2:fd:ea:fb:80, -0.207, 0.971, 0.012, -0.244, -0.793, 0, 88.94, 11.997, -146.827, -20.073, -44.680, 39.953, 30.82, -0.13269, -0.2706, 0.64633, 0.70096
2025-06-14 20:58:21.025000,f8:a2:fd:ea:fb:80, -0.204, 0.975, 0.01, -0.244, -0.427, 0, 88.934, 11.997, -146.876, -20.073, -44.680, 39.953, 30.82, -0.13269, -0.2706, 0.64633, 0.70096
2025-06-14 20:58:21.114000,f8:a2:fd:ea:fb:80, -0.208, 0.972, 0.01, -0.183, -0.916, 0, 88.929, 11.997, -146.937, -20.053, -44.847, 39.860, 30.82, -0.13269, -0.2706, 0.64633, 0.70096
2025-06-14 20:58:21.264000,f8:a2:fd:ea:fb:80, -0.208, 0.973, 0.012, -0.061, -0.793, 0, 88.929, 12.003, -146.992, -20.053, -44.847, 39.860, 30.82, -0.1315, -0.26953, 0.64664, 0.70126
2025-06-14 20:58:21.324000,f8:a2:fd:ea:fb:80, -0.207, 0.97, 0.007, -0.183, -0.488, 0, 88.929, 12.003, -147.019, -20.053, -44.847, 39.860, 30.82, -0.1315, -0.26953, 0.64664, 0.70126
2025-06-14 20:58:21.413000,f8:a2:fd:ea:fb:80, -0.207, 0.973, 0.013, -0.366, -0.488, 0, 88.907, 12.008, -147.085, -20.133, -44.693, 40.173, 30.82, -0.13068, -0.26874, 0.64682, 0.70157
2025-06-14 20:58:21.533000,f8:a2:fd:ea:fb:80, -0.208, 0.974, 0.011, -0.366, -0.488, 0, 88.896, 12.008, -147.129, -20.133, -44.693, 40.173, 30.82, -0.13068, -0.26874, 0.64682, 0.70157
2025-06-14 20:58:21.623000,f8:a2:fd:ea:fb:80, -0.209, 0.973, 0.011, -0.427, -0.793, 0, 88.868, 12.008, -147.195, -20.160, -44.793, 40.153, 30.82, -0.13068, -0.26874, 0.64682, 0.70157
2025-06-14 20:58:21.713000,f8:a2:fd:ea:fb:80, -0.205, 0.976, 0.012, -0.366, -0.61, 0, 88.846, 12.008, -147.261, -20.160, -44.793, 40.153, 30.82, -0.12979, -0.26773, 0.64685, 0.70212
2025-06-14 20:58:21.833000,f8:a2:fd:ea:fb:80, -0.213, 0.974, 0.013, -0.427, -0.732, 0, 88.824, 12.008, -147.332, -20.160, -44.793, 40.153, 30.82, -0.12979, -0.26773, 0.64685, 0.70212
2025-06-14 20:58:21.924000,f8:a2:fd:ea:fb:80, -0.208, 0.976, 0.013, -0.366, -0.366, 0, 88.808, 12.008, -147.376, -20.133, -44.747, 40.107, 30.82, -0.12979, -0.26773, 0.64685, 0.70212
2025-06-14 20:58:22.013000,f8:a2:fd:ea:fb:80, -0.204, 0.972, 0.012, -0.549, -0.61, 0, 88.786, 12.008, -147.426, -20.133, -44.747, 40.107, 30.82, -0.12903, -0.26685, 0.64685, 0.70258
2025-06-14 20:58:22.164000,f8:a2:fd:ea:fb:80, -0.203, 0.971, 0.016, -0.61, -0.916, 0, 88.731, 12.008, -147.519, -20.133, -44.747, 40.107, 30.82, -0.12903, -0.26685, 0.64685, 0.70258
2025-06-14 20:58:22.223000,f8:a2:fd:ea:fb:80, -0.206, 0.975, 0.014, -0.244, -0.549, 0, 88.715, 12.008, -147.574, -20.067, -44.847, 39.953, 30.82, -0.12903, -0.26685, 0.64685, 0.70258
2025-06-14 20:58:22.313000,f8:a2:fd:ea:fb:80, -0.208, 0.971, 0.013, -0.244, -0.61, 0, 88.698, 12.003, -147.612, -20.067, -44.847, 39.953, 30.82, -0.12802, -0.26559, 0.64679, 0.70331
2025-06-14 20:58:22.467000,f8:a2:fd:ea:fb:80, -0.205, 0.974, 0.014, -0.305, -0.244, 0, 88.687, 12.003, -147.656, -20.067, -44.847, 39.953, 30.82, -0.12802, -0.26559, 0.64679, 0.70331
2025-06-14 20:58:22.553000,f8:a2:fd:ea:fb:80, -0.204, 0.97, 0.017, -0.061, -0.549, 0, 88.687, 11.997, -147.7, -20.113, -44.827, 39.913, 30.82, -0.12802, -0.26559, 0.64679, 0.70331
2025-06-14 20:58:22.644000,f8:a2:fd:ea:fb:80, -0.203, 0.975, 0.014, -0.366, -0.61, 0, 88.687, 11.997, -147.761, -20.113, -44.827, 39.913, 30.82, -0.12711, -0.26456, 0.64703, 0.70364
2025-06-14 20:58:22.763000,f8:a2:fd:ea:fb:80, -0.203, 0.973, 0.017, -0.427, -0.854, 0, 88.654, 11.992, -147.832, -20.113, -44.827, 39.913, 30.82, -0.12711, -0.26456, 0.64703, 0.70364
2025-06-14 20:58:22.883000,f8:a2:fd:ea:fb:80, -0.206, 0.974, 0.021, -0.427, -0.427, 0, 88.621, 11.986, -147.892, -20.113, -44.827, 39.913, 30.82, -0.12711, -0.26456, 0.64703, 0.70364
2025-06-14 20:58:22.944000,f8:a2:fd:ea:fb:80, -0.209, 0.972, 0.015, -0.366, -0.366, 0, 88.599, 11.986, -147.953, -20.080, -44.673, 40.060, 30.82, -0.12711, -0.26456, 0.64703, 0.70364
2025-06-14 20:58:23.064000,f8:a2:fd:ea:fb:80, -0.204, 0.977, 0.014, -0.183, 0.061, 0, 88.61, 11.981, -147.958, -20.080, -44.673, 40.060, 30.82, -0.12628, -0.26346, 0.64706, 0.70413
2025-06-14 20:58:23.153000,f8:a2:fd:ea:fb:80, -0.208, 0.973, 0.016, -0.366, -0.427, 0, 88.61, 11.981, -148.008, -20.080, -44.673, 40.060, 30.82, -0.12628, -0.26346, 0.64706, 0.70413
2025-06-14 20:58:23.244000,f8:a2:fd:ea:fb:80, -0.207, 0.975, 0.019, -0.244, -0.61, 0, 88.594, 11.981, -148.063, -20.153, -44.807, 39.920, 30.82, -0.12628, -0.26346, 0.64706, 0.70413
2025-06-14 20:58:23.364000,f8:a2:fd:ea:fb:80, -0.206, 0.975, 0.015, -0.305, -0.61, 0, 88.594, 11.975, -148.129, -20.153, -44.807, 39.920, 30.82, -0.12527, -0.26245, 0.64737, 0.70444
2025-06-14 20:58:23.453000,f8:a2:fd:ea:fb:80, -0.209, 0.975, 0.016, -0.183, -0.305, 0, 88.583, 11.975, -148.2, -20.153, -44.807, 39.920, 30.82, -0.12527, -0.26245, 0.64737, 0.70444
2025-06-14 20:58:23.544000,f8:a2:fd:ea:fb:80, -0.205, 0.978, 0.016, -0.305, -0.549, 0, 88.572, 11.975, -148.25, -19.947, -44.847, 39.780, 30.82, -0.12527, -0.26245, 0.64737, 0.70444
2025-06-14 20:58:23.663000,f8:a2:fd:ea:fb:80, -0.208, 0.975, 0.019, -0.061, -0.366, 0, 88.561, 11.975, -148.299, -19.947, -44.847, 39.780, 30.82, -0.12436, -0.26144, 0.64752, 0.7048
2025-06-14 20:58:23.753000,f8:a2:fd:ea:fb:80, -0.204, 0.971, 0.017, -0.122, -0.549, 0, 88.572, 11.975, -148.332, -19.947, -44.847, 39.780, 30.82, -0.12436, -0.26144, 0.64752, 0.7048
2025-06-14 20:58:23.875000,f8:a2:fd:ea:fb:80, -0.209, 0.969, 0.02, -0.061, -0.427, 0, 88.572, 11.975, -148.387, -20.033, -44.847, 39.833, 30.82, -0.12436, -0.26144, 0.64752, 0.7048
2025-06-14 20:58:23.963000,f8:a2:fd:ea:fb:80, -0.206, 0.974, 0.015, 0.061, 0.244, 0, 88.605, 11.975, -148.387, -20.033, -44.847, 39.833, 30.82, -0.12366, -0.26102, 0.64807, 0.70459
2025-06-14 20:58:24.052000,f8:a2:fd:ea:fb:80, -0.206, 0.974, 0.017, 0, -0.732, 0, 88.627, 11.981, -148.42, -20.033, -44.847, 39.833, 30.82, -0.12366, -0.26102, 0.64807, 0.70459
2025-06-14 20:58:24.144000,f8:a2:fd:ea:fb:80, -0.207, 0.972, 0.016, 0.061, -0.549, 0, 88.638, 11.981, -148.486, -19.893, -44.847, 40.060, 30.82, -0.12366, -0.26102, 0.64807, 0.70459
2025-06-14 20:58:24.263000,f8:a2:fd:ea:fb:80, -0.208, 0.972, 0.014, -0.305, -1.099, 0, 88.643, 11.986, -148.541, -19.893, -44.847, 40.060, 30.82, -0.12265, -0.26028, 0.64856, 0.70459
2025-06-14 20:58:24.353000,f8:a2:fd:ea:fb:80, -0.205, 0.972, 0.019, -0.244, -0.793, 0, 88.605, 11.97, -148.618, -19.893, -44.847, 40.060, 30.82, -0.12265, -0.26028, 0.64856, 0.70459
2025-06-14 20:58:24.474000,f8:a2:fd:ea:fb:80, -0.208, 0.974, 0.016, 0, 0.061, -0.061, 88.61, 11.97, -148.651, -19.867, -44.933, 40.020, 30.82, -0.12265, -0.26028, 0.64856, 0.70459
2025-06-14 20:58:24.564000,f8:a2:fd:ea:fb:80, -0.208, 0.978, 0.018, 0.183, -0.488, -0.122, 88.649, 11.981, -148.672, -19.867, -44.933, 40.020, 30.82, -0.12183, -0.25949, 0.6489, 0.70471
2025-06-14 20:58:24.683000,f8:a2:fd:ea:fb:80, -0.206, 0.976, 0.014, 0.183, -0.061, -0.061, 88.698, 11.992, -148.694, -19.867, -44.933, 40.020, 30.82, -0.12183, -0.25949, 0.6489, 0.70471
2025-06-14 20:58:24.745000,f8:a2:fd:ea:fb:80, -0.206, 0.973, 0.013, 0.305, -0.427, 0, 88.737, 11.997, -148.716, -19.867, -44.933, 40.020, 30.82, -0.12183, -0.25949, 0.6489, 0.70471
2025-06-14 20:58:24.862000,f8:a2:fd:ea:fb:80, -0.212, 0.971, 0.012, 0.183, -0.305, 0, 88.781, 12.003, -148.744, -19.753, -44.653, 39.960, 30.82, -0.12082, -0.25928, 0.64999, 0.70398
2025-06-14 20:58:24.953000,f8:a2:fd:ea:fb:80, -0.209, 0.972, 0.01, 0, -0.488, 0, 88.808, 12.003, -148.782, -19.753, -44.653, 39.960, 30.82, -0.12082, -0.25928, 0.64999, 0.70398
2025-06-14 20:58:25.043000,f8:a2:fd:ea:fb:80, -0.209, 0.976, 0.01, 0.122, 0.122, 0, 88.835, 12.003, -148.81, -19.967, -44.733, 40.067, 30.82, -0.12082, -0.25928, 0.64999, 0.70398
2025-06-14 20:58:25.164000,f8:a2:fd:ea:fb:80, -0.206, 0.97, 0.01, 0, -0.427, 0, 88.868, 12.008, -148.843, -19.967, -44.733, 40.067, 30.82, -0.12012, -0.25891, 0.6506, 0.70364
2025-06-14 20:58:25.255000,f8:a2:fd:ea:fb:80, -0.208, 0.975, 0.011, -0.183, -0.366, 0, 88.879, 12.008, -148.876, -19.967, -44.733, 40.067, 30.82, -0.12012, -0.25891, 0.6506, 0.70364
2025-06-14 20:58:25.344000,f8:a2:fd:ea:fb:80, -0.209, 0.974, 0.011, -0.122, -0.427, 0, 88.896, 12.014, -148.914, -19.967, -44.733, 40.067, 30.82, -0.12012, -0.25891, 0.6506, 0.70364
2025-06-14 20:58:25.464000,f8:a2:fd:ea:fb:80, -0.204, 0.973, 0.009, -0.122, -0.427, 0, 88.907, 12.014, -148.969, -20.020, -44.680, 40.113, 30.82, -0.12012, -0.25891, 0.6506, 0.70364
2025-06-14 20:58:25.553000,f8:a2:fd:ea:fb:80, -0.206, 0.977, 0.011, -0.061, -0.549, 0, 88.912, 12.019, -149.013, -20.020, -44.680, 40.113, 30.82, -0.11877, -0.25797, 0.65128, 0.70361
2025-06-14 20:58:25.674000,f8:a2:fd:ea:fb:80, -0.209, 0.971, 0.01, -0.183, -0.793, 0, 88.907, 12.019, -149.079, -20.020, -44.680, 40.113, 30.82, -0.11877, -0.25797, 0.65128, 0.70361
2025-06-14 20:58:25.794000,f8:a2:fd:ea:fb:80, -0.208, 0.973, 0.01, -0.183, -0.305, 0, 88.907, 12.025, -149.117, -19.967, -44.647, 40.147, 30.82, -0.11877, -0.25797, 0.65128, 0.70361
2025-06-14 20:58:25.884000,f8:a2:fd:ea:fb:80, -0.207, 0.971, 0.008, -0.244, -0.549, 0, 88.912, 12.025, -149.156, -19.967, -44.647, 40.147, 30.82, -0.11786, -0.25714, 0.65152, 0.70383
2025-06-14 20:58:25.943000,f8:a2:fd:ea:fb:80, -0.205, 0.975, 0.011, -0.366, -0.366, 0, 88.896, 12.025, -149.211, -19.967, -44.647, 40.147, 30.82, -0.11786, -0.25714, 0.65152, 0.70383
2025-06-14 20:58:26.064000,f8:a2:fd:ea:fb:80, -0.21, 0.974, 0.01, -0.366, -0.732, 0, 88.879, 12.03, -149.266, -19.967, -44.647, 40.147, 30.82, -0.11786, -0.25714, 0.65152, 0.70383
2025-06-14 20:58:26.154000,f8:a2:fd:ea:fb:80, -0.206, 0.977, 0.013, -0.244, -0.61, 0, 88.852, 12.03, -149.343, -19.960, -44.813, 40.147, 30.82, -0.11786, -0.25714, 0.65152, 0.70383
2025-06-14 20:58:26.244000,f8:a2:fd:ea:fb:80, -0.208, 0.975, 0.01, -0.244, -0.61, 0, 88.857, 12.025, -149.398, -19.960, -44.813, 40.147, 30.82, -0.11664, -0.25589, 0.65173, 0.70432
2025-06-14 20:58:26.364000,f8:a2:fd:ea:fb:80, -0.205, 0.973, 0.013, -0.183, -0.488, 0, 88.846, 12.025, -149.458, -19.960, -44.813, 40.147, 30.82, -0.11664, -0.25589, 0.65173, 0.70432
2025-06-14 20:58:26.456000,f8:a2:fd:ea:fb:80, -0.209, 0.974, 0.011, -0.244, -0.183, 0, 88.852, 12.025, -149.485, -20.060, -44.707, 40.153, 30.82, -0.11664, -0.25589, 0.65173, 0.70432
2025-06-14 20:58:26.604000,f8:a2:fd:ea:fb:80, -0.208, 0.971, 0.014, -0.122, -0.732, 0, 88.841, 12.025, -149.535, -20.060, -44.707, 40.153, 30.82, -0.11588, -0.25507, 0.65192, 0.70456
2025-06-14 20:58:26.665000,f8:a2:fd:ea:fb:80, -0.209, 0.973, 0.011, -0.244, -0.366, 0, 88.841, 12.025, -149.579, -20.060, -44.707, 40.153, 30.82, -0.11588, -0.25507, 0.65192, 0.70456
2025-06-14 20:58:26.784000,f8:a2:fd:ea:fb:80, -0.204, 0.973, 0.01, -0.366, -0.793, 0, 88.83, 12.025, -149.656, -20.140, -44.787, 40.133, 30.82, -0.11487, -0.25403, 0.65213, 0.70493
2025-06-14 20:58:26.874000,f8:a2:fd:ea:fb:80, -0.208, 0.976, 0.016, -0.366, -0.549, 0, 88.802, 12.019, -149.727, -20.140, -44.787, 40.133, 30.82, -0.11487, -0.25403, 0.65213, 0.70493
2025-06-14 20:58:26.994000,f8:a2:fd:ea:fb:80, -0.208, 0.971, 0.011, -0.427, -0.916, 0, 88.781, 12.019, -149.788, -20.213, -44.633, 39.853, 30.82, -0.11487, -0.25403, 0.65213, 0.70493
2025-06-14 20:58:27.083000,f8:a2:fd:ea:fb:80, -0.205, 0.977, 0.012, -0.366, -0.183, 0, 88.764, 12.019, -149.837, -20.213, -44.633, 39.853, 30.82, -0.11411, -0.25314, 0.65219, 0.70529
2025-06-14 20:58:27.175000,f8:a2:fd:ea:fb:80, -0.206, 0.978, 0.016, -0.305, -0.549, 0, 88.764, 12.019, -149.87, -20.213, -44.633, 39.853, 30.82, -0.11411, -0.25314, 0.65219, 0.70529
2025-06-14 20:58:27.294000,f8:a2:fd:ea:fb:80, -0.208, 0.973, 0.014, -0.122, -0.671, 0, 88.753, 12.014, -149.925, -20.093, -44.773, 40.133, 30.82, -0.11411, -0.25314, 0.65219, 0.70529
2025-06-14 20:58:27.384000,f8:a2:fd:ea:fb:80, -0.208, 0.974, 0.014, -0.183, -0.732, 0, 88.759, 12.014, -149.974, -20.093, -44.773, 40.133, 30.82, -0.11325, -0.25229, 0.65247, 0.70547
2025-06-14 20:58:27.474000,f8:a2:fd:ea:fb:80, -0.207, 0.972, 0.014, -0.366, -0.671, 0, 88.742, 12.014, -150.046, -20.093, -44.773, 40.133, 30.82, -0.11325, -0.25229, 0.65247, 0.70547
2025-06-14 20:58:27.594000,f8:a2:fd:ea:fb:80, -0.206, 0.974, 0.014, -0.427, -0.732, 0, 88.726, 12.014, -150.101, -20.013, -44.760, 39.913, 30.82, -0.1123, -0.25122, 0.65253, 0.70596
2025-06-14 20:58:27.684000,f8:a2:fd:ea:fb:80, -0.21, 0.975, 0.017, -0.366, -0.488, 0, 88.704, 12.014, -150.172, -20.013, -44.760, 39.913, 30.82, -0.1123, -0.25122, 0.65253, 0.70596
2025-06-14 20:58:27.775000,f8:a2:fd:ea:fb:80, -0.207, 0.977, 0.015, 0, -0.305, 0, 88.704, 12.008, -150.205, -20.013, -44.760, 39.913, 30.82, -0.1123, -0.25122, 0.65253, 0.70596
2025-06-14 20:58:27.894000,f8:a2:fd:ea:fb:80, -0.207, 0.974, 0.013, -0.305, -0.244, 0, 88.709, 12.008, -150.249, -19.933, -44.700, 40.007, 30.82, -0.11151, -0.25046, 0.65283, 0.70605
2025-06-14 20:58:27.985000,f8:a2:fd:ea:fb:80, -0.206, 0.974, 0.015, 0, -0.549, 0, 88.709, 12.008, -150.304, -19.933, -44.700, 40.007, 30.82, -0.11151, -0.25046, 0.65283, 0.70605
2025-06-14 20:58:28.074000,f8:a2:fd:ea:fb:80, -0.211, 0.971, 0.013, -0.061, -0.488, 0, 88.72, 12.008, -150.359, -19.933, -44.700, 40.007, 30.86, -0.11151, -0.25046, 0.65283, 0.70605
2025-06-14 20:58:28.195000,f8:a2:fd:ea:fb:80, -0.208, 0.969, 0.016, 0.061, -0.427, 0, 88.731, 12.008, -150.403, -19.933, -44.700, 40.007, 30.86, -0.11151, -0.25046, 0.65283, 0.70605
2025-06-14 20:58:28.285000,f8:a2:fd:ea:fb:80, -0.207, 0.974, 0.013, -0.366, -0.732, 0, 88.731, 12.008, -150.463, -20.007, -44.687, 40.053, 30.86, -0.11151, -0.25046, 0.65283, 0.70605
2025-06-14 20:58:28.374000,f8:a2:fd:ea:fb:80, -0.202, 0.974, 0.015, -0.061, -0.488, 0, 88.72, 12.008, -150.507, -20.007, -44.687, 40.053, 30.86, -0.11017, -0.2493, 0.65341, 0.70618
2025-06-14 20:58:28.494000,f8:a2:fd:ea:fb:80, -0.205, 0.976, 0.016, -0.122, -0.366, 0, 88.737, 12.008, -150.54, -20.007, -44.687, 40.053, 30.86, -0.11017, -0.2493, 0.65341, 0.70618
2025-06-14 20:58:28.586000,f8:a2:fd:ea:fb:80, -0.209, 0.97, 0.013, 0.183, -0.671, 0, 88.748, 12.008, -150.579, -20.060, -44.787, 40.160, 30.86, -0.11017, -0.2493, 0.65341, 0.70618
2025-06-14 20:58:28.674000,f8:a2:fd:ea:fb:80, -0.209, 0.974, 0.016, 0, -0.427, 0, 88.764, 12.008, -150.617, -20.060, -44.787, 40.160, 30.86, -0.10941, -0.24869, 0.6539, 0.70602
2025-06-14 20:58:28.795000,f8:a2:fd:ea:fb:80, -0.21, 0.973, 0.015, -0.061, -0.366, 0, 88.764, 12.008, -150.672, -20.060, -44.787, 40.160, 30.86, -0.10941, -0.24869, 0.6539, 0.70602
2025-06-14 20:58:28.919000,f8:a2:fd:ea:fb:80, -0.209, 0.976, 0.011, -0.183, -0.366, 0, 88.775, 12.008, -150.716, -20.147, -44.580, 39.993, 30.86, -0.10941, -0.24869, 0.6539, 0.70602
2025-06-14 20:58:28.974000,f8:a2:fd:ea:fb:80, -0.206, 0.975, 0.015, -0.061, -0.183, 0, 88.77, 12.008, -150.771, -20.147, -44.580, 39.993, 30.86, -0.10849, -0.2478, 0.65427, 0.70615
2025-06-14 20:58:29.097000,f8:a2:fd:ea:fb:80, -0.208, 0.972, 0.01, 0, -0.488, 0, 88.792, 12.008, -150.804, -20.147, -44.580, 39.993, 30.86, -0.10849, -0.2478, 0.65427, 0.70615
2025-06-14 20:58:29.189000,f8:a2:fd:ea:fb:80, -0.208, 0.973, 0.015, -0.183, -0.549, 0, 88.792, 12.008, -150.848, -20.093, -44.753, 40.193, 30.86, -0.10849, -0.2478, 0.65427, 0.70615
2025-06-14 20:58:29.274000,f8:a2:fd:ea:fb:80, -0.209, 0.973, 0.012, -0.122, -0.427, 0, 88.792, 12.008, -150.903, -20.093, -44.753, 40.193, 30.86, -0.10764, -0.2471, 0.65469, 0.70615
2025-06-14 20:58:29.395000,f8:a2:fd:ea:fb:80, -0.21, 0.975, 0.013, -0.183, -0.671, 0, 88.797, 12.008, -150.952, -20.093, -44.753, 40.193, 30.86, -0.10764, -0.2471, 0.65469, 0.70615
2025-06-14 20:58:29.484000,f8:a2:fd:ea:fb:80, -0.207, 0.979, 0.013, -0.122, -0.122, 0, 88.808, 12.008, -150.996, -20.087, -44.833, 40.020, 30.86, -0.10764, -0.2471, 0.65469, 0.70615
2025-06-14 20:58:29.574000,f8:a2:fd:ea:fb:80, -0.212, 0.973, 0.013, -0.305, -0.244, 0, 88.802, 12.008, -151.062, -20.087, -44.833, 40.020, 30.86, -0.10657, -0.24615, 0.65509, 0.70627
2025-06-14 20:58:29.755000,f8:a2:fd:ea:fb:80, -0.208, 0.976, 0.012, -0.061, -0.122, 0, 88.813, 12.008, -151.095, -20.087, -44.833, 40.020, 30.86, -0.10657, -0.24615, 0.65509, 0.70627
2025-06-14 20:58:29.816000,f8:a2:fd:ea:fb:80, -0.208, 0.976, 0.011, -0.427, -0.244, 0, 88.819, 12.014, -151.133, -20.087, -44.833, 40.020, 30.86, -0.10657, -0.24615, 0.65509, 0.70627
2025-06-14 20:58:29.903000,f8:a2:fd:ea:fb:80, -0.208, 0.974, 0.011, -0.061, -0.549, 0, 88.813, 12.014, -151.177, -20.120, -44.627, 39.987, 30.86, -0.10657, -0.24615, 0.65509, 0.70627
2025-06-14 20:58:29.994000,f8:a2:fd:ea:fb:80, -0.208, 0.973, 0.011, -0.244, -0.671, 0, 88.813, 12.019, -151.238, -20.120, -44.627, 39.987, 30.86, -0.10553, -0.24533, 0.65549, 0.70633
2025-06-14 20:58:30.085000,f8:a2:fd:ea:fb:80, -0.208, 0.975, 0.013, -0.244, -0.549, 0, 88.797, 12.019, -151.315, -20.120, -44.627, 39.987, 30.86, -0.10553, -0.24533, 0.65549, 0.70633
2025-06-14 20:58:30.205000,f8:a2:fd:ea:fb:80, -0.209, 0.976, 0.011, -0.427, -0.305, 0, 88.781, 12.019, -151.348, -20.053, -44.647, 40.000, 30.86, -0.10553, -0.24533, 0.65549, 0.70633
2025-06-14 20:58:30.324000,f8:a2:fd:ea:fb:80, -0.205, 0.973, 0.012, -0.305, -0.305, 0, 88.764, 12.019, -151.392, -20.053, -44.647, 40.000, 30.86, -0.10461, -0.24438, 0.65552, 0.70679
2025-06-14 20:58:30.386000,f8:a2:fd:ea:fb:80, -0.205, 0.976, 0.016, -0.427, -0.366, 0, 88.753, 12.019, -151.43, -20.053, -44.647, 40.000, 30.86, -0.10461, -0.24438, 0.65552, 0.70679
2025-06-14 20:58:30.474000,f8:a2:fd:ea:fb:80, -0.207, 0.971, 0.015, -0.244, -0.793, 0, 88.726, 12.019, -151.507, -20.113, -44.640, 40.040, 30.86, -0.10461, -0.24438, 0.65552, 0.70679
2025-06-14 20:58:30.594000,f8:a2:fd:ea:fb:80, -0.208, 0.972, 0.016, -0.183, -0.793, 0, 88.715, 12.019, -151.573, -20.113, -44.640, 40.040, 30.86, -0.10364, -0.24335, 0.65558, 0.70721
2025-06-14 20:58:30.684000,f8:a2:fd:ea:fb:80, -0.208, 0.971, 0.013, -0.244, -0.488, 0, 88.709, 12.019, -151.628, -20.113, -44.640, 40.040, 30.86, -0.10364, -0.24335, 0.65558, 0.70721
2025-06-14 20:58:30.776000,f8:a2:fd:ea:fb:80, -0.207, 0.975, 0.014, -0.183, -0.122, 0, 88.72, 12.019, -151.666, -20.140, -44.813, 40.073, 30.86, -0.10364, -0.24335, 0.65558, 0.70721
2025-06-14 20:58:30.925000,f8:a2:fd:ea:fb:80, -0.206, 0.974, 0.014, -0.366, -0.305, 0, 88.709, 12.014, -151.721, -20.140, -44.813, 40.073, 30.86, -0.10275, -0.24246, 0.65588, 0.70737
2025-06-14 20:58:30.983000,f8:a2:fd:ea:fb:80, -0.208, 0.969, 0.013, 0, -0.488, 0, 88.704, 12.014, -151.771, -20.140, -44.813, 40.073, 30.86, -0.10275, -0.24246, 0.65588, 0.70737
2025-06-14 20:58:31.104000,f8:a2:fd:ea:fb:80, -0.206, 0.974, 0.015, -0.244, -0.854, 0, 88.704, 12.014, -151.82, -19.827, -44.753, 39.907, 30.86, -0.10196, -0.24164, 0.6561, 0.70758
2025-06-14 20:58:31.224000,f8:a2:fd:ea:fb:80, -0.21, 0.973, 0.016, -0.183, -0.732, 0, 88.687, 12.014, -151.886, -19.827, -44.753, 39.907, 30.86, -0.10196, -0.24164, 0.6561, 0.70758
2025-06-14 20:58:31.314000,f8:a2:fd:ea:fb:80, -0.207, 0.979, 0.017, -0.061, -0.61, 0, 88.682, 12.008, -151.946, -19.973, -44.793, 40.047, 30.86, -0.10196, -0.24164, 0.6561, 0.70758
2025-06-14 20:58:31.405000,f8:a2:fd:ea:fb:80, -0.209, 0.978, 0.016, -0.183, -0.427, 0, 88.682, 12.008, -152.007, -19.973, -44.793, 40.047, 30.86, -0.10092, -0.2406, 0.65637, 0.70779
2025-06-14 20:58:31.524000,f8:a2:fd:ea:fb:80, -0.208, 0.972, 0.015, -0.122, -0.61, 0, 88.687, 12.008, -152.051, -19.973, -44.793, 40.047, 30.86, -0.10092, -0.2406, 0.65637, 0.70779
2025-06-14 20:58:31.615000,f8:a2:fd:ea:fb:80, -0.204, 0.978, 0.015, -0.244, -0.183, 0, 88.671, 12.008, -152.128, -19.973, -44.767, 39.907, 30.86, -0.10092, -0.2406, 0.65637, 0.70779
2025-06-14 20:58:31.704000,f8:a2:fd:ea:fb:80, -0.208, 0.973, 0.014, 0, -0.366, 0, 88.682, 12.008, -152.161, -19.973, -44.767, 39.907, 30.86, -0.10004, -0.23978, 0.65671, 0.70792
2025-06-14 20:58:31.824000,f8:a2:fd:ea:fb:80, -0.208, 0.973, 0.014, -0.244, -0.549, 0, 88.687, 12.008, -152.205, -19.973, -44.767, 39.907, 30.86, -0.10004, -0.23978, 0.65671, 0.70792
2025-06-14 20:58:31.947000,f8:a2:fd:ea:fb:80, -0.211, 0.971, 0.017, -0.183, -0.549, 0, 88.687, 12.008, -152.249, -20.073, -44.913, 39.953, 30.86, -0.10004, -0.23978, 0.65671, 0.70792
2025-06-14 20:58:32.004000,f8:a2:fd:ea:fb:80, -0.206, 0.972, 0.013, -0.305, -0.366, 0, 88.693, 12.014, -152.298, -20.073, -44.913, 39.953, 30.86, -0.09912, -0.23898, 0.65701, 0.70801
2025-06-14 20:58:32.125000,f8:a2:fd:ea:fb:80, -0.208, 0.974, 0.016, -0.122, -0.427, 0, 88.682, 12.014, -152.358, -20.073, -44.913, 39.953, 30.86, -0.09912, -0.23898, 0.65701, 0.70801
2025-06-14 20:58:32.215000,f8:a2:fd:ea:fb:80, -0.205, 0.973, 0.016, -0.061, -0.854, 0, 88.693, 12.014, -152.408, -20.193, -44.847, 40.047, 30.86, -0.09912, -0.23898, 0.65701, 0.70801
2025-06-14 20:58:32.335000,f8:a2:fd:ea:fb:80, -0.207, 0.977, 0.019, -0.122, -0.305, 0, 88.682, 12.008, -152.457, -20.193, -44.847, 40.047, 30.86, -0.09824, -0.23813, 0.65729, 0.70816
2025-06-14 20:58:32.424000,f8:a2:fd:ea:fb:80, -0.209, 0.97, 0.013, 0, -0.488, 0, 88.698, 12.014, -152.485, -20.193, -44.847, 40.047, 30.86, -0.09824, -0.23813, 0.65729, 0.70816
2025-06-14 20:58:32.514000,f8:a2:fd:ea:fb:80, -0.207, 0.974, 0.016, -0.305, -0.793, 0, 88.687, 12.014, -152.54, -20.027, -44.833, 40.233, 30.86, -0.09824, -0.23813, 0.65729, 0.70816
2025-06-14 20:58:32.606000,f8:a2:fd:ea:fb:80, -0.207, 0.971, 0.014, -0.183, -0.671, 0, 88.682, 12.014, -152.595, -20.027, -44.833, 40.233, 30.86, -0.09735, -0.2373, 0.65756, 0.70831
2025-06-14 20:58:32.725000,f8:a2:fd:ea:fb:80, -0.21, 0.972, 0.015, -0.183, -0.366, 0, 88.682, 12.014, -152.655, -20.027, -44.833, 40.233, 30.86, -0.09735, -0.2373, 0.65756, 0.70831
2025-06-14 20:58:32.815000,f8:a2:fd:ea:fb:80, -0.209, 0.974, 0.016, -0.305, -0.244, 0, 88.676, 12.014, -152.704, -19.980, -44.847, 40.027, 30.86, -0.09735, -0.2373, 0.65756, 0.70831
2025-06-14 20:58:32.905000,f8:a2:fd:ea:fb:80, -0.208, 0.972, 0.012, -0.061, -0.854, 0, 88.676, 12.014, -152.743, -19.980, -44.847, 40.027, 30.86, -0.09647, -0.23648, 0.65784, 0.70847
2025-06-14 20:58:33.024000,f8:a2:fd:ea:fb:80, -0.208, 0.974, 0.016, -0.183, -0.244, 0, 88.665, 12.014, -152.792, -19.980, -44.847, 40.027, 30.86, -0.09647, -0.23648, 0.65784, 0.70847
2025-06-14 20:58:33.116000,f8:a2:fd:ea:fb:80, -0.208, 0.973, 0.013, -0.122, -0.305, 0, 88.676, 12.014, -152.831, -20.113, -44.833, 40.040, 30.86, -0.09647, -0.23648, 0.65784, 0.70847
2025-06-14 20:58:33.235000,f8:a2:fd:ea:fb:80, -0.208, 0.973, 0.016, -0.305, -0.671, 0, 88.676, 12.014, -152.886, -20.113, -44.833, 40.040, 30.86, -0.09555, -0.23563, 0.65811, 0.70859
2025-06-14 20:58:33.326000,f8:a2:fd:ea:fb:80, -0.208, 0.976, 0.015, -0.305, -0.488, 0, 88.665, 12.014, -152.946, -20.113, -44.833, 40.040, 30.86, -0.09555, -0.23563, 0.65811, 0.70859
2025-06-14 20:58:33.414000,f8:a2:fd:ea:fb:80, -0.21, 0.974, 0.012, -0.366, -0.366, 0, 88.66, 12.014, -153.007, -20.033, -44.747, 39.913, 30.86, -0.09555, -0.23563, 0.65811, 0.70859
2025-06-14 20:58:33.504000,f8:a2:fd:ea:fb:80, -0.208, 0.977, 0.016, -0.427, -0.549, 0, 88.638, 12.014, -153.073, -20.033, -44.747, 39.913, 30.86, -0.09442, -0.23444, 0.65826, 0.70901
2025-06-14 20:58:33.625000,f8:a2:fd:ea:fb:80, -0.206, 0.978, 0.013, -0.427, -0.366, 0, 88.621, 12.014, -153.133, -20.033, -44.747, 39.913, 30.86, -0.09442, -0.23444, 0.65826, 0.70901
2025-06-14 20:58:33.717000,f8:a2:fd:ea:fb:80, -0.205, 0.974, 0.017, -0.488, -0.549, 0, 88.583, 12.008, -153.204, -20.000, -45.107, 40.060, 30.86, -0.09442, -0.23444, 0.65826, 0.70901
2025-06-14 20:58:33.836000,f8:a2:fd:ea:fb:80, -0.208, 0.973, 0.014, -0.122, -0.366, 0, 88.572, 12.008, -153.259, -20.000, -45.107, 40.060, 30.86, -0.09338, -0.23328, 0.65829, 0.7095
2025-06-14 20:58:33.926000,f8:a2:fd:ea:fb:80, -0.21, 0.972, 0.017, -0.183, -0.732, 0, 88.566, 12.008, -153.309, -20.000, -45.107, 40.060, 30.86, -0.09338, -0.23328, 0.65829, 0.7095
2025-06-14 20:58:34.015000,f8:a2:fd:ea:fb:80, -0.206, 0.976, 0.018, -0.244, -0.244, 0, 88.561, 12.008, -153.358, -20.040, -44.907, 39.947, 30.86, -0.09338, -0.23328, 0.65829, 0.7095
2025-06-14 20:58:34.105000,f8:a2:fd:ea:fb:80, -0.21, 0.974, 0.016, -0.122, -0.61, 0, 88.561, 12.008, -153.408, -20.040, -44.907, 39.947, 30.86, -0.09256, -0.23245, 0.65848, 0.70972
2025-06-14 20:58:34.225000,f8:a2:fd:ea:fb:80, -0.207, 0.97, 0.02, -0.244, -0.854, 0, 88.544, 12.003, -153.474, -20.040, -44.907, 39.947, 30.86, -0.09256, -0.23245, 0.65848, 0.70972
2025-06-14 20:58:34.316000,f8:a2:fd:ea:fb:80, -0.204, 0.976, 0.018, -0.305, -0.427, 0, 88.533, 12.003, -153.517, -20.167, -44.787, 39.800, 30.86, -0.09256, -0.23245, 0.65848, 0.70972
2025-06-14 20:58:34.405000,f8:a2:fd:ea:fb:80, -0.21, 0.972, 0.017, -0.366, -0.549, 0, 88.517, 12.003, -153.589, -20.167, -44.787, 39.800, 30.86, -0.09164, -0.23145, 0.6586, 0.71005
2025-06-14 20:58:34.526000,f8:a2:fd:ea:fb:80, -0.206, 0.972, 0.015, -0.061, -0.183, 0, 88.522, 11.997, -153.622, -20.167, -44.787, 39.800, 30.86, -0.09164, -0.23145, 0.6586, 0.71005
2025-06-14 20:58:34.645000,f8:a2:fd:ea:fb:80, -0.206, 0.975, 0.016, -0.366, -0.427, 0, 88.522, 11.997, -153.666, -19.873, -44.767, 39.987, 30.86, -0.09164, -0.23145, 0.6586, 0.71005
2025-06-14 20:58:34.705000,f8:a2:fd:ea:fb:80, -0.207, 0.971, 0.019, -0.183, -0.671, 0, 88.506, 11.997, -153.715, -19.873, -44.767, 39.987, 30.86, -0.09091, -0.23068, 0.65878, 0.71021
2025-06-14 20:58:34.825000,f8:a2:fd:ea:fb:80, -0.204, 0.975, 0.018, -0.305, -0.488, 0, 88.5, 11.997, -153.781, -19.873, -44.767, 39.987, 30.86, -0.09091, -0.23068, 0.65878, 0.71021
2025-06-14 20:58:34.916000,f8:a2:fd:ea:fb:80, -0.206, 0.972, 0.02, -0.183, -0.793, 0, 88.484, 11.992, -153.847, -20.033, -44.807, 39.960, 30.86, -0.09091, -0.23068, 0.65878, 0.71021
2025-06-14 20:58:35.066000,f8:a2:fd:ea:fb:80, -0.203, 0.972, 0.019, -0.122, -0.61, 0, 88.489, 11.992, -153.885, -20.033, -44.807, 39.960, 30.86, -0.08994, -0.22968, 0.65903, 0.71045
2025-06-14 20:58:35.126000,f8:a2:fd:ea:fb:80, -0.206, 0.972, 0.021, -0.244, -0.671, 0, 88.473, 11.992, -153.957, -20.033, -44.807, 39.960, 30.86, -0.08994, -0.22968, 0.65903, 0.71045
2025-06-14 20:58:35.214000,f8:a2:fd:ea:fb:80, -0.207, 0.97, 0.018, 0.061, -0.305, 0, 88.489, 11.992, -153.979, -20.007, -44.793, 39.753, 30.86, -0.0892, -0.22897, 0.65933, 0.71048
2025-06-14 20:58:35.365000,f8:a2:fd:ea:fb:80, -0.205, 0.975, 0.019, -0.427, -0.549, 0, 88.495, 11.986, -154.017, -20.007, -44.793, 39.753, 30.86, -0.0892, -0.22897, 0.65933, 0.71048
2025-06-14 20:58:35.455000,f8:a2:fd:ea:fb:80, -0.207, 0.972, 0.018, -0.122, -0.488, 0, 88.484, 11.986, -154.067, -20.007, -44.853, 39.873, 30.86, -0.0892, -0.22897, 0.65933, 0.71048
2025-06-14 20:58:35.545000,f8:a2:fd:ea:fb:80, -0.208, 0.972, 0.019, -0.122, -0.671, 0, 88.478, 11.986, -154.116, -20.007, -44.853, 39.873, 30.86, -0.08835, -0.22809, 0.65955, 0.71069
2025-06-14 20:58:35.637000,f8:a2:fd:ea:fb:80, -0.207, 0.975, 0.017, -0.122, -0.305, 0, 88.489, 11.986, -154.171, -20.007, -44.853, 39.873, 30.86, -0.08835, -0.22809, 0.65955, 0.71069
2025-06-14 20:58:35.756000,f8:a2:fd:ea:fb:80, -0.207, 0.98, 0.02, -0.122, -0.427, 0, 88.5, 11.981, -154.204, -20.107, -44.853, 39.773, 30.86, -0.08835, -0.22809, 0.65955, 0.71069
2025-06-14 20:58:35.845000,f8:a2:fd:ea:fb:80, -0.206, 0.977, 0.019, -0.244, -0.183, 0, 88.5, 11.981, -154.259, -20.107, -44.853, 39.773, 30.86, -0.08762, -0.22742, 0.65988, 0.71066
2025-06-14 20:58:35.935000,f8:a2:fd:ea:fb:80, -0.209, 0.973, 0.019, 0.122, -0.061, 0, 88.517, 11.981, -154.281, -20.107, -44.853, 39.773, 30.86, -0.08762, -0.22742, 0.65988, 0.71066
2025-06-14 20:58:36.086000,f8:a2:fd:ea:fb:80, -0.207, 0.978, 0.018, -0.122, -0.122, 0, 88.539, 11.975, -154.292, -20.140, -44.913, 39.927, 30.86, -0.08762, -0.22742, 0.65988, 0.71066
2025-06-14 20:58:36.145000,f8:a2:fd:ea:fb:80, -0.206, 0.976, 0.015, 0, -0.061, 0, 88.555, 11.975, -154.33, -20.140, -44.913, 39.927, 30.86, -0.08701, -0.22696, 0.66043, 0.71039
2025-06-14 20:58:36.235000,f8:a2:fd:ea:fb:80, -0.205, 0.974, 0.016, 0.122, -0.427, 0, 88.577, 11.975, -154.374, -20.140, -44.913, 39.927, 30.86, -0.08701, -0.22696, 0.66043, 0.71039
2025-06-14 20:58:36.355000,f8:a2:fd:ea:fb:80, -0.209, 0.975, 0.013, 0, -0.061, 0, 88.605, 11.975, -154.407, -19.967, -44.987, 39.960, 30.86, -0.08701, -0.22696, 0.66043, 0.71039
2025-06-14 20:58:36.446000,f8:a2:fd:ea:fb:80, -0.207, 0.977, 0.016, 0.244, -0.122, 0, 88.649, 11.97, -154.435, -19.967, -44.987, 39.960, 30.86, -0.08624, -0.22647, 0.66122, 0.7099
2025-06-14 20:58:36.535000,f8:a2:fd:ea:fb:80, -0.211, 0.973, 0.015, 0.305, -0.427, -0.244, 88.693, 11.992, -154.473, -19.967, -44.987, 39.960, 30.86, -0.08624, -0.22647, 0.66122, 0.7099
2025-06-14 20:58:36.655000,f8:a2:fd:ea:fb:80, -0.206, 0.979, 0.011, 0.427, 0.122, -0.244, 88.753, 12.019, -154.49, -20.167, -44.673, 40.087, 30.86, -0.08511, -0.22668, 0.66217, 0.70908
2025-06-14 20:58:36.745000,f8:a2:fd:ea:fb:80, -0.212, 0.975, 0.01, 0.427, -0.244, -0.244, 88.824, 12.052, -154.501, -20.167, -44.673, 40.087, 30.86, -0.08511, -0.22668, 0.66217, 0.70908
2025-06-14 20:58:36.834000,f8:a2:fd:ea:fb:80, -0.211, 0.973, 0.01, 0.305, -0.061, -0.244, 88.874, 12.074, -154.528, -20.167, -44.673, 40.087, 30.86, -0.08511, -0.22668, 0.66217, 0.70908
2025-06-14 20:58:36.955000,f8:a2:fd:ea:fb:80, -0.208, 0.971, 0.01, 0.122, -0.305, -0.305, 88.907, 12.101, -154.561, -20.087, -44.733, 40.093, 30.86, -0.08511, -0.22668, 0.66217, 0.70908
2025-06-14 20:58:37.045000,f8:a2:fd:ea:fb:80, -0.209, 0.976, 0.011, 0.061, -0.061, -0.305, 88.94, 12.129, -154.611, -20.087, -44.733, 40.093, 30.86, -0.08362, -0.22662, 0.66302, 0.70847
2025-06-14 20:58:37.135000,f8:a2:fd:ea:fb:80, -0.212, 0.971, 0.009, 0.61, -0.061, -0.549, 89.006, 12.178, -154.627, -20.087, -44.733, 40.093, 30.86, -0.08362, -0.22662, 0.66302, 0.70847
2025-06-14 20:58:37.256000,f8:a2:fd:ea:fb:80, -0.212, 0.971, 0.007, 0.549, -0.122, -0.488, 89.083, 12.222, -154.622, -20.120, -44.887, 40.187, 30.86, -0.08237, -0.22742, 0.66391, 0.70752
2025-06-14 20:58:37.346000,f8:a2:fd:ea:fb:80, -0.214, 0.971, 0.006, 0.488, -0.366, -0.61, 89.143, 12.283, -154.638, -20.120, -44.887, 40.187, 30.86, -0.08237, -0.22742, 0.66391, 0.70752
2025-06-14 20:58:37.448000,f8:a2:fd:ea:fb:80, -0.216, 0.97, 0.003, 0.549, -0.183, -0.61, 89.22, 12.338, -154.649, -20.120, -44.887, 40.187, 30.86, -0.08237, -0.22742, 0.66391, 0.70752
2025-06-14 20:58:37.556000,f8:a2:fd:ea:fb:80, -0.216, 0.97, 0.004, 0.061, -0.488, -0.488, 89.269, 12.393, -154.682, -20.067, -44.860, 40.180, 30.86, -0.0806, -0.22803, 0.6647, 0.70679
2025-06-14 20:58:37.646000,f8:a2:fd:ea:fb:80, -0.217, 0.968, 0.001, -0.061, -0.793, -0.488, 89.286, 12.437, -154.726, -20.067, -44.860, 40.180, 30.86, -0.0806, -0.22803, 0.6647, 0.70679
2025-06-14 20:58:37.736000,f8:a2:fd:ea:fb:80, -0.216, 0.971, 0.003, -0.061, -0.488, -0.366, 89.291, 12.475, -154.786, -20.067, -44.860, 40.180, 30.86, -0.0806, -0.22803, 0.6647, 0.70679
2025-06-14 20:58:37.857000,f8:a2:fd:ea:fb:80, -0.221, 0.972, 0.002, 0, -0.488, -0.244, 89.313, 12.513, -154.836, -19.967, -44.967, 40.027, 30.86, -0.07883, -0.22778, 0.66507, 0.70673
2025-06-14 20:58:37.976000,f8:a2:fd:ea:fb:80, -0.216, 0.978, 0.003, 0, -0.366, -0.183, 89.33, 12.541, -154.88, -19.967, -44.967, 40.027, 30.86, -0.07883, -0.22778, 0.66507, 0.70673
2025-06-14 20:58:38.036000,f8:a2:fd:ea:fb:80, -0.219, 0.971, 0.002, -0.305, -0.732, -0.061, 89.335, 12.563, -154.951, -19.967, -44.967, 40.027, 30.86, -0.07883, -0.22778, 0.66507, 0.70673
2025-06-14 20:58:38.156000,f8:a2:fd:ea:fb:80, -0.218, 0.97, 0.002, 0, -0.427, -0.122, 89.341, 12.579, -154.995, -19.767, -44.900, 40.233, 30.86, -0.07764, -0.22729, 0.66541, 0.7067
2025-06-14 20:58:38.276000,f8:a2:fd:ea:fb:80, -0.22, 0.973, 0, -0.366, -0.488, 0.061, 89.352, 12.59, -155.039, -19.767, -44.900, 40.233, 30.86, -0.07764, -0.22729, 0.66541, 0.7067
2025-06-14 20:58:38.366000,f8:a2:fd:ea:fb:80, -0.22, 0.969, 0.001, -0.244, -0.549, 0.061, 89.341, 12.59, -155.094, -19.867, -44.793, 40.413, 30.86, -0.07764, -0.22729, 0.66541, 0.7067
2025-06-14 20:58:38.486000,f8:a2:fd:ea:fb:80, -0.218, 0.973, 0.004, -0.244, -0.488, 0, 89.335, 12.59, -155.149, -19.867, -44.793, 40.413, 30.86, -0.07663, -0.22635, 0.66562, 0.70691
2025-06-14 20:58:38.575000,f8:a2:fd:ea:fb:80, -0.217, 0.968, 0.003, -0.183, -0.61, 0, 89.324, 12.596, -155.204, -19.867, -44.793, 40.413, 30.86, -0.07663, -0.22635, 0.66562, 0.70691
2025-06-14 20:58:38.666000,f8:a2:fd:ea:fb:80, -0.215, 0.974, 0.003, -0.244, -0.183, 0.305, 89.33, 12.59, -155.253, -20.007, -44.860, 40.327, 30.86, -0.07663, -0.22635, 0.66562, 0.70691
2025-06-14 20:58:38.785000,f8:a2:fd:ea:fb:80, -0.218, 0.971, 0.002, -0.366, -0.977, 0.305, 89.319, 12.568, -155.314, -20.007, -44.860, 40.327, 30.86, -0.0759, -0.22522, 0.66583, 0.70715
2025-06-14 20:58:38.877000,f8:a2:fd:ea:fb:80, -0.219, 0.974, 0.004, -0.122, -0.427, 0.244, 89.308, 12.541, -155.352, -20.007, -44.860, 40.327, 30.86, -0.0759, -0.22522, 0.66583, 0.70715
2025-06-14 20:58:38.997000,f8:a2:fd:ea:fb:80, -0.217, 0.971, 0.002, -0.793, -0.854, 0.427, 89.269, 12.502, -155.424, -19.953, -44.840, 40.187, 30.86, -0.0759, -0.22522, 0.66583, 0.70715
2025-06-14 20:58:39.086000,f8:a2:fd:ea:fb:80, -0.213, 0.976, 0.006, -0.793, -0.366, 0.427, 89.214, 12.458, -155.495, -19.953, -44.840, 40.187, 30.86, -0.07568, -0.2236, 0.66577, 0.70776
2025-06-14 20:58:39.238000,f8:a2:fd:ea:fb:80, -0.212, 0.972, 0.004, -0.732, -0.427, 0.488, 89.171, 12.42, -155.555, -19.953, -44.840, 40.187, 30.86, -0.07568, -0.2236, 0.66577, 0.70776
2025-06-14 20:58:39.267000,f8:a2:fd:ea:fb:80, -0.212, 0.975, 0.008, -0.305, -0.732, 0.244, 89.132, 12.382, -155.621, -19.953, -44.840, 40.187, 30.86, -0.07568, -0.2236, 0.66577, 0.70776
2025-06-14 20:58:39.386000,f8:a2:fd:ea:fb:80, -0.209, 0.975, 0.006, -0.549, -0.671, 0.244, 89.105, 12.36, -155.682, -20.140, -44.940, 40.247, 30.86, -0.07516, -0.22153, 0.66562, 0.70859
2025-06-14 20:58:39.477000,f8:a2:fd:ea:fb:80, -0.213, 0.969, 0.009, -0.549, -1.099, 0.061, 89.061, 12.343, -155.77, -20.140, -44.940, 40.247, 30.86, -0.07516, -0.22153, 0.66562, 0.70859
2025-06-14 20:58:39.567000,f8:a2:fd:ea:fb:80, -0.212, 0.972, 0.006, -0.549, -0.488, 0.061, 89.006, 12.338, -155.841, -20.140, -44.940, 40.247, 30.86, -0.07516, -0.22153, 0.66562, 0.70859
2025-06-14 20:58:39.687000,f8:a2:fd:ea:fb:80, -0.211, 0.971, 0.009, -0.549, -0.61, 0, 88.967, 12.327, -155.891, -19.860, -44.900, 40.027, 30.86, -0.0744, -0.22025, 0.66519, 0.70947
2025-06-14 20:58:39.776000,f8:a2:fd:ea:fb:80, -0.212, 0.975, 0.01, -0.488, -0.854, 0, 88.929, 12.327, -155.945, -19.860, -44.900, 40.027, 30.86, -0.0744, -0.22025, 0.66519, 0.70947
2025-06-14 20:58:39.866000,f8:a2:fd:ea:fb:80, -0.222, 0.968, 0.012, -0.488, -1.16, 0, 88.89, 12.327, -155.945, -19.887, -44.953, 40.073, 30.86, -0.0744, -0.22025, 0.66519, 0.70947
2025-06-14 20:58:39.987000,f8:a2:fd:ea:fb:80, -0.214, 0.967, 0.006, 0.122, -0.854, 0, 88.857, 12.327, -155.38, -19.887, -44.953, 40.073, 30.86, -0.07874, -0.22409, 0.66336, 0.70953
2025-06-14 20:58:40.106000,f8:a2:fd:ea:fb:80, -0.212, 0.975, 0.012, -1.282, -3.113, 0.488, 88.813, 12.321, -154.907, -19.887, -44.953, 40.073, 30.86, -0.07874, -0.22409, 0.66336, 0.70953
2025-06-14 20:58:40.166000,f8:a2:fd:ea:fb:80, -0.224, 0.975, 0.016, -1.953, -4.517, 0.793, 88.599, 12.25, -154.682, -19.387, -44.787, 40.160, 30.86, -0.07874, -0.22409, 0.66336, 0.70953
2025-06-14 20:58:40.285000,f8:a2:fd:ea:fb:80, -0.205, 0.97, 0.02, -0.793, -10.071, 0.244, 88.33, 12.2, -154.797, -19.387, -44.787, 40.160, 30.86, -0.0827, -0.22467, 0.6593, 0.71268
2025-06-14 20:58:40.377000,f8:a2:fd:ea:fb:80, -0.195, 0.972, 0.028, -1.404, -7.08, 0.488, 88.072, 12.14, -155.154, -19.387, -44.787, 40.160, 30.86, -0.0827, -0.22467, 0.6593, 0.71268
2025-06-14 20:58:40.468000,f8:a2:fd:ea:fb:80, -0.202, 0.976, 0.03, -0.488, -3.967, 0.366, 87.907, 12.079, -155.209, -17.787, -44.913, 40.947, 30.86, -0.0827, -0.22467, 0.6593, 0.71268
2025-06-14 20:58:40.587000,f8:a2:fd:ea:fb:80, -0.209, 0.973, 0.032, -1.648, -2.441, 0.366, 87.781, 12.036, -155.083, -17.787, -44.913, 40.947, 30.86, -0.0835, -0.22247, 0.65698, 0.71542
2025-06-14 20:58:40.767000,f8:a2:fd:ea:fb:80, -0.199, 0.974, 0.034, -0.732, -1.587, 0.061, 87.654, 12.008, -154.874, -17.787, -44.913, 40.947, 30.86, -0.0835, -0.22247, 0.65698, 0.71542
2025-06-14 20:58:40.768000,f8:a2:fd:ea:fb:80, -0.212, 0.972, 0.024, 0.977, 0.183, -0.854, 87.682, 12.036, -154.583, -17.787, -44.913, 40.947, 30.86, -0.0835, -0.22247, 0.65698, 0.71542
2025-06-14 20:58:40.946000,f8:a2:fd:ea:fb:80, -0.21, 0.972, 0.024, 0.549, 0.977, -0.793, 87.847, 12.14, -154.16, -17.033, -45.027, 40.907, 30.86, -0.08963, -0.22989, 0.65512, 0.71402
2025-06-14 20:58:40.976000,f8:a2:fd:ea:fb:80, -0.209, 0.967, 0.027, 1.038, 1.282, -0.793, 87.962, 12.211, -153.721, -17.033, -45.027, 40.907, 30.86, -0.08963, -0.22989, 0.65512, 0.71402
2025-06-14 20:58:41.066000,f8:a2:fd:ea:fb:80, -0.205, 0.972, 0.025, 1.099, 3.357, -0.732, 88.099, 12.283, -153.199, -17.033, -45.027, 40.907, 30.86, -0.08963, -0.22989, 0.65512, 0.71402
2025-06-14 20:58:41.185000,f8:a2:fd:ea:fb:80, -0.216, 0.973, 0.019, 1.465, 4.883, -0.732, 88.33, 12.365, -152.457, -18.013, -44.993, 40.920, 30.86, -0.0997, -0.24405, 0.65433, 0.70868
2025-06-14 20:58:41.275000,f8:a2:fd:ea:fb:80, -0.216, 0.971, 0.015, 1.282, 5.066, -0.732, 88.616, 12.453, -151.705, -18.013, -44.993, 40.920, 30.86, -0.0997, -0.24405, 0.65433, 0.70868
2025-06-14 20:58:41.365000,f8:a2:fd:ea:fb:80, -0.215, 0.969, 0.014, 1.587, 5.432, -0.793, 88.863, 12.508, -150.886, -18.013, -44.993, 40.920, 30.86, -0.0997, -0.24405, 0.65433, 0.70868
2025-06-14 20:58:41.487000,f8:a2:fd:ea:fb:80, -0.218, 0.97, 0.004, 1.404, 2.625, -0.488, 89.099, 12.568, -150.205, -19.073, -44.787, 40.473, 30.86, -0.10992, -0.25751, 0.65375, 0.70294
2025-06-14 20:58:41.607000,f8:a2:fd:ea:fb:80, -0.222, 0.973, 0.003, 1.16, 1.038, -0.183, 89.302, 12.612, -149.628, -19.073, -44.787, 40.473, 30.86, -0.10992, -0.25751, 0.65375, 0.70294
2025-06-14 20:58:41.668000,f8:a2:fd:ea:fb:80, -0.222, 0.968, -0.004, -0.061, 0.916, -0.061, 89.396, 12.645, -149.288, -19.073, -44.787, 40.473, 30.86, -0.10992, -0.25751, 0.65375, 0.70294
2025-06-14 20:58:41.786000,f8:a2:fd:ea:fb:80, -0.218, 0.973, 0, 0, -0.916, -0.183, 89.423, 12.673, -149.068, -19.473, -44.767, 40.387, 30.86, -0.11392, -0.26251, 0.65277, 0.70135
2025-06-14 20:58:41.877000,f8:a2:fd:ea:fb:80, -0.218, 0.967, -0.003, -0.488, -2.075, -0.061, 89.39, 12.684, -148.909, -19.473, -44.767, 40.387, 30.86, -0.11392, -0.26251, 0.65277, 0.70135
2025-06-14 20:58:41.966000,f8:a2:fd:ea:fb:80, -0.216, 0.971, 0.008, -0.427, -0.549, 0.183, 89.346, 12.678, -148.782, -19.660, -44.893, 40.440, 30.86, -0.11392, -0.26251, 0.65277, 0.70135
2025-06-14 20:58:42.087000,f8:a2:fd:ea:fb:80, -0.22, 0.972, 0.004, 0, -0.549, 0.122, 89.335, 12.662, -148.585, -19.660, -44.893, 40.440, 30.86, -0.11682, -0.26474, 0.65134, 0.70135
2025-06-14 20:58:42.177000,f8:a2:fd:ea:fb:80, -0.216, 0.976, 0.003, 0.183, 0.122, 0.183, 89.357, 12.645, -148.348, -19.660, -44.893, 40.440, 30.86, -0.11682, -0.26474, 0.65134, 0.70135
2025-06-14 20:58:42.266000,f8:a2:fd:ea:fb:80, -0.221, 0.97, 0, 0.427, 0.549, 0.122, 89.429, 12.634, -148.085, -19.840, -44.853, 40.480, 30.86, -0.11682, -0.26474, 0.65134, 0.70135
2025-06-14 20:58:42.416000,f8:a2:fd:ea:fb:80, -0.217, 0.969, 0, 0.061, -0.061, 0.183, 89.489, 12.623, -147.843, -19.840, -44.853, 40.480, 30.86, -0.12125, -0.26892, 0.65063, 0.69968
2025-06-14 20:58:42.506000,f8:a2:fd:ea:fb:80, -0.216, 0.971, 0, -0.183, -0.549, 0.366, 89.5, 12.59, -147.651, -19.840, -44.853, 40.480, 30.86, -0.12125, -0.26892, 0.65063, 0.69968
2025-06-14 20:58:42.598000,f8:a2:fd:ea:fb:80, -0.215, 0.969, 0, -0.061, -0.671, 0.061, 89.484, 12.568, -147.508, -20.020, -44.633, 40.493, 30.86, -0.12125, -0.26892, 0.65063, 0.69968
2025-06-14 20:58:42.717000,f8:a2:fd:ea:fb:80, -0.216, 0.973, 0, -0.061, -0.549, 0, 89.506, 12.563, -147.36, -20.020, -44.633, 40.493, 30.86, -0.12469, -0.27151, 0.64969, 0.69894
2025-06-14 20:58:42.806000,f8:a2:fd:ea:fb:80, -0.218, 0.974, -0.004, -0.183, -0.061, 0, 89.522, 12.563, -147.211, -20.020, -44.633, 40.493, 30.86, -0.12469, -0.27151, 0.64969, 0.69894
2025-06-14 20:58:42.926000,f8:a2:fd:ea:fb:80, -0.212, 0.967, 0.003, -0.732, -1.16, 0, 89.478, 12.568, -147.14, -19.820, -44.727, 40.313, 30.86, -0.12469, -0.27151, 0.64969, 0.69894
2025-06-14 20:58:43.019000,f8:a2:fd:ea:fb:80, -0.215, 0.971, -0.001, -0.305, -0.61, 0, 89.462, 12.568, -147.036, -19.820, -44.727, 40.313, 30.86, -0.12665, -0.27328, 0.64859, 0.69891
2025-06-14 20:58:43.106000,f8:a2:fd:ea:fb:80, -0.218, 0.97, -0.002, -0.488, -0.671, 0, 89.456, 12.574, -146.931, -19.820, -44.727, 40.313, 30.89, -0.12665, -0.27328, 0.64859, 0.69891
2025-06-14 20:58:43.195000,f8:a2:fd:ea:fb:80, -0.219, 0.971, 0, -0.305, -0.244, 0, 89.445, 12.574, -146.838, -19.820, -44.727, 40.313, 30.89, -0.12665, -0.27328, 0.64859, 0.69891
2025-06-14 20:58:43.317000,f8:a2:fd:ea:fb:80, -0.215, 0.966, -0.003, -0.061, -0.244, 0, 89.456, 12.574, -146.717, -20.000, -44.753, 40.287, 30.89, -0.12665, -0.27328, 0.64859, 0.69891
2025-06-14 20:58:43.407000,f8:a2:fd:ea:fb:80, -0.22, 0.972, -0.001, -0.061, -0.244, 0, 89.467, 12.579, -146.591, -20.000, -44.753, 40.287, 30.89, -0.12939, -0.27594, 0.64755, 0.69833
2025-06-14 20:58:43.497000,f8:a2:fd:ea:fb:80, -0.22, 0.976, 0.001, -0.061, -0.61, 0, 89.473, 12.585, -146.492, -20.000, -44.753, 40.287, 30.89, -0.12939, -0.27594, 0.64755, 0.69833
2025-06-14 20:58:43.616000,f8:a2:fd:ea:fb:80, -0.216, 0.978, 0.002, -0.732, -1.221, 0.366, 89.462, 12.579, -146.437, -20.000, -44.753, 40.287, 30.89, -0.12939, -0.27594, 0.64755, 0.69833
2025-06-14 20:58:43.707000,f8:a2:fd:ea:fb:80, -0.217, 0.97, 0.002, -0.549, -0.732, 0.244, 89.385, 12.552, -146.431, -19.867, -44.653, 40.340, 30.89, -0.12939, -0.27594, 0.64755, 0.69833
2025-06-14 20:58:43.797000,f8:a2:fd:ea:fb:80, -0.215, 0.973, -0.002, -0.061, 0.244, 0.183, 89.39, 12.541, -146.354, -19.867, -44.653, 40.340, 30.89, -0.13098, -0.2767, 0.6467, 0.69852
2025-06-14 20:58:43.916000,f8:a2:fd:ea:fb:80, -0.216, 0.968, 0.002, -0.122, -0.305, 0.183, 89.407, 12.53, -146.266, -19.867, -44.653, 40.340, 30.89, -0.13098, -0.2767, 0.6467, 0.69852
2025-06-14 20:58:44.008000,f8:a2:fd:ea:fb:80, -0.213, 0.972, 0.003, 0.061, -0.427, 0.244, 89.418, 12.508, -146.173, -19.880, -44.740, 40.387, 30.89, -0.13098, -0.2767, 0.6467, 0.69852
2025-06-14 20:58:44.096000,f8:a2:fd:ea:fb:80, -0.214, 0.968, 0.002, 0.061, 0.183, 0.122, 89.44, 12.486, -146.091, -19.880, -44.740, 40.387, 30.89, -0.13281, -0.27792, 0.64651, 0.69788
2025-06-14 20:58:44.217000,f8:a2:fd:ea:fb:80, -0.212, 0.972, -0.002, 0.366, -0.183, 0.122, 89.489, 12.469, -145.981, -19.880, -44.740, 40.387, 30.89, -0.13281, -0.27792, 0.64651, 0.69788
2025-06-14 20:58:44.307000,f8:a2:fd:ea:fb:80, -0.211, 0.972, 0, 0.549, -0.244, 0.183, 89.566, 12.453, -145.876, -20.040, -44.573, 40.560, 30.89, -0.13281, -0.27792, 0.64651, 0.69788
2025-06-14 20:58:44.396000,f8:a2:fd:ea:fb:80, -0.213, 0.972, -0.001, 0.122, -0.305, 0.244, 89.615, 12.437, -145.822, -20.040, -44.573, 40.560, 30.89, -0.13428, -0.27933, 0.64703, 0.69656
2025-06-14 20:58:44.516000,f8:a2:fd:ea:fb:80, -0.214, 0.97, -0.004, -0.122, -0.916, 0.183, 89.626, 12.42, -145.778, -20.040, -44.573, 40.560, 30.89, -0.13428, -0.27933, 0.64703, 0.69656
2025-06-14 20:58:44.607000,f8:a2:fd:ea:fb:80, -0.216, 0.971, -0.001, -0.244, -0.61, 0.122, 89.632, 12.404, -145.723, -20.033, -44.713, 40.587, 30.89, -0.13428, -0.27933, 0.64703, 0.69656
2025-06-14 20:58:44.697000,f8:a2:fd:ea:fb:80, -0.213, 0.972, -0.003, -0.61, -0.61, 0.183, 89.61, 12.387, -145.717, -20.033, -44.713, 40.587, 30.89, -0.13519, -0.27963, 0.64685, 0.69641
2025-06-14 20:58:44.817000,f8:a2:fd:ea:fb:80, -0.216, 0.97, -0.003, -0.183, -0.61, -0.183, 89.594, 12.387, -145.679, -20.033, -44.713, 40.587, 30.89, -0.13519, -0.27963, 0.64685, 0.69641
2025-06-14 20:58:44.937000,f8:a2:fd:ea:fb:80, -0.213, 0.972, -0.001, -0.183, -0.427, -0.244, 89.594, 12.409, -145.635, -20.100, -44.773, 40.533, 30.89, -0.13519, -0.27963, 0.64685, 0.69641
2025-06-14 20:58:44.998000,f8:a2:fd:ea:fb:80, -0.218, 0.973, -0.003, -0.366, -0.244, -0.183, 89.588, 12.426, -145.591, -20.100, -44.773, 40.533, 30.89, -0.13574, -0.28052, 0.64636, 0.69641
2025-06-14 20:58:45.117000,f8:a2:fd:ea:fb:80, -0.214, 0.978, 0.001, -0.244, -0.366, -0.183, 89.577, 12.448, -145.563, -20.100, -44.773, 40.533, 30.89, -0.13574, -0.28052, 0.64636, 0.69641
2025-06-14 20:58:45.209000,f8:a2:fd:ea:fb:80, -0.215, 0.972, 0, -0.366, -0.366, -0.122, 89.572, 12.464, -145.519, -19.873, -44.547, 40.487, 30.89, -0.13574, -0.28052, 0.64636, 0.69641
2025-06-14 20:58:45.296000,f8:a2:fd:ea:fb:80, -0.216, 0.971, -0.001, -0.793, -0.61, 0, 89.544, 12.469, -145.497, -19.873, -44.547, 40.487, 30.89, -0.1362, -0.28125, 0.64575, 0.69659
2025-06-14 20:58:45.417000,f8:a2:fd:ea:fb:80, -0.216, 0.977, -0.002, -0.671, -0.671, 0, 89.484, 12.469, -145.514, -19.873, -44.547, 40.487, 30.89, -0.1362, -0.28125, 0.64575, 0.69659
2025-06-14 20:58:45.508000,f8:a2:fd:ea:fb:80, -0.219, 0.969, -0.001, -0.488, -1.099, 0, 89.44, 12.469, -145.525, -19.933, -44.780, 40.493, 30.89, -0.1362, -0.28125, 0.64575, 0.69659
2025-06-14 20:58:45.598000,f8:a2:fd:ea:fb:80, -0.213, 0.972, 0.002, -0.732, -0.732, 0, 89.385, 12.475, -145.541, -19.933, -44.780, 40.493, 30.89, -0.13629, -0.28082, 0.6449, 0.69754
2025-06-14 20:58:45.718000,f8:a2:fd:ea:fb:80, -0.216, 0.969, 0.002, -0.549, -0.916, 0, 89.341, 12.475, -145.552, -19.933, -44.780, 40.493, 30.89, -0.13629, -0.28082, 0.6449, 0.69754
2025-06-14 20:58:45.809000,f8:a2:fd:ea:fb:80, -0.212, 0.973, 0.003, -0.61, -0.244, 0, 89.302, 12.475, -145.547, -19.760, -44.727, 40.407, 30.89, -0.13629, -0.28082, 0.6449, 0.69754
2025-06-14 20:58:45.897000,f8:a2:fd:ea:fb:80, -0.212, 0.975, 0.007, -0.244, -0.122, 0, 89.291, 12.469, -145.53, -19.760, -44.727, 40.407, 30.89, -0.1366, -0.28076, 0.64429, 0.69806
2025-06-14 20:58:46.017000,f8:a2:fd:ea:fb:80, -0.214, 0.97, 0.007, -0.854, -1.038, 0, 89.22, 12.469, -145.53, -19.760, -44.727, 40.407, 30.89, -0.1366, -0.28076, 0.64429, 0.69806
2025-06-14 20:58:46.107000,f8:a2:fd:ea:fb:80, -0.214, 0.977, 0.007, -0.183, -0.244, 0, 89.198, 12.469, -145.497, -19.867, -44.960, 40.367, 30.89, -0.1366, -0.28076, 0.64429, 0.69806
2025-06-14 20:58:46.196000,f8:a2:fd:ea:fb:80, -0.214, 0.968, 0.007, -0.122, -0.183, 0, 89.203, 12.469, -145.443, -19.867, -44.960, 40.367, 30.89, -0.13736, -0.28113, 0.64355, 0.69846
2025-06-14 20:58:46.317000,f8:a2:fd:ea:fb:80, -0.215, 0.974, 0.009, 0.671, 0.854, -0.549, 89.269, 12.48, -145.305, -19.867, -44.960, 40.367, 30.89, -0.13736, -0.28113, 0.64355, 0.69846
2025-06-14 20:58:46.409000,f8:a2:fd:ea:fb:80, -0.213, 0.968, 0.005, -0.183, -0.305, -0.183, 89.291, 12.502, -145.245, -20.080, -44.893, 40.253, 30.89, -0.13736, -0.28113, 0.64355, 0.69846
2025-06-14 20:58:46.527000,f8:a2:fd:ea:fb:80, -0.215, 0.971, 0.008, -0.366, -0.916, 0, 89.264, 12.508, -145.206, -20.080, -44.893, 40.253, 30.89, -0.13843, -0.28278, 0.64322, 0.69788
2025-06-14 20:58:46.646000,f8:a2:fd:ea:fb:80, -0.216, 0.974, 0.002, -1.343, -1.038, 0.122, 89.236, 12.502, -145.195, -20.080, -44.893, 40.253, 30.89, -0.13843, -0.28278, 0.64322, 0.69788
2025-06-14 20:58:46.710000,f8:a2:fd:ea:fb:80, -0.214, 0.97, 0.007, -0.61, -0.427, 0.122, 89.149, 12.497, -145.272, -19.673, -44.907, 40.193, 30.89, -0.13843, -0.28278, 0.64322, 0.69788
2025-06-14 20:58:46.827000,f8:a2:fd:ea:fb:80, -0.218, 0.971, 0.007, 0.122, -0.549, 0, 89.127, 12.491, -145.305, -19.673, -44.907, 40.193, 30.89, -0.13824, -0.28195, 0.64273, 0.6987
2025-06-14 20:58:46.947000,f8:a2:fd:ea:fb:80, -0.219, 0.972, 0.005, -0.122, -0.183, 0, 89.154, 12.491, -145.3, -19.673, -44.907, 40.193, 30.89, -0.13824, -0.28195, 0.64273, 0.6987
2025-06-14 20:58:47.038000,f8:a2:fd:ea:fb:80, -0.216, 0.973, 0.007, 0.061, 0.183, 0, 89.176, 12.491, -145.267, -19.673, -44.907, 40.193, 30.89, -0.13824, -0.28195, 0.64273, 0.6987
2025-06-14 20:58:47.127000,f8:a2:fd:ea:fb:80, -0.214, 0.976, 0.005, 0, 0.366, 0, 89.193, 12.491, -145.239, -19.547, -45.047, 40.247, 30.89, -0.13858, -0.28253, 0.64301, 0.69815
2025-06-14 20:58:47.246000,f8:a2:fd:ea:fb:80, -0.211, 0.972, 0.005, 0, -0.122, 0, 89.22, 12.491, -145.212, -19.547, -45.047, 40.247, 30.89, -0.13858, -0.28253, 0.64301, 0.69815
2025-06-14 20:58:47.367000,f8:a2:fd:ea:fb:80, -0.217, 0.971, 0, -0.305, -0.732, 0, 89.236, 12.491, -145.201, -19.907, -44.773, 40.200, 30.89, -0.13858, -0.28253, 0.64301, 0.69815
2025-06-14 20:58:47.428000,f8:a2:fd:ea:fb:80, -0.215, 0.969, 0.003, 0, -0.427, 0, 89.236, 12.491, -145.206, -19.907, -44.773, 40.200, 30.89, -0.13855, -0.28268, 0.64316, 0.69797
2025-06-14 20:58:47.547000,f8:a2:fd:ea:fb:80, -0.221, 0.97, 0.005, -0.061, -0.122, 0, 89.258, 12.491, -145.195, -19.907, -44.773, 40.200, 30.89, -0.13855, -0.28268, 0.64316, 0.69797
2025-06-14 20:58:47.638000,f8:a2:fd:ea:fb:80, -0.215, 0.972, 0.005, 0.122, -0.061, 0, 89.28, 12.497, -145.162, -20.040, -44.693, 40.280, 30.89, -0.13855, -0.28268, 0.64316, 0.69797
2025-06-14 20:58:47.728000,f8:a2:fd:ea:fb:80, -0.217, 0.973, 0.003, -0.183, -0.488, 0, 89.302, 12.497, -145.129, -20.040, -44.693, 40.280, 30.89, -0.13882, -0.28317, 0.64331, 0.69757
2025-06-14 20:58:47.847000,f8:a2:fd:ea:fb:80, -0.209, 0.972, 0.001, -0.122, -0.427, 0, 89.308, 12.497, -145.113, -20.040, -44.693, 40.280, 30.89, -0.13882, -0.28317, 0.64331, 0.69757
2025-06-14 20:58:47.937000,f8:a2:fd:ea:fb:80, -0.209, 0.98, 0.009, 0, -0.427, 0.305, 89.33, 12.486, -145.107, -20.173, -44.753, 40.253, 30.89, -0.13882, -0.28317, 0.64331, 0.69757
2025-06-14 20:58:48.027000,f8:a2:fd:ea:fb:80, -0.214, 0.968, 0.003, 0.122, -0.366, 0.244, 89.357, 12.469, -145.08, -20.173, -44.753, 40.253, 30.89, -0.13922, -0.28336, 0.64368, 0.69705
2025-06-14 20:58:48.148000,f8:a2:fd:ea:fb:80, -0.208, 0.971, 0, -0.366, 0, 0.305, 89.379, 12.448, -145.047, -20.173, -44.753, 40.253, 30.89, -0.13922, -0.28336, 0.64368, 0.69705
2025-06-14 20:58:48.239000,f8:a2:fd:ea:fb:80, -0.212, 0.975, 0.002, -0.183, -0.854, 0.183, 89.368, 12.431, -145.069, -19.767, -44.833, 40.307, 30.89, -0.13922, -0.28336, 0.64368, 0.69705
2025-06-14 20:58:48.328000,f8:a2:fd:ea:fb:80, -0.213, 0.974, 0.002, 0, -0.305, 0, 89.385, 12.426, -145.052, -19.767, -44.833, 40.307, 30.89, -0.13959, -0.28333, 0.64377, 0.6969
2025-06-14 20:58:48.477000,f8:a2:fd:ea:fb:80, -0.212, 0.974, 0.001, -0.366, 0, 0.061, 89.396, 12.426, -145.047, -19.767, -44.833, 40.307, 30.89, -0.13959, -0.28333, 0.64377, 0.6969
2025-06-14 20:58:48.538000,f8:a2:fd:ea:fb:80, -0.217, 0.973, 0, -0.122, -0.061, -0.061, 89.39, 12.431, -145.047, -19.747, -44.873, 40.227, 30.89, -0.13959, -0.28333, 0.64377, 0.6969
2025-06-14 20:58:48.628000,f8:a2:fd:ea:fb:80, -0.214, 0.978, 0.001, 0.183, -0.549, 0, 89.396, 12.426, -145.02, -19.747, -44.873, 40.227, 30.89, -0.13968, -0.28351, 0.6438, 0.69678
2025-06-14 20:58:48.750000,f8:a2:fd:ea:fb:80, -0.21, 0.973, 0.001, -0.122, -0.61, 0, 89.418, 12.426, -145.025, -19.747, -44.873, 40.227, 30.89, -0.13968, -0.28351, 0.6438, 0.69678
2025-06-14 20:58:48.839000,f8:a2:fd:ea:fb:80, -0.214, 0.969, 0.002, 0.61, -0.183, -0.61, 89.445, 12.453, -145.014, -19.900, -44.713, 40.153, 30.89, -0.13968, -0.28351, 0.6438, 0.69678
2025-06-14 20:58:48.928000,f8:a2:fd:ea:fb:80, -0.218, 0.968, 0, 0, -0.61, -0.244, 89.484, 12.497, -145.009, -19.900, -44.713, 40.153, 30.89, -0.13913, -0.28406, 0.6441, 0.69641
2025-06-14 20:58:49.077000,f8:a2:fd:ea:fb:80, -0.216, 0.97, 0, -0.793, -0.854, -0.244, 89.451, 12.502, -145.009, -19.900, -44.713, 40.153, 30.89, -0.13913, -0.28406, 0.6441, 0.69641
2025-06-14 20:58:49.228000,f8:a2:fd:ea:fb:80, -0.216, 0.977, 0.001, -0.732, -1.465, -0.061, 89.379, 12.524, -145.085, -19.400, -44.767, 40.153, 30.89, -0.13913, -0.28406, 0.6441, 0.69641
2025-06-14 20:58:49.230000,f8:a2:fd:ea:fb:80, -0.215, 0.971, 0.002, -0.366, -0.671, -0.122, 89.33, 12.535, -145.157, -19.400, -44.767, 40.153, 30.89, -0.13913, -0.28406, 0.6441, 0.69641
2025-06-14 20:58:49.350000,f8:a2:fd:ea:fb:80, -0.216, 0.972, 0.004, -0.671, -0.793, 0, 89.291, 12.552, -145.19, -19.400, -44.767, 40.153, 30.89, -0.13828, -0.28323, 0.6434, 0.69757
2025-06-14 20:58:49.438000,f8:a2:fd:ea:fb:80, -0.22, 0.968, 0.003, -0.488, -0.671, -0.244, 89.253, 12.563, -145.223, -19.400, -44.767, 40.153, 30.89, -0.13828, -0.28323, 0.6434, 0.69757
2025-06-14 20:58:49.529000,f8:a2:fd:ea:fb:80, -0.214, 0.973, 0.006, -0.61, -0.732, 0, 89.22, 12.574, -145.261, -19.440, -44.900, 40.060, 30.89, -0.13828, -0.28323, 0.6434, 0.69757
2025-06-14 20:58:49.678000,f8:a2:fd:ea:fb:80, -0.218, 0.972, 0.007, -0.366, -0.916, 0, 89.176, 12.574, -145.311, -19.440, -44.900, 40.060, 30.89, -0.13754, -0.28241, 0.64276, 0.69861
2025-06-14 20:58:49.767000,f8:a2:fd:ea:fb:80, -0.215, 0.975, 0.01, 0, -0.061, 0, 89.176, 12.574, -145.311, -19.440, -44.900, 40.060, 30.89, -0.13754, -0.28241, 0.64276, 0.69861
2025-06-14 20:58:49.827000,f8:a2:fd:ea:fb:80, -0.22, 0.971, 0.006, 0.183, -0.183, 0, 89.198, 12.579, -145.294, -19.593, -44.920, 40.013, 30.89, -0.13754, -0.28241, 0.64276, 0.69861
2025-06-14 20:58:49.948000,f8:a2:fd:ea:fb:80, -0.217, 0.976, 0.001, -0.061, -0.061, 0, 89.242, 12.579, -145.25, -19.593, -44.920, 40.013, 30.89, -0.13776, -0.2829, 0.64304, 0.69812
2025-06-14 20:58:50.037000,f8:a2:fd:ea:fb:80, -0.219, 0.968, 0.004, -0.366, -1.099, 0, 89.225, 12.585, -145.267, -19.593, -44.920, 40.013, 30.89, -0.13776, -0.2829, 0.64304, 0.69812
2025-06-14 20:58:50.129000,f8:a2:fd:ea:fb:80, -0.216, 0.972, 0.008, -0.183, -0.305, 0, 89.214, 12.59, -145.272, -19.540, -44.933, 39.973, 30.89, -0.13776, -0.2829, 0.64304, 0.69812
2025-06-14 20:58:50.247000,f8:a2:fd:ea:fb:80, -0.215, 0.972, 0.003, -0.183, -0.427, 0, 89.231, 12.59, -145.245, -19.540, -44.933, 39.973, 30.89, -0.13779, -0.28299, 0.64288, 0.69824
2025-06-14 20:58:50.338000,f8:a2:fd:ea:fb:80, -0.218, 0.971, 0.004, -0.183, -0.366, 0, 89.203, 12.596, -145.261, -19.540, -44.933, 39.973, 30.89, -0.13779, -0.28299, 0.64288, 0.69824
2025-06-14 20:58:50.428000,f8:a2:fd:ea:fb:80, -0.216, 0.97, 0.006, -0.183, -0.671, 0, 89.214, 12.596, -145.245, -19.440, -44.933, 40.173, 30.89, -0.13779, -0.28299, 0.64288, 0.69824
2025-06-14 20:58:50.548000,f8:a2:fd:ea:fb:80, -0.218, 0.968, 0.008, -0.183, -1.099, 0, 89.203, 12.596, -145.272, -19.440, -44.933, 40.173, 30.89, -0.13763, -0.28284, 0.64279, 0.69839
2025-06-14 20:58:50.637000,f8:a2:fd:ea:fb:80, -0.216, 0.971, 0.004, -0.183, -0.61, 0, 89.203, 12.601, -145.316, -19.440, -44.933, 40.173, 30.89, -0.13763, -0.28284, 0.64279, 0.69839
2025-06-14 20:58:50.729000,f8:a2:fd:ea:fb:80, -0.218, 0.972, 0.005, -0.366, -0.916, 0, 89.193, 12.601, -145.371, -19.593, -45.060, 40.253, 30.89, -0.13763, -0.28284, 0.64279, 0.69839
2025-06-14 20:58:50.879000,f8:a2:fd:ea:fb:80, -0.215, 0.97, 0.004, -0.122, -0.061, 0, 89.198, 12.601, -145.377, -19.593, -45.060, 40.253, 30.89, -0.13693, -0.28223, 0.64301, 0.69858
2025-06-14 20:58:50.939000,f8:a2:fd:ea:fb:80, -0.217, 0.972, 0.012, -0.122, -0.488, 0, 89.187, 12.601, -145.393, -19.593, -45.060, 40.253, 30.89, -0.13693, -0.28223, 0.64301, 0.69858
2025-06-14 20:58:51.059000,f8:a2:fd:ea:fb:80, -0.22, 0.97, 0.004, -0.305, -0.305, 0, 89.198, 12.601, -145.371, -19.740, -45.040, 40.147, 30.89, -0.13693, -0.28223, 0.64301, 0.69858
2025-06-14 20:58:51.177000,f8:a2:fd:ea:fb:80, -0.216, 0.971, 0.005, -0.305, -0.549, 0, 89.193, 12.601, -145.382, -19.740, -45.040, 40.147, 30.89, -0.13696, -0.28226, 0.64301, 0.69858
2025-06-14 20:58:51.269000,f8:a2:fd:ea:fb:80, -0.217, 0.97, 0.005, -0.366, -0.732, 0, 89.182, 12.601, -145.421, -19.740, -45.040, 40.147, 30.89, -0.13696, -0.28226, 0.64301, 0.69858
2025-06-14 20:58:51.418000,f8:a2:fd:ea:fb:80, -0.212, 0.975, 0.007, -0.427, -0.854, 0, 89.16, 12.601, -145.481, -19.713, -45.153, 40.107, 30.89, -0.13696, -0.28226, 0.64301, 0.69858
2025-06-14 20:58:51.478000,f8:a2:fd:ea:fb:80, -0.212, 0.972, 0.024, -5.31, -18.738, 2.747, 88.572, 12.349, -146.766, -19.713, -45.153, 40.107, 30.89, -0.13113, -0.27164, 0.64316, 0.70377
2025-06-14 20:58:51.568000,f8:a2:fd:ea:fb:80, -0.21, 0.976, 0.014, 0.549, -5.615, 0.793, 88.347, 12.195, -147.662, -19.713, -45.153, 40.107, 30.89, -0.13113, -0.27164, 0.64316, 0.70377
2025-06-14 20:58:51.659000,f8:a2:fd:ea:fb:80, -0.211, 0.975, 0.017, -0.427, 0.916, -0.183, 88.374, 12.178, -147.766, -19.713, -45.153, 40.107, 30.89, -0.13113, -0.27164, 0.64316, 0.70377
2025-06-14 20:58:51.777000,f8:a2:fd:ea:fb:80, -0.209, 0.973, 0.025, -0.366, 0.061, -0.061, 88.385, 12.222, -147.541, -18.767, -45.067, 40.987, 30.89, -0.1283, -0.2673, 0.64395, 0.7052
2025-06-14 20:58:51.868000,f8:a2:fd:ea:fb:80, -0.214, 0.968, 0.018, -0.122, 1.526, -0.244, 88.391, 12.233, -147.415, -18.767, -45.067, 40.987, 30.89, -0.1283, -0.2673, 0.64395, 0.7052
2025-06-14 20:58:51.959000,f8:a2:fd:ea:fb:80, -0.21, 0.971, 0.02, -0.366, -2.502, 0.427, 88.38, 12.233, -147.393, -18.700, -45.100, 40.867, 30.89, -0.1283, -0.2673, 0.64395, 0.7052
2025-06-14 20:58:52.080000,f8:a2:fd:ea:fb:80, -0.211, 0.976, 0.017, -0.427, 0.61, 0, 88.369, 12.228, -147.382, -18.700, -45.100, 40.867, 30.89, -0.12897, -0.26791, 0.64365, 0.70511
2025-06-14 20:58:52.173000,f8:a2:fd:ea:fb:80, -0.212, 0.97, 0.017, -0.244, -0.244, -0.061, 88.369, 12.228, -147.365, -18.700, -45.100, 40.867, 30.89, -0.12897, -0.26791, 0.64365, 0.70511
2025-06-14 20:58:52.439000,f8:a2:fd:ea:fb:80, -0.211, 0.971, 0.022, 0, -0.671, 0, 88.341, 12.217, -147.404, -18.813, -45.093, 40.893, 30.89, -0.12897, -0.26791, 0.64365, 0.70511
2025-06-14 20:58:52.558000,f8:a2:fd:ea:fb:80, -0.211, 0.967, 0.017, 0.061, -1.953, 0.366, 88.336, 12.206, -147.448, -18.813, -45.093, 40.893, 30.89, -0.12869, -0.26733, 0.64368, 0.70538
2025-06-14 20:58:52.649000,f8:a2:fd:ea:fb:80, -0.205, 0.968, 0.027, -0.061, -1.709, 0.244, 88.319, 12.167, -147.607, -18.813, -45.093, 40.893, 30.89, -0.12869, -0.26733, 0.64368, 0.70538
2025-06-14 20:58:52.769000,f8:a2:fd:ea:fb:80, -0.208, 0.975, 0.025, 0.061, -2.686, 0.732, 88.303, 12.129, -147.766, -18.240, -45.060, 41.200, 30.89, -0.12869, -0.26733, 0.64368, 0.70538
2025-06-14 20:58:52.859000,f8:a2:fd:ea:fb:80, -0.209, 0.971, 0.021, -0.122, -1.221, 0.183, 88.281, 12.085, -147.914, -18.240, -45.060, 41.200, 30.89, -0.12671, -0.26398, 0.64468, 0.70609
2025-06-14 20:58:52.953000,f8:a2:fd:ea:fb:80, -0.208, 0.972, 0.022, 0, -0.488, 0.061, 88.292, 12.068, -147.997, -18.240, -45.060, 41.200, 30.89, -0.12671, -0.26398, 0.64468, 0.70609
2025-06-14 20:58:53.039000,f8:a2:fd:ea:fb:80, -0.206, 0.974, 0.02, 0.183, -1.404, 0.305, 88.303, 12.052, -148.074, -18.127, -44.933, 41.313, 30.89, -0.12671, -0.26398, 0.64468, 0.70609
2025-06-14 20:58:53.158000,f8:a2:fd:ea:fb:80, -0.204, 0.979, 0.024, 0.793, -2.441, 0.427, 88.325, 12.025, -148.239, -18.127, -44.933, 41.313, 30.89, -0.1246, -0.26135, 0.64615, 0.70605
2025-06-14 20:58:53.248000,f8:a2:fd:ea:fb:80, -0.202, 0.973, 0.017, 0.671, -1.892, 0.183, 88.396, 11.981, -148.458, -18.127, -44.933, 41.313, 30.89, -0.1246, -0.26135, 0.64615, 0.70605
2025-06-14 20:58:53.340000,f8:a2:fd:ea:fb:80, -0.203, 0.978, 0.017, 0.793, -1.099, 0.061, 88.445, 11.964, -148.585, -17.780, -44.573, 41.467, 30.89, -0.1246, -0.26135, 0.64615, 0.70605
2025-06-14 20:58:53.460000,f8:a2:fd:ea:fb:80, -0.211, 0.972, 0.02, 0, -0.977, 0, 88.467, 11.97, -148.596, -17.780, -44.573, 41.467, 30.89, -0.1228, -0.25967, 0.64764, 0.70566
2025-06-14 20:58:53.548000,f8:a2:fd:ea:fb:80, -0.206, 0.97, 0.02, 0.305, -0.671, -0.061, 88.489, 11.975, -148.607, -17.780, -44.573, 41.467, 30.89, -0.1228, -0.25967, 0.64764, 0.70566
2025-06-14 20:58:53.639000,f8:a2:fd:ea:fb:80, -0.209, 0.973, 0.01, 0.183, -0.061, -0.122, 88.528, 11.975, -148.629, -17.660, -44.807, 41.747, 30.89, -0.1228, -0.25967, 0.64764, 0.70566
2025-06-14 20:58:53.760000,f8:a2:fd:ea:fb:80, -0.205, 0.975, 0.017, 0.366, -0.244, 0, 88.566, 11.975, -148.629, -17.660, -44.807, 41.747, 30.89, -0.12225, -0.25961, 0.64838, 0.70508
2025-06-14 20:58:53.849000,f8:a2:fd:ea:fb:80, -0.207, 0.974, 0.018, 0.549, -0.244, -0.366, 88.621, 11.986, -148.612, -17.660, -44.807, 41.747, 30.89, -0.12225, -0.25961, 0.64838, 0.70508
2025-06-14 20:58:53.939000,f8:a2:fd:ea:fb:80, -0.213, 0.969, 0.014, 0.854, -0.366, -0.244, 88.709, 12.019, -148.563, -17.507, -44.653, 41.773, 30.89, -0.12225, -0.25961, 0.64838, 0.70508
2025-06-14 20:58:54.060000,f8:a2:fd:ea:fb:80, -0.208, 0.973, 0.009, 1.221, 0.732, -0.732, 88.863, 12.068, -148.513, -17.507, -44.653, 41.773, 30.89, -0.12183, -0.26105, 0.64963, 0.70349
2025-06-14 20:58:54.148000,f8:a2:fd:ea:fb:80, -0.206, 0.97, 0.008, 2.197, 2.319, -1.16, 89.083, 12.151, -148.398, -17.507, -44.653, 41.773, 30.89, -0.12183, -0.26105, 0.64963, 0.70349
2025-06-14 20:58:54.269000,f8:a2:fd:ea:fb:80, -0.223, 0.98, 0.006, 4.395, 0.244, -2.686, 89.401, 12.354, -148.057, -17.893, -44.487, 41.840, 30.89, -0.12183, -0.26105, 0.64963, 0.70349
2025-06-14 20:58:54.359000,f8:a2:fd:ea:fb:80, -0.221, 0.977, 0, 7.019, 6.592, -3.845, 90.137, 12.728, -147.579, -17.893, -44.487, 41.840, 30.89, -0.12067, -0.27097, 0.65341, 0.69638
2025-06-14 20:58:54.448000,f8:a2:fd:ea:fb:80, -0.21, 0.978, -0.013, 3.662, -5.31, -1.16, 90.659, 13.019, -147.618, -17.893, -44.487, 41.840, 30.89, -0.12067, -0.27097, 0.65341, 0.69638
2025-06-14 20:58:54.539000,f8:a2:fd:ea:fb:80, -0.225, 0.969, -0.02, 3.296, -7.08, -1.16, 90.747, 13.101, -148.162, -16.867, -44.000, 42.753, 30.89, -0.12067, -0.27097, 0.65341, 0.69638
2025-06-14 20:58:54.690000,f8:a2:fd:ea:fb:80, -0.222, 0.963, -0.022, 3.967, -2.625, -1.343, 90.972, 13.184, -148.579, -16.867, -44.000, 42.753, 30.89, -0.10931, -0.26923, 0.66043, 0.69229
2025-06-14 20:58:54.749000,f8:a2:fd:ea:fb:80, -0.239, 0.966, -0.036, 3.357, 0.488, -1.587, 91.357, 13.321, -148.607, -16.867, -44.000, 42.753, 30.89, -0.10931, -0.26923, 0.66043, 0.69229
2025-06-14 20:58:54.839000,f8:a2:fd:ea:fb:80, -0.247, 0.964, -0.038, 3.723, 1.465, -1.831, 91.736, 13.464, -148.403, -16.867, -44.000, 42.753, 30.89, -0.10931, -0.26923, 0.66043, 0.69229
2025-06-14 20:58:54.959000,f8:a2:fd:ea:fb:80, -0.243, 0.97, -0.048, 3.113, 2.991, -1.709, 92.137, 13.623, -148.151, -16.227, -43.880, 43.500, 30.89, -0.10651, -0.27637, 0.66571, 0.68484
2025-06-14 20:58:55.049000,f8:a2:fd:ea:fb:80, -0.239, 0.963, -0.056, 3.235, 2.38, -1.526, 92.521, 13.771, -147.898, -16.227, -43.880, 43.500, 30.89, -0.10651, -0.27637, 0.66571, 0.68484
2025-06-14 20:58:55.168000,f8:a2:fd:ea:fb:80, -0.247, 0.966, -0.064, 3.662, 1.831, -1.77, 92.955, 13.942, -147.656, -16.673, -43.227, 43.813, 30.89, -0.10651, -0.27637, 0.66571, 0.68484
2025-06-14 20:58:55.259000,f8:a2:fd:ea:fb:80, -0.254, 0.953, -0.071, 3.235, 1.526, -1.648, 93.362, 14.101, -147.404, -16.673, -43.227, 43.813, 30.89, -0.10504, -0.28442, 0.66992, 0.67761
2025-06-14 20:58:55.379000,f8:a2:fd:ea:fb:80, -0.246, 0.959, -0.078, 2.869, 0.61, -1.404, 93.724, 14.249, -147.25, -16.673, -43.227, 43.813, 30.89, -0.10504, -0.28442, 0.66992, 0.67761
2025-06-14 20:58:55.440000,f8:a2:fd:ea:fb:80, -0.254, 0.955, -0.084, 1.953, 1.526, -0.977, 94.021, 14.365, -147.085, -16.673, -43.227, 43.813, 30.89, -0.10504, -0.28442, 0.66992, 0.67761
2025-06-14 20:58:55.589000,f8:a2:fd:ea:fb:80, -0.25, 0.962, -0.074, 0.916, 11.597, -0.977, 94.329, 14.387, -146.321, -17.107, -43.207, 44.140, 30.89, -0.10907, -0.29465, 0.67178, 0.67072
2025-06-14 20:58:55.680000,f8:a2:fd:ea:fb:80, -0.247, 0.963, -0.099, 2.502, 2.319, -0.366, 94.757, 14.431, -145.673, -17.107, -43.207, 44.140, 30.89, -0.10907, -0.29465, 0.67178, 0.67072
2025-06-14 20:58:55.771000,f8:a2:fd:ea:fb:80, -0.253, 0.958, -0.092, 2.869, -0.366, -0.244, 95.037, 14.469, -145.481, -17.107, -43.207, 44.140, 30.89, -0.10907, -0.29465, 0.67178, 0.67072
2025-06-14 20:58:55.918000,f8:a2:fd:ea:fb:80, -0.254, 0.954, -0.109, 3.235, 0.732, -0.549, 95.4, 14.529, -145.333, -18.307, -42.847, 44.300, 30.89, -0.10962, -0.30084, 0.67569, 0.66391
2025-06-14 20:58:55.978000,f8:a2:fd:ea:fb:80, -0.25, 0.958, -0.111, 1.16, 0.305, 0, 95.652, 14.557, -145.151, -18.307, -42.847, 44.300, 30.89, -0.10962, -0.30084, 0.67569, 0.66391
2025-06-14 20:58:56.068000,f8:a2:fd:ea:fb:80, -0.251, 0.963, -0.108, 0.793, 0.61, 0.061, 95.806, 14.557, -145.014, -18.647, -42.620, 44.347, 30.89, -0.10962, -0.30084, 0.67569, 0.66391
2025-06-14 20:58:56.189000,f8:a2:fd:ea:fb:80, -0.252, 0.96, -0.115, 1.038, 0.061, 0.183, 95.955, 14.551, -144.86, -18.647, -42.620, 44.347, 30.89, -0.11087, -0.30359, 0.67709, 0.66104
2025-06-14 20:58:56.309000,f8:a2:fd:ea:fb:80, -0.25, 0.945, -0.116, 1.648, 0.61, -0.061, 96.136, 14.54, -144.673, -18.647, -42.620, 44.347, 30.89, -0.11087, -0.30359, 0.67709, 0.66104
2025-06-14 20:58:56.369000,f8:a2:fd:ea:fb:80, -0.26, 0.954, -0.121, 1.648, -0.793, 0, 96.328, 14.546, -144.547, -18.873, -42.453, 44.620, 30.89, -0.11087, -0.30359, 0.67709, 0.66104
2025-06-14 20:58:56.488000,f8:a2:fd:ea:fb:80, -0.255, 0.955, -0.129, 0.854, -0.122, 0, 96.504, 14.562, -144.481, -18.873, -42.453, 44.620, 30.89, -0.11136, -0.3063, 0.67917, 0.65756
2025-06-14 20:58:56.579000,f8:a2:fd:ea:fb:80, -0.248, 0.956, -0.128, 0.549, 0.916, 0, 96.625, 14.568, -144.366, -18.873, -42.453, 44.620, 30.89, -0.11136, -0.3063, 0.67917, 0.65756
2025-06-14 20:58:56.669000,f8:a2:fd:ea:fb:80, -0.248, 0.954, -0.121, 0.244, -0.427, 0, 96.691, 14.568, -144.152, -18.827, -42.307, 44.727, 30.89, -0.11136, -0.3063, 0.67917, 0.65756
2025-06-14 20:58:56.820000,f8:a2:fd:ea:fb:80, -0.249, 0.953, -0.133, 0, 0, 0, 96.746, 14.579, -144.091, -18.827, -42.307, 44.727, 30.89, -0.11295, -0.30887, 0.67935, 0.65591
2025-06-14 20:58:56.879000,f8:a2:fd:ea:fb:80, -0.251, 0.95, -0.126, 0.732, 0.183, 0, 96.833, 14.584, -144.014, -18.827, -42.307, 44.727, 30.89, -0.11295, -0.30887, 0.67935, 0.65591
2025-06-14 20:58:57.029000,f8:a2:fd:ea:fb:80, -0.25, 0.954, -0.129, -0.061, -1.16, 0, 96.916, 14.59, -143.937, -18.880, -42.153, 44.840, 30.89, -0.11295, -0.30887, 0.67935, 0.65591
2025-06-14 20:58:57.121000,f8:a2:fd:ea:fb:80, -0.238, 0.959, -0.135, -2.258, -1.16, 0.854, 96.828, 14.562, -143.866, -18.880, -42.153, 44.840, 30.89, -0.11401, -0.31006, 0.67923, 0.65527
2025-06-14 20:58:57.182000,f8:a2:fd:ea:fb:80, -0.252, 0.945, -0.119, -2.014, -1.282, 0.61, 96.581, 14.496, -143.855, -18.880, -42.153, 44.840, 30.89, -0.11401, -0.31006, 0.67923, 0.65527
2025-06-14 20:58:57.270000,f8:a2:fd:ea:fb:80, -0.241, 0.958, -0.121, -1.648, -0.61, 0.366, 96.482, 14.458, -143.822, -18.887, -42.440, 44.480, 30.89, -0.11401, -0.31006, 0.67923, 0.65527
2025-06-14 20:58:57.389000,f8:a2:fd:ea:fb:80, -0.25, 0.954, -0.122, -1.953, -2.075, 0.916, 96.328, 14.42, -143.877, -18.887, -42.440, 44.480, 30.89, -0.11636, -0.30847, 0.67661, 0.65836
2025-06-14 20:58:57.479000,f8:a2:fd:ea:fb:80, -0.24, 0.963, -0.114, -3.235, -0.183, 0.977, 96.092, 14.337, -143.877, -18.887, -42.440, 44.480, 30.89, -0.11636, -0.30847, 0.67661, 0.65836
2025-06-14 20:58:57.568000,f8:a2:fd:ea:fb:80, -0.246, 0.95, -0.112, -3.235, -1.038, 0.916, 95.795, 14.255, -143.91, -18.807, -42.633, 44.193, 30.89, -0.11636, -0.30847, 0.67661, 0.65836
2025-06-14 20:58:57.688000,f8:a2:fd:ea:fb:80, -0.238, 0.966, -0.104, -2.38, -0.122, 0.671, 95.603, 14.183, -143.855, -18.807, -42.633, 44.193, 30.89, -0.11969, -0.30688, 0.67319, 0.66196
2025-06-14 20:58:57.779000,f8:a2:fd:ea:fb:80, -0.238, 0.96, -0.102, -3.052, 0.488, 0.977, 95.378, 14.106, -143.767, -18.807, -42.633, 44.193, 30.89, -0.11969, -0.30688, 0.67319, 0.66196
2025-06-14 20:58:57.870000,f8:a2:fd:ea:fb:80, -0.234, 0.96, -0.096, -4.333, 0.061, 1.282, 95.026, 13.986, -143.674, -19.413, -42.820, 43.547, 30.89, -0.11969, -0.30688, 0.67319, 0.66196
2025-06-14 20:58:58.019000,f8:a2:fd:ea:fb:80, -0.238, 0.966, -0.079, -3.723, -1.343, 1.099, 94.664, 13.87, -143.69, -19.413, -42.820, 43.547, 30.89, -0.12515, -0.30524, 0.66815, 0.66681
2025-06-14 20:58:58.080000,f8:a2:fd:ea:fb:80, -0.228, 0.969, -0.077, -3.052, -0.244, 0.854, 94.334, 13.777, -143.762, -19.413, -42.820, 43.547, 30.89, -0.12515, -0.30524, 0.66815, 0.66681
2025-06-14 20:58:58.168000,f8:a2:fd:ea:fb:80, -0.232, 0.964, -0.076, -3.662, -1.404, 1.099, 93.994, 13.689, -143.806, -19.307, -43.080, 43.013, 30.89, -0.12515, -0.30524, 0.66815, 0.66681
2025-06-14 20:58:58.319000,f8:a2:fd:ea:fb:80, -0.229, 0.966, -0.074, -4.028, -0.183, 1.099, 93.642, 13.59, -143.828, -19.307, -43.080, 43.013, 30.89, -0.12827, -0.30212, 0.66391, 0.67184
2025-06-14 20:58:58.439000,f8:a2:fd:ea:fb:80, -0.23, 0.967, -0.059, -3.235, -1.526, 0.793, 93.279, 13.491, -143.937, -19.307, -43.080, 43.013, 30.89, -0.12827, -0.30212, 0.66391, 0.67184
2025-06-14 20:58:58.470000,f8:a2:fd:ea:fb:80, -0.223, 0.968, -0.058, -3.906, -3.174, 0.488, 92.933, 13.431, -144.08, -19.267, -43.460, 42.353, 30.89, -0.12827, -0.30212, 0.66391, 0.67184
2025-06-14 20:58:58.589000,f8:a2:fd:ea:fb:80, -0.236, 0.966, -0.057, -3.54, -1.831, 0.671, 92.576, 13.398, -144.311, -19.267, -43.460, 42.353, 30.89, -0.1301, -0.29639, 0.65833, 0.6795
2025-06-14 20:58:58.678000,f8:a2:fd:ea:fb:80, -0.249, 0.969, -0.039, -4.822, -2.686, 0.732, 92.175, 13.332, -144.448, -19.267, -43.460, 42.353, 30.93, -0.1301, -0.29639, 0.65833, 0.6795
2025-06-14 20:58:58.769000,f8:a2:fd:ea:fb:80, -0.228, 0.965, -0.034, -1.892, -5.188, 0.061, 91.774, 13.288, -144.668, -19.267, -43.460, 42.353, 30.93, -0.1301, -0.29639, 0.65833, 0.6795
2025-06-14 20:58:58.921000,f8:a2:fd:ea:fb:80, -0.212, 0.966, -0.023, 2.319, -4.15, -0.916, 91.763, 13.392, -145.437, -18.293, -43.833, 42.453, 30.93, -0.1301, -0.29639, 0.65833, 0.6795
2025-06-14 20:58:58.981000,f8:a2:fd:ea:fb:80, -0.225, 0.976, -0.038, 3.113, -1.465, -0.854, 92.043, 13.502, -145.778, -18.293, -43.833, 42.453, 30.93, -0.12186, -0.28824, 0.65903, 0.68384
2025-06-14 20:58:59.100000,f8:a2:fd:ea:fb:80, -0.225, 0.966, -0.041, -0.305, 0.427, -0.061, 92.131, 13.508, -145.684, -18.293, -43.833, 42.453, 30.93, -0.12186, -0.28824, 0.65903, 0.68384
2025-06-14 20:58:59.189000,f8:a2:fd:ea:fb:80, -0.228, 0.963, -0.042, 0.732, 2.502, -0.183, 92.219, 13.497, -145.481, -18.307, -43.713, 42.747, 30.93, -0.12186, -0.28824, 0.65903, 0.68384
2025-06-14 20:58:59.280000,f8:a2:fd:ea:fb:80, -0.226, 0.961, -0.05, 1.282, 4.456, -0.366, 92.428, 13.48, -145.085, -18.307, -43.713, 42.747, 30.93, -0.1254, -0.29269, 0.65955, 0.68082
2025-06-14 20:58:59.400000,f8:a2:fd:ea:fb:80, -0.231, 0.97, -0.057, 0.793, 4.456, 0, 92.664, 13.458, -144.575, -18.307, -43.713, 42.747, 30.93, -0.1254, -0.29269, 0.65955, 0.68082
2025-06-14 20:58:59.491000,f8:a2:fd:ea:fb:80, -0.228, 0.969, -0.059, -1.282, 1.77, 0.854, 92.686, 13.409, -144.278, -19.260, -43.527, 42.207, 30.93, -0.1254, -0.29269, 0.65955, 0.68082
2025-06-14 20:58:59.609000,f8:a2:fd:ea:fb:80, -0.225, 0.968, -0.048, -1.099, -0.61, 0.488, 92.593, 13.359, -144.245, -19.260, -43.527, 42.207, 30.93, -0.13055, -0.29688, 0.65866, 0.67886
2025-06-14 20:58:59.700000,f8:a2:fd:ea:fb:80, -0.227, 0.972, -0.045, 0, -0.977, 0.244, 92.571, 13.337, -144.289, -19.260, -43.527, 42.207, 30.93, -0.13055, -0.29688, 0.65866, 0.67886
2025-06-14 20:58:59.820000,f8:a2:fd:ea:fb:80, -0.221, 0.967, -0.053, -0.061, -0.61, 0, 92.576, 13.332, -144.338, -19.287, -43.700, 42.293, 30.93, -0.13055, -0.29688, 0.65866, 0.67886
2025-06-14 20:58:59.909000,f8:a2:fd:ea:fb:80, -0.227, 0.966, -0.053, -0.183, -0.366, 0.305, 92.604, 13.332, -144.349, -19.287, -43.700, 42.293, 30.93, -0.1301, -0.29614, 0.65906, 0.67889
2025-06-14 20:59:00.000000,f8:a2:fd:ea:fb:80, -0.221, 0.966, -0.05, 0.793, 1.282, -0.305, 92.67, 13.326, -144.289, -19.287, -43.700, 42.293, 30.93, -0.1301, -0.29614, 0.65906, 0.67889
2025-06-14 20:59:00.122000,f8:a2:fd:ea:fb:80, -0.228, 0.971, -0.054, 0.61, 1.282, -0.061, 92.791, 13.348, -144.174, -19.627, -43.540, 42.307, 30.93, -0.1301, -0.29614, 0.65906, 0.67889
2025-06-14 20:59:00.210000,f8:a2:fd:ea:fb:80, -0.225, 0.97, -0.054, 0.916, 1.404, -0.366, 92.906, 13.365, -144.009, -19.627, -43.540, 42.307, 30.93, -0.13129, -0.29904, 0.65997, 0.67651
2025-06-14 20:59:00.298000,f8:a2:fd:ea:fb:80, -0.227, 0.968, -0.06, 1.221, 0.549, -0.366, 93.082, 13.387, -143.811, -19.627, -43.540, 42.307, 30.93, -0.13129, -0.29904, 0.65997, 0.67651
2025-06-14 20:59:00.420000,f8:a2:fd:ea:fb:80, -0.233, 0.967, -0.062, 1.648, 0.61, -0.366, 93.257, 13.414, -143.652, -19.793, -43.640, 42.307, 30.93, -0.13196, -0.30228, 0.66156, 0.67337
2025-06-14 20:59:00.570000,f8:a2:fd:ea:fb:80, -0.229, 0.972, -0.069, 1.099, 0.854, -0.122, 93.433, 13.442, -143.547, -19.793, -43.640, 42.307, 30.93, -0.13196, -0.30228, 0.66156, 0.67337
2025-06-14 20:59:00.601000,f8:a2:fd:ea:fb:80, -0.232, 0.963, -0.07, 1.221, 0.183, -0.061, 93.587, 13.447, -143.416, -19.793, -43.640, 42.307, 30.93, -0.13196, -0.30228, 0.66156, 0.67337
2025-06-14 20:59:00.720000,f8:a2:fd:ea:fb:80, -0.229, 0.964, -0.07, 0.488, 0, 0, 93.713, 13.447, -143.317, -20.013, -43.407, 42.427, 30.93, -0.13293, -0.30426, 0.66266, 0.6712
2025-06-14 20:59:00.809000,f8:a2:fd:ea:fb:80, -0.226, 0.974, -0.072, -0.122, -0.183, 0.549, 93.746, 13.409, -143.245, -20.013, -43.407, 42.427, 30.93, -0.13293, -0.30426, 0.66266, 0.6712
2025-06-14 20:59:00.930000,f8:a2:fd:ea:fb:80, -0.23, 0.958, -0.077, -0.549, -0.549, 0.732, 93.735, 13.354, -143.212, -20.220, -43.287, 42.320, 30.93, -0.13293, -0.30426, 0.66266, 0.6712
2025-06-14 20:59:01.021000,f8:a2:fd:ea:fb:80, -0.223, 0.965, -0.074, -1.831, -0.671, 1.16, 93.647, 13.266, -143.207, -20.220, -43.287, 42.320, 30.93, -0.1351, -0.3031, 0.66208, 0.67188
2025-06-14 20:59:01.110000,f8:a2:fd:ea:fb:80, -0.225, 0.971, -0.071, -1.282, -0.122, 1.038, 93.521, 13.162, -143.201, -20.220, -43.287, 42.320, 30.93, -0.1351, -0.3031, 0.66208, 0.67188
2025-06-14 20:59:01.200000,f8:a2:fd:ea:fb:80, -0.218, 0.964, -0.072, -2.625, -0.549, 1.282, 93.362, 13.057, -143.218, -20.400, -43.433, 42.093, 30.93, -0.1351, -0.3031, 0.66208, 0.67188
2025-06-14 20:59:01.322000,f8:a2:fd:ea:fb:80, -0.216, 0.966, -0.063, -3.052, -1.77, 1.404, 93.093, 12.925, -143.317, -20.400, -43.433, 42.093, 30.93, -0.13776, -0.29993, 0.65991, 0.6749
2025-06-14 20:59:01.412000,f8:a2:fd:ea:fb:80, -0.215, 0.965, -0.053, -3.357, -2.075, 1.526, 92.752, 12.794, -143.448, -20.400, -43.433, 42.093, 30.93, -0.13776, -0.29993, 0.65991, 0.6749
2025-06-14 20:59:01.500000,f8:a2:fd:ea:fb:80, -0.216, 0.966, -0.047, -1.282, -1.16, 1.038, 92.51, 12.673, -143.597, -20.287, -43.380, 41.647, 30.93, -0.13776, -0.29993, 0.65991, 0.6749
2025-06-14 20:59:01.621000,f8:a2:fd:ea:fb:80, -0.208, 0.972, -0.05, -0.244, -0.549, 0.977, 92.483, 12.579, -143.619, -20.287, -43.380, 41.647, 30.93, -0.13937, -0.29614, 0.65836, 0.67773
2025-06-14 20:59:01.710000,f8:a2:fd:ea:fb:80, -0.211, 0.969, -0.052, -0.305, -1.343, 1.282, 92.466, 12.475, -143.646, -20.287, -43.380, 41.647, 30.93, -0.13937, -0.29614, 0.65836, 0.67773
2025-06-14 20:59:01.800000,f8:a2:fd:ea:fb:80, -0.208, 0.967, -0.054, 0.549, 0, 0.916, 92.477, 12.371, -143.674, -20.547, -43.287, 41.780, 30.93, -0.13937, -0.29614, 0.65836, 0.67773
2025-06-14 20:59:01.922000,f8:a2:fd:ea:fb:80, -0.203, 0.973, -0.047, 0.671, 0.244, 1.16, 92.554, 12.266, -143.663, -20.547, -43.287, 41.780, 30.93, -0.14084, -0.29422, 0.65967, 0.677
2025-06-14 20:59:02.009000,f8:a2:fd:ea:fb:80, -0.202, 0.968, -0.049, 0.671, 0, 1.221, 92.626, 12.14, -143.63, -20.547, -43.287, 41.780, 30.93, -0.14084, -0.29422, 0.65967, 0.677
2025-06-14 20:59:02.100000,f8:a2:fd:ea:fb:80, -0.198, 0.971, -0.052, 1.221, 1.221, 1.343, 92.758, 12.014, -143.547, -20.787, -42.960, 41.947, 30.93, -0.14084, -0.29422, 0.65967, 0.677
2025-06-14 20:59:02.220000,f8:a2:fd:ea:fb:80, -0.2, 0.971, -0.059, 0.793, 0.183, 1.77, 92.889, 11.854, -143.454, -20.787, -42.960, 41.947, 30.93, -0.14371, -0.29358, 0.66211, 0.67429
2025-06-14 20:59:02.310000,f8:a2:fd:ea:fb:80, -0.194, 0.969, -0.06, 1.038, 1.343, 1.587, 92.999, 11.678, -143.361, -20.787, -42.960, 41.947, 30.93, -0.14371, -0.29358, 0.66211, 0.67429
2025-06-14 20:59:02.401000,f8:a2:fd:ea:fb:80, -0.197, 0.979, -0.064, 0.977, 2.258, 1.404, 93.164, 11.525, -143.19, -21.233, -42.433, 42.060, 30.93, -0.14371, -0.29358, 0.66211, 0.67429
2025-06-14 20:59:02.519000,f8:a2:fd:ea:fb:80, -0.196, 0.971, -0.067, 0.671, 1.221, 0.916, 93.285, 11.393, -143.075, -21.233, -42.433, 42.060, 30.93, -0.14771, -0.2937, 0.66458, 0.67093
2025-06-14 20:59:02.610000,f8:a2:fd:ea:fb:80, -0.188, 0.973, -0.063, -0.122, 0, 0.793, 93.323, 11.305, -143.069, -21.233, -42.433, 42.060, 30.93, -0.14771, -0.2937, 0.66458, 0.67093
2025-06-14 20:59:02.699000,f8:a2:fd:ea:fb:80, -0.188, 0.97, -0.062, 0.549, 0.732, 0.061, 93.389, 11.255, -143.053, -21.607, -42.300, 42.027, 30.93, -0.14771, -0.2937, 0.66458, 0.67093
2025-06-14 20:59:02.820000,f8:a2:fd:ea:fb:80, -0.189, 0.976, -0.069, 0.061, 0.671, -0.244, 93.483, 11.255, -142.982, -21.607, -42.300, 42.027, 30.93, -0.14874, -0.29385, 0.66595, 0.66928
2025-06-14 20:59:02.909000,f8:a2:fd:ea:fb:80, -0.195, 0.974, -0.071, -0.061, 0.305, -0.671, 93.516, 11.283, -142.921, -21.607, -42.300, 42.027, 30.93, -0.14874, -0.29385, 0.66595, 0.66928
2025-06-14 20:59:03.001000,f8:a2:fd:ea:fb:80, -0.2, 0.973, -0.064, -0.427, 0.61, -0.854, 93.51, 11.343, -142.844, -21.680, -42.427, 41.880, 30.93, -0.14874, -0.29385, 0.66595, 0.66928
2025-06-14 20:59:03.151000,f8:a2:fd:ea:fb:80, -0.193, 0.976, -0.067, -0.732, 0.854, -0.732, 93.499, 11.398, -142.69, -21.680, -42.427, 41.880, 30.93, -0.14938, -0.29611, 0.66501, 0.66907
2025-06-14 20:59:03.211000,f8:a2:fd:ea:fb:80, -0.193, 0.979, -0.071, -1.953, 2.258, -0.244, 93.439, 11.437, -142.509, -21.680, -42.427, 41.880, 30.93, -0.14938, -0.29611, 0.66501, 0.66907
2025-06-14 20:59:03.300000,f8:a2:fd:ea:fb:80, -0.201, 0.977, -0.063, -1.038, -0.183, -0.549, 93.29, 11.459, -142.432, -21.933, -42.660, 41.407, 30.93, -0.1507, -0.29791, 0.66281, 0.67017
2025-06-14 20:59:03.420000,f8:a2:fd:ea:fb:80, -0.202, 0.973, -0.071, -0.183, -0.977, -0.916, 93.29, 11.547, -142.482, -21.933, -42.660, 41.407, 30.93, -0.1507, -0.29791, 0.66281, 0.67017
2025-06-14 20:59:03.539000,f8:a2:fd:ea:fb:80, -0.198, 0.974, -0.062, -1.099, -3.845, -0.366, 93.192, 11.624, -142.718, -21.580, -42.860, 41.467, 30.93, -0.1507, -0.29791, 0.66281, 0.67017
2025-06-14 20:59:03.600000,f8:a2:fd:ea:fb:80, -0.199, 0.973, -0.064, -0.671, -2.014, -0.671, 93.054, 11.684, -142.954, -21.580, -42.860, 41.467, 30.93, -0.14709, -0.29556, 0.6622, 0.67258
2025-06-14 20:59:03.720000,f8:a2:fd:ea:fb:80, -0.198, 0.976, -0.056, -0.488, -0.854, -0.488, 92.994, 11.733, -143.053, -21.580, -42.860, 41.467, 30.93, -0.14709, -0.29556, 0.6622, 0.67258
2025-06-14 20:59:03.811000,f8:a2:fd:ea:fb:80, -0.208, 0.972, -0.056, -0.427, 0.061, -0.549, 92.939, 11.777, -143.058, -21.313, -42.867, 41.660, 30.93, -0.14709, -0.29556, 0.6622, 0.67258
2025-06-14 20:59:03.930000,f8:a2:fd:ea:fb:80, -0.203, 0.971, -0.058, -0.916, -0.183, -0.305, 92.9, 11.81, -143.015, -21.313, -42.867, 41.660, 30.93, -0.14658, -0.29587, 0.66122, 0.67352
2025-06-14 20:59:04.049000,f8:a2:fd:ea:fb:80, -0.2, 0.971, -0.058, -1.221, -0.305, 0, 92.807, 11.821, -142.971, -21.313, -42.867, 41.660, 30.93, -0.14658, -0.29587, 0.66122, 0.67352
2025-06-14 20:59:04.140000,f8:a2:fd:ea:fb:80, -0.202, 0.971, -0.056, -0.61, -0.549, 0, 92.752, 11.821, -142.954, -21.420, -43.173, 41.327, 30.93, -0.14658, -0.29587, 0.66122, 0.67352
2025-06-14 20:59:04.230000,f8:a2:fd:ea:fb:80, -0.199, 0.969, -0.051, -1.038, -1.038, 0.244, 92.681, 11.81, -142.982, -21.420, -43.173, 41.327, 30.93, -0.14731, -0.29544, 0.65967, 0.67508
2025-06-14 20:59:04.350000,f8:a2:fd:ea:fb:80, -0.2, 0.974, -0.047, -0.732, -0.854, 0.244, 92.593, 11.788, -143.053, -21.420, -43.173, 41.327, 30.93, -0.14731, -0.29544, 0.65967, 0.67508
2025-06-14 20:59:04.439000,f8:a2:fd:ea:fb:80, -0.2, 0.978, -0.047, -0.61, -0.793, 0.244, 92.538, 11.772, -143.097, -21.420, -43.220, 41.273, 30.93, -0.14731, -0.29544, 0.65967, 0.67508
2025-06-14 20:59:04.530000,f8:a2:fd:ea:fb:80, -0.202, 0.972, -0.049, -0.671, -0.671, 0.183, 92.483, 11.75, -143.113, -21.420, -43.220, 41.273, 30.93, -0.14731, -0.29544, 0.65967, 0.67508
2025-06-14 20:59:04.650000,f8:a2:fd:ea:fb:80, -0.203, 0.97, -0.053, -0.488, -0.244, 0.122, 92.444, 11.739, -143.119, -21.420, -43.220, 41.273, 30.93, -0.14749, -0.29431, 0.65906, 0.67612
2025-06-14 20:59:04.740000,f8:a2:fd:ea:fb:80, -0.202, 0.971, -0.05, -0.549, -0.488, 0.061, 92.411, 11.728, -143.113, -21.420, -43.220, 41.273, 30.93, -0.14749, -0.29431, 0.65906, 0.67612
2025-06-14 20:59:04.831000,f8:a2:fd:ea:fb:80, -0.2, 0.974, -0.048, -0.854, -0.671, 0.183, 92.351, 11.706, -143.119, -21.433, -43.093, 41.247, 30.93, -0.14749, -0.29431, 0.65906, 0.67612
2025-06-14 20:59:04.981000,f8:a2:fd:ea:fb:80, -0.2, 0.974, -0.043, -0.305, -0.671, 0, 92.313, 11.7, -143.141, -21.433, -43.093, 41.247, 30.93, -0.14804, -0.29379, 0.65833, 0.67694
2025-06-14 20:59:05.043000,f8:a2:fd:ea:fb:80, -0.197, 0.975, -0.043, -0.427, -0.427, 0, 92.291, 11.7, -143.141, -21.433, -43.093, 41.247, 30.93, -0.14804, -0.29379, 0.65833, 0.67694
2025-06-14 20:59:05.220000,f8:a2:fd:ea:fb:80, -0.201, 0.972, -0.046, -0.244, -0.549, 0, 92.274, 11.7, -143.146, -21.380, -43.333, 41.167, 30.93, -0.14816, -0.29376, 0.65814, 0.67709
2025-06-14 20:59:05.281000,f8:a2:fd:ea:fb:80, -0.201, 0.98, -0.047, 0, -0.427, 0, 92.285, 11.695, -143.135, -21.380, -43.333, 41.167, 30.93, -0.14816, -0.29376, 0.65814, 0.67709
2025-06-14 20:59:05.401000,f8:a2:fd:ea:fb:80, -0.204, 0.979, -0.046, -0.732, -1.038, -0.061, 92.263, 11.717, -143.157, -21.380, -43.333, 41.167, 30.93, -0.14816, -0.29376, 0.65814, 0.67709
2025-06-14 20:59:05.431000,f8:a2:fd:ea:fb:80, -0.206, 0.976, -0.044, -0.916, -0.549, -0.061, 92.181, 11.728, -143.223, -21.380, -43.227, 41.107, 30.93, -0.14816, -0.29376, 0.65814, 0.67709
2025-06-14 20:59:05.550000,f8:a2:fd:ea:fb:80, -0.212, 0.974, -0.039, -1.221, -1.16, -0.122, 92.065, 11.733, -143.278, -21.380, -43.227, 41.107, 30.93, -0.14764, -0.29276, 0.65695, 0.67883
2025-06-14 20:59:05.640000,f8:a2:fd:ea:fb:80, -0.205, 0.978, -0.037, -1.648, -2.014, -0.061, 91.912, 11.75, -143.388, -21.380, -43.227, 41.107, 30.93, -0.14764, -0.29276, 0.65695, 0.67883
2025-06-14 20:59:05.731000,f8:a2:fd:ea:fb:80, -0.207, 0.976, -0.039, -2.625, -2.869, 0.061, 91.697, 11.761, -143.652, -20.960, -43.513, 41.173, 30.93, -0.14764, -0.29276, 0.65695, 0.67883
2025-06-14 20:59:05.884000,f8:a2:fd:ea:fb:80, -0.207, 0.98, -0.038, -2.38, -2.258, 0, 91.439, 11.772, -143.915, -20.960, -43.513, 41.173, 30.93, -0.14502, -0.28818, 0.65472, 0.68347
2025-06-14 20:59:05.941000,f8:a2:fd:ea:fb:80, -0.208, 0.973, -0.027, -3.052, -3.479, 0, 91.154, 11.777, -144.196, -20.960, -43.513, 41.173, 30.93, -0.14502, -0.28818, 0.65472, 0.68347
2025-06-14 20:59:06.032000,f8:a2:fd:ea:fb:80, -0.202, 0.975, -0.02, -1.038, -0.793, -0.122, 90.934, 11.777, -144.371, -20.613, -43.647, 41.033, 30.93, -0.14502, -0.28818, 0.65472, 0.68347
2025-06-14 20:59:06.150000,f8:a2:fd:ea:fb:80, -0.207, 0.971, -0.016, -1.099, -0.977, 0, 90.829, 11.783, -144.47, -20.613, -43.647, 41.033, 30.93, -0.1434, -0.28476, 0.65268, 0.68719
2025-06-14 20:59:06.240000,f8:a2:fd:ea:fb:80, -0.2, 0.972, -0.021, -2.014, -0.732, 0.305, 90.692, 11.766, -144.509, -20.613, -43.647, 41.033, 30.93, -0.1434, -0.28476, 0.65268, 0.68719
2025-06-14 20:59:06.391000,f8:a2:fd:ea:fb:80, -0.197, 0.979, -0.022, -3.052, -0.793, 0.488, 90.461, 11.722, -144.514, -20.527, -43.820, 40.760, 30.93, -0.1434, -0.28476, 0.65268, 0.68719
2025-06-14 20:59:06.451000,f8:a2:fd:ea:fb:80, -0.208, 0.976, 0, 0.122, 1.221, -0.977, 90.363, 11.766, -144.487, -20.527, -43.820, 40.760, 30.93, -0.14517, -0.28555, 0.64954, 0.68948
2025-06-14 20:59:06.541000,f8:a2:fd:ea:fb:80, -0.21, 0.975, 0.004, 1.282, -0.671, -0.916, 90.428, 11.854, -144.289, -20.527, -43.820, 40.760, 30.93, -0.14517, -0.28555, 0.64954, 0.68948
2025-06-14 20:59:06.631000,f8:a2:fd:ea:fb:80, -0.206, 0.969, -0.009, -0.488, -0.732, -0.427, 90.461, 11.915, -144.185, -20.527, -43.820, 40.760, 30.93, -0.14517, -0.28555, 0.64954, 0.68948
2025-06-14 20:59:06.811000,f8:a2:fd:ea:fb:80, -0.201, 0.973, -0.026, -1.526, -1.099, 0, 90.368, 11.931, -144.201, -20.580, -44.060, 40.347, 30.93, -0.14484, -0.2861, 0.64856, 0.69025
2025-06-14 20:59:06.841000,f8:a2:fd:ea:fb:80, -0.204, 0.973, -0.007, -0.061, -0.549, -0.427, 90.297, 11.959, -144.283, -20.580, -44.060, 40.347, 30.93, -0.14484, -0.2861, 0.64856, 0.69025
2025-06-14 20:59:06.931000,f8:a2:fd:ea:fb:80, -0.208, 0.976, -0.003, -0.427, -1.038, -0.305, 90.264, 12.003, -144.338, -20.580, -44.060, 40.347, 30.93, -0.14484, -0.2861, 0.64856, 0.69025
2025-06-14 20:59:07.052000,f8:a2:fd:ea:fb:80, -0.206, 0.973, -0.01, -0.549, -0.549, -0.061, 90.231, 12.025, -144.36, -20.507, -44.447, 40.460, 30.93, -0.14484, -0.2861, 0.64856, 0.69025
2025-06-14 20:59:07.173000,f8:a2:fd:ea:fb:80, -0.209, 0.974, -0.006, -1.343, -0.244, 0, 90.187, 12.041, -144.382, -20.507, -44.447, 40.460, 30.93, -0.14401, -0.28592, 0.64771, 0.69131
2025-06-14 20:59:07.231000,f8:a2:fd:ea:fb:80, -0.209, 0.978, -0.01, -0.366, -0.61, -0.122, 90.132, 12.063, -144.377, -20.507, -44.447, 40.460, 30.93, -0.14401, -0.28592, 0.64771, 0.69131
2025-06-14 20:59:07.351000,f8:a2:fd:ea:fb:80, -0.214, 0.973, -0.017, -0.183, -0.61, -0.122, 90.115, 12.085, -144.421, -20.513, -44.320, 40.360, 30.93, -0.14401, -0.28592, 0.64771, 0.69131
2025-06-14 20:59:07.440000,f8:a2:fd:ea:fb:80, -0.206, 0.977, -0.007, -0.61, -0.061, 0, 90.088, 12.096, -144.443, -20.513, -44.320, 40.360, 30.93, -0.14352, -0.28577, 0.64728, 0.69183
2025-06-14 20:59:07.560000,f8:a2:fd:ea:fb:80, -0.209, 0.973, -0.01, -0.061, -0.244, 0, 90.088, 12.107, -144.454, -20.513, -44.320, 40.360, 30.93, -0.14352, -0.28577, 0.64728, 0.69183
2025-06-14 20:59:07.680000,f8:a2:fd:ea:fb:80, -0.206, 0.973, -0.004, -0.122, -0.183, 0.061, 90.088, 12.101, -144.437, -20.433, -44.273, 40.473, 30.93, -0.14352, -0.28577, 0.64728, 0.69183
2025-06-14 20:59:07.740000,f8:a2:fd:ea:fb:80, -0.208, 0.977, -0.008, -0.122, 0, 0.305, 90.11, 12.09, -144.415, -20.433, -44.273, 40.473, 30.93, -0.14368, -0.28592, 0.64746, 0.69159
2025-06-14 20:59:07.890000,f8:a2:fd:ea:fb:80, -0.21, 0.97, -0.006, -0.305, -0.854, 0.183, 90.104, 12.074, -144.421, -20.433, -44.273, 40.473, 30.93, -0.14368, -0.28592, 0.64746, 0.69159
2025-06-14 20:59:07.983000,f8:a2:fd:ea:fb:80, -0.206, 0.972, -0.008, -0.122, -0.488, 0, 90.088, 12.063, -144.437, -20.627, -44.353, 40.353, 30.93, -0.14368, -0.28592, 0.64746, 0.69159
2025-06-14 20:59:08.042000,f8:a2:fd:ea:fb:80, -0.208, 0.971, -0.011, -0.427, -0.793, 0, 90.088, 12.063, -144.426, -20.627, -44.353, 40.353, 30.93, -0.14377, -0.28558, 0.64734, 0.6918
2025-06-14 20:59:08.191000,f8:a2:fd:ea:fb:80, -0.202, 0.973, -0.01, -0.305, -0.122, 0, 90.071, 12.063, -144.426, -20.627, -44.353, 40.353, 30.93, -0.14377, -0.28558, 0.64734, 0.6918
2025-06-14 20:59:08.251000,f8:a2:fd:ea:fb:80, -0.205, 0.974, -0.003, -0.244, -0.732, 0.061, 90.066, 12.063, -144.432, -20.533, -44.427, 40.373, 30.93, -0.14377, -0.28558, 0.64734, 0.6918
2025-06-14 20:59:08.371000,f8:a2:fd:ea:fb:80, -0.207, 0.975, -0.006, -0.122, -0.671, 0, 90.049, 12.063, -144.448, -20.533, -44.427, 40.373, 30.93, -0.14377, -0.28558, 0.64734, 0.6918
2025-06-14 20:59:08.460000,f8:a2:fd:ea:fb:80, -0.208, 0.974, -0.006, 0.061, -0.732, 0, 90.055, 12.063, -144.448, -20.533, -44.427, 40.373, 30.93, -0.1438, -0.28549, 0.64719, 0.69199
2025-06-14 20:59:08.581000,f8:a2:fd:ea:fb:80, -0.208, 0.97, -0.009, -0.061, -0.183, 0, 90.055, 12.063, -144.465, -20.533, -44.427, 40.373, 30.93, -0.1438, -0.28549, 0.64719, 0.69199
2025-06-14 20:59:08.671000,f8:a2:fd:ea:fb:80, -0.211, 0.972, -0.007, -0.122, -0.122, 0, 90.077, 12.063, -144.459, -20.613, -44.293, 40.540, 30.93, -0.1438, -0.28549, 0.64719, 0.69199
2025-06-14 20:59:08.761000,f8:a2:fd:ea:fb:80, -0.207, 0.971, -0.012, -0.427, -0.549, 0, 90.071, 12.063, -144.47, -20.613, -44.293, 40.540, 30.93, -0.14349, -0.28534, 0.6474, 0.69193
2025-06-14 20:59:08.882000,f8:a2:fd:ea:fb:80, -0.208, 0.974, -0.008, -0.305, -0.61, 0, 90.06, 12.068, -144.503, -20.613, -44.293, 40.540, 30.93, -0.14349, -0.28534, 0.6474, 0.69193
2025-06-14 20:59:08.972000,f8:a2:fd:ea:fb:80, -0.208, 0.973, -0.007, -0.244, -0.488, 0, 90.049, 12.068, -144.536, -20.487, -44.300, 40.440, 30.93, -0.14349, -0.28534, 0.6474, 0.69193
2025-06-14 20:59:09.062000,f8:a2:fd:ea:fb:80, -0.209, 0.971, -0.009, -0.244, -0.488, 0, 90.038, 12.068, -144.569, -20.487, -44.300, 40.440, 30.93, -0.14297, -0.28479, 0.64743, 0.6922
2025-06-14 20:59:09.210000,f8:a2:fd:ea:fb:80, -0.21, 0.975, -0.01, -0.488, -0.61, 0, 90.027, 12.074, -144.613, -20.487, -44.300, 40.440, 30.93, -0.14297, -0.28479, 0.64743, 0.6922
2025-06-14 20:59:09.272000,f8:a2:fd:ea:fb:80, -0.21, 0.973, -0.008, -0.488, -0.671, 0, 89.984, 12.074, -144.651, -20.487, -44.300, 40.440, 30.93, -0.14297, -0.28479, 0.64743, 0.6922
2025-06-14 20:59:09.420000,f8:a2:fd:ea:fb:80, -0.209, 0.972, -0.004, 0, -0.732, 0, 89.978, 12.079, -144.701, -20.460, -44.387, 40.387, 30.93, -0.14227, -0.28412, 0.64746, 0.69263
2025-06-14 20:59:09.481000,f8:a2:fd:ea:fb:80, -0.208, 0.975, -0.005, -0.183, -0.305, 0, 89.995, 12.079, -144.706, -20.460, -44.387, 40.387, 30.93, -0.14227, -0.28412, 0.64746, 0.69263
2025-06-14 20:59:09.571000,f8:a2:fd:ea:fb:80, -0.209, 0.974, -0.008, 0, -0.122, 0, 90.011, 12.085, -144.712, -20.507, -44.367, 40.367, 30.93, -0.14227, -0.28412, 0.64746, 0.69263
2025-06-14 20:59:09.692000,f8:a2:fd:ea:fb:80, -0.211, 0.975, -0.015, 0, 0.061, 0, 90.044, 12.09, -144.695, -20.507, -44.367, 40.367, 30.93, -0.14227, -0.28412, 0.64746, 0.69263
2025-06-14 20:59:09.781000,f8:a2:fd:ea:fb:80, -0.212, 0.97, -0.008, 0.122, -0.488, 0, 90.066, 12.096, -144.712, -20.507, -44.367, 40.367, 30.93, -0.14197, -0.28418, 0.64786, 0.69229
2025-06-14 20:59:09.871000,f8:a2:fd:ea:fb:80, -0.209, 0.975, -0.01, -0.122, -0.549, 0, 90.082, 12.101, -144.728, -20.507, -44.367, 40.367, 30.93, -0.14197, -0.28418, 0.64786, 0.69229
2025-06-14 20:59:09.963000,f8:a2:fd:ea:fb:80, -0.207, 0.969, -0.01, -0.305, -0.671, 0, 90.071, 12.107, -144.761, -20.467, -44.540, 40.333, 30.93, -0.14197, -0.28418, 0.64786, 0.69229
2025-06-14 20:59:10.110000,f8:a2:fd:ea:fb:80, -0.203, 0.974, -0.003, 0, 0.183, 0.305, 90.066, 12.096, -144.734, -20.467, -44.540, 40.333, 30.93, -0.14185, -0.28415, 0.64801, 0.6922
2025-06-14 20:59:10.171000,f8:a2:fd:ea:fb:80, -0.211, 0.97, -0.008, 0.061, -0.244, 0.366, 90.099, 12.068, -144.662, -20.467, -44.540, 40.333, 30.93, -0.14185, -0.28415, 0.64801, 0.6922
2025-06-14 20:59:10.263000,f8:a2:fd:ea:fb:80, -0.207, 0.972, -0.012, 0.183, 0.122, 0.061, 90.154, 12.057, -144.602, -20.467, -44.287, 40.340, 30.93, -0.14185, -0.28415, 0.64801, 0.6922
2025-06-14 20:59:10.381000,f8:a2:fd:ea:fb:80, -0.205, 0.973, -0.011, 0.061, -0.61, -0.061, 90.181, 12.057, -144.58, -20.467, -44.287, 40.340, 30.93, -0.14264, -0.28485, 0.64835, 0.69141
2025-06-14 20:59:10.471000,f8:a2:fd:ea:fb:80, -0.212, 0.969, -0.012, 0.061, -0.916, -0.305, 90.17, 12.074, -144.591, -20.467, -44.287, 40.340, 30.93, -0.14264, -0.28485, 0.64835, 0.69141
2025-06-14 20:59:10.621000,f8:a2:fd:ea:fb:80, -0.21, 0.974, -0.014, -0.488, -0.305, -0.366, 90.165, 12.107, -144.575, -20.700, -44.360, 40.407, 30.93, -0.14215, -0.28516, 0.64801, 0.69171
2025-06-14 20:59:10.682000,f8:a2:fd:ea:fb:80, -0.21, 0.975, -0.01, -0.183, -0.244, -0.549, 90.148, 12.151, -144.597, -20.700, -44.360, 40.407, 30.93, -0.14215, -0.28516, 0.64801, 0.69171
2025-06-14 20:59:10.801000,f8:a2:fd:ea:fb:80, -0.216, 0.97, -0.012, -0.305, -0.366, -0.427, 90.148, 12.2, -144.575, -20.467, -44.253, 40.373, 30.93, -0.14215, -0.28516, 0.64801, 0.69171
2025-06-14 20:59:10.862000,f8:a2:fd:ea:fb:80, -0.219, 0.971, -0.007, 0.183, -0.732, -0.61, 90.165, 12.255, -144.553, -20.467, -44.253, 40.373, 30.93, -0.14154, -0.28622, 0.64771, 0.69165
2025-06-14 20:59:10.983000,f8:a2:fd:ea:fb:80, -0.213, 0.968, -0.013, 0.061, -0.549, -0.549, 90.203, 12.316, -144.531, -20.467, -44.253, 40.373, 30.93, -0.14154, -0.28622, 0.64771, 0.69165
2025-06-14 20:59:11.072000,f8:a2:fd:ea:fb:80, -0.215, 0.972, -0.012, 0, -0.061, -0.427, 90.203, 12.365, -144.553, -20.427, -44.573, 40.500, 30.93, -0.14154, -0.28622, 0.64771, 0.69165
2025-06-14 20:59:11.163000,f8:a2:fd:ea:fb:80, -0.214, 0.974, -0.014, -0.061, -0.549, -0.061, 90.225, 12.404, -144.52, -20.427, -44.573, 40.500, 30.93, -0.14081, -0.28729, 0.64758, 0.69147
2025-06-14 20:59:11.280000,f8:a2:fd:ea:fb:80, -0.216, 0.973, -0.009, 0.305, -0.61, -0.305, 90.242, 12.42, -144.487, -20.427, -44.573, 40.500, 30.93, -0.14081, -0.28729, 0.64758, 0.69147
2025-06-14 20:59:11.373000,f8:a2:fd:ea:fb:80, -0.215, 0.973, -0.014, 0.244, -0.061, -0.427, 90.297, 12.458, -144.465, -20.327, -44.253, 40.387, 30.93, -0.14081, -0.28729, 0.64758, 0.69147
2025-06-14 20:59:11.460000,f8:a2:fd:ea:fb:80, -0.216, 0.975, -0.014, -0.366, -1.099, -0.183, 90.302, 12.502, -144.481, -20.327, -44.253, 40.387, 30.93, -0.14023, -0.28806, 0.64771, 0.69119
2025-06-14 20:59:11.582000,f8:a2:fd:ea:fb:80, -0.219, 0.974, -0.015, -0.549, -0.916, -0.183, 90.264, 12.524, -144.52, -20.327, -44.253, 40.387, 30.93, -0.14023, -0.28806, 0.64771, 0.69119
2025-06-14 20:59:11.671000,f8:a2:fd:ea:fb:80, -0.222, 0.97, -0.016, -0.244, -0.793, -0.61, 90.242, 12.563, -144.531, -20.333, -44.500, 40.567, 30.93, -0.14023, -0.28806, 0.64771, 0.69119
2025-06-14 20:59:11.762000,f8:a2:fd:ea:fb:80, -0.219, 0.972, -0.011, -0.183, -0.488, -0.488, 90.231, 12.618, -144.536, -20.333, -44.500, 40.567, 30.93, -0.13934, -0.28842, 0.64713, 0.69177
2025-06-14 20:59:11.882000,f8:a2:fd:ea:fb:80, -0.226, 0.966, -0.013, 0, -0.244, -0.488, 90.247, 12.662, -144.481, -20.333, -44.500, 40.567, 30.93, -0.13934, -0.28842, 0.64713, 0.69177
2025-06-14 20:59:11.971000,f8:a2:fd:ea:fb:80, -0.216, 0.971, -0.007, -0.366, 0.122, -0.061, 90.258, 12.695, -144.443, -19.940, -44.620, 40.400, 30.93, -0.13934, -0.28842, 0.64713, 0.69177
2025-06-14 20:59:12.061000,f8:a2:fd:ea:fb:80, -0.218, 0.972, -0.012, -0.305, -0.732, -0.061, 90.247, 12.711, -144.432, -19.940, -44.620, 40.400, 30.93, -0.13937, -0.28946, 0.64673, 0.69168
2025-06-14 20:59:12.182000,f8:a2:fd:ea:fb:80, -0.212, 0.97, -0.013, -0.488, -0.854, 0, 90.225, 12.722, -144.492, -19.940, -44.620, 40.400, 30.93, -0.13937, -0.28946, 0.64673, 0.69168
2025-06-14 20:59:12.272000,f8:a2:fd:ea:fb:80, -0.221, 0.965, -0.008, 1.099, 0.793, -0.793, 90.264, 12.772, -144.509, -19.753, -44.587, 40.507, 30.93, -0.13937, -0.28946, 0.64673, 0.69168
2025-06-14 20:59:12.391000,f8:a2:fd:ea:fb:80, -0.221, 0.967, -0.01, 1.343, 0.977, -0.854, 90.439, 12.849, -144.305, -19.753, -44.587, 40.507, 30.93, -0.13889, -0.29105, 0.64719, 0.69067
2025-06-14 20:59:12.511000,f8:a2:fd:ea:fb:80, -0.225, 0.972, -0.017, 1.282, 2.38, -0.854, 90.621, 12.925, -144.058, -19.753, -44.587, 40.507, 30.93, -0.13889, -0.29105, 0.64719, 0.69067
2025-06-14 20:59:12.601000,f8:a2:fd:ea:fb:80, -0.224, 0.965, -0.022, 1.404, 1.221, -1.038, 90.802, 13.019, -143.817, -20.427, -44.553, 40.580, 30.93, -0.13889, -0.29105, 0.64719, 0.69067
2025-06-14 20:59:12.721000,f8:a2:fd:ea:fb:80, -0.23, 0.969, -0.026, 0.916, 1.221, -0.732, 90.989, 13.112, -143.619, -20.427, -44.553, 40.580, 30.93, -0.14005, -0.29785, 0.64819, 0.68658
2025-06-14 20:59:12.812000,f8:a2:fd:ea:fb:80, -0.232, 0.967, -0.026, 0.427, -0.244, -0.366, 91.099, 13.173, -143.498, -20.427, -44.553, 40.580, 30.93, -0.14005, -0.29785, 0.64819, 0.68658
2025-06-14 20:59:12.902000,f8:a2:fd:ea:fb:80, -0.229, 0.964, -0.033, -0.122, -1.282, -0.122, 91.132, 13.211, -143.47, -20.480, -44.580, 40.593, 30.93, -0.14005, -0.29785, 0.64819, 0.68658
2025-06-14 20:59:12.992000,f8:a2:fd:ea:fb:80, -0.228, 0.968, -0.029, -0.183, -2.258, 0, 91.093, 13.228, -143.575, -20.480, -44.580, 40.593, 30.93, -0.1387, -0.29773, 0.64841, 0.68671
2025-06-14 20:59:13.112000,f8:a2:fd:ea:fb:80, -0.231, 0.967, -0.026, -0.61, -2.075, 0.061, 91.038, 13.244, -143.756, -20.480, -44.580, 40.593, 30.93, -0.1387, -0.29773, 0.64841, 0.68671
2025-06-14 20:59:13.233000,f8:a2:fd:ea:fb:80, -0.228, 0.975, -0.022, 0, -1.099, -0.061, 90.994, 13.255, -143.866, -20.187, -44.587, 40.660, 30.93, -0.1387, -0.29773, 0.64841, 0.68671
2025-06-14 20:59:13.292000,f8:a2:fd:ea:fb:80, -0.234, 0.968, -0.026, -0.183, -1.16, -0.122, 91, 13.271, -143.871, -20.187, -44.587, 40.660, 30.93, -0.13742, -0.29666, 0.64841, 0.68744
2025-06-14 20:59:13.411000,f8:a2:fd:ea:fb:80, -0.231, 0.966, -0.025, 0.061, -0.244, 0, 91, 13.282, -143.877, -20.187, -44.587, 40.660, 30.93, -0.13742, -0.29666, 0.64841, 0.68744
2025-06-14 20:59:13.503000,f8:a2:fd:ea:fb:80, -0.233, 0.964, -0.028, 0, -0.61, 0, 91.033, 13.288, -143.844, -20.107, -44.453, 40.880, 30.93, -0.13742, -0.29666, 0.64841, 0.68744
2025-06-14 20:59:13.592000,f8:a2:fd:ea:fb:80, -0.23, 0.965, -0.027, -0.366, -0.244, 0, 91.038, 13.299, -143.855, -20.107, -44.453, 40.880, 30.93, -0.13721, -0.29691, 0.64853, 0.68726
2025-06-14 20:59:13.743000,f8:a2:fd:ea:fb:80, -0.23, 0.969, -0.026, -0.244, -0.793, 0, 91.022, 13.31, -143.888, -20.107, -44.453, 40.880, 30.93, -0.13721, -0.29691, 0.64853, 0.68726
2025-06-14 20:59:13.801000,f8:a2:fd:ea:fb:80, -0.228, 0.967, -0.025, -0.061, -0.305, 0, 91.027, 13.315, -143.893, -20.167, -44.540, 41.007, 30.93, -0.13721, -0.29691, 0.64853, 0.68726
2025-06-14 20:59:13.893000,f8:a2:fd:ea:fb:80, -0.229, 0.972, -0.022, -0.061, -0.793, 0, 91.027, 13.321, -143.893, -20.167, -44.540, 41.007, 30.93, -0.13699, -0.29697, 0.6485, 0.68729
2025-06-14 20:59:14.012000,f8:a2:fd:ea:fb:80, -0.231, 0.965, -0.028, -0.366, -1.099, 0, 91.022, 13.326, -143.888, -20.167, -44.540, 41.007, 30.96, -0.13699, -0.29697, 0.6485, 0.68729
2025-06-14 20:59:14.102000,f8:a2:fd:ea:fb:80, -0.229, 0.97, -0.024, -0.122, -0.244, 0.122, 91.011, 13.31, -143.871, -20.167, -44.540, 41.007, 30.96, -0.13699, -0.29697, 0.6485, 0.68729
2025-06-14 20:59:14.193000,f8:a2:fd:ea:fb:80, -0.23, 0.963, -0.028, -0.122, -0.366, 0.244, 91.022, 13.288, -143.839, -20.100, -44.713, 40.713, 30.96, -0.13699, -0.29697, 0.6485, 0.68729
2025-06-14 20:59:14.312000,f8:a2:fd:ea:fb:80, -0.226, 0.97, -0.025, -0.488, 0, 0.305, 91.011, 13.266, -143.811, -20.100, -44.713, 40.713, 30.96, -0.13791, -0.297, 0.64835, 0.68726
2025-06-14 20:59:14.402000,f8:a2:fd:ea:fb:80, -0.225, 0.969, -0.026, -0.244, -0.305, 0.244, 91.011, 13.25, -143.784, -20.100, -44.713, 40.713, 30.96, -0.13791, -0.297, 0.64835, 0.68726
2025-06-14 20:59:14.493000,f8:a2:fd:ea:fb:80, -0.229, 0.967, -0.027, -0.244, -0.427, 0.183, 91.016, 13.233, -143.778, -20.253, -44.640, 40.927, 30.96, -0.13791, -0.297, 0.64835, 0.68726
2025-06-14 20:59:14.612000,f8:a2:fd:ea:fb:80, -0.224, 0.973, -0.027, -0.183, -0.549, 0.183, 91.027, 13.228, -143.778, -20.253, -44.640, 40.927, 30.96, -0.13824, -0.297, 0.64847, 0.68707
2025-06-14 20:59:14.701000,f8:a2:fd:ea:fb:80, -0.229, 0.969, -0.024, -0.244, -0.488, 0.122, 91.011, 13.217, -143.789, -20.253, -44.640, 40.927, 30.96, -0.13824, -0.297, 0.64847, 0.68707
2025-06-14 20:59:14.824000,f8:a2:fd:ea:fb:80, -0.226, 0.975, -0.026, -0.244, -0.366, 0, 91.005, 13.211, -143.778, -20.160, -44.360, 40.880, 30.96, -0.13824, -0.297, 0.64847, 0.68707
2025-06-14 20:59:14.913000,f8:a2:fd:ea:fb:80, -0.23, 0.967, -0.026, -0.366, -0.183, 0, 91.011, 13.211, -143.745, -20.160, -44.360, 40.880, 30.96, -0.13855, -0.29703, 0.64832, 0.68713
2025-06-14 20:59:15.002000,f8:a2:fd:ea:fb:80, -0.229, 0.968, -0.025, -0.183, -0.305, 0, 91.005, 13.211, -143.723, -20.160, -44.360, 40.880, 30.96, -0.13855, -0.29703, 0.64832, 0.68713
2025-06-14 20:59:15.092000,f8:a2:fd:ea:fb:80, -0.227, 0.965, -0.022, -0.366, -0.61, 0, 90.994, 13.211, -143.734, -20.080, -44.473, 40.687, 30.96, -0.13855, -0.29703, 0.64832, 0.68713
2025-06-14 20:59:15.212000,f8:a2:fd:ea:fb:80, -0.225, 0.968, -0.024, -0.122, -0.427, 0, 90.983, 13.217, -143.756, -20.080, -44.473, 40.687, 30.96, -0.13855, -0.29697, 0.64816, 0.68732
2025-06-14 20:59:15.302000,f8:a2:fd:ea:fb:80, -0.229, 0.968, -0.026, -0.305, -1.282, 0, 90.983, 13.217, -143.789, -20.080, -44.473, 40.687, 30.96, -0.13855, -0.29697, 0.64816, 0.68732
2025-06-14 20:59:15.394000,f8:a2:fd:ea:fb:80, -0.227, 0.968, -0.026, 0.122, -0.427, 0, 90.989, 13.222, -143.795, -20.020, -44.520, 40.633, 30.96, -0.13855, -0.29697, 0.64816, 0.68732
2025-06-14 20:59:15.513000,f8:a2:fd:ea:fb:80, -0.228, 0.967, -0.023, 0, -0.549, 0, 91.011, 13.228, -143.762, -20.020, -44.520, 40.633, 30.96, -0.1384, -0.29703, 0.64832, 0.68716
2025-06-14 20:59:15.602000,f8:a2:fd:ea:fb:80, -0.229, 0.964, -0.026, 0, -0.366, 0, 91.027, 13.228, -143.734, -20.020, -44.520, 40.633, 30.96, -0.1384, -0.29703, 0.64832, 0.68716
2025-06-14 20:59:15.693000,f8:a2:fd:ea:fb:80, -0.228, 0.969, -0.025, 0.122, 0, 0, 91.066, 13.228, -143.701, -20.153, -44.373, 40.800, 30.96, -0.1384, -0.29703, 0.64832, 0.68716
2025-06-14 20:59:15.813000,f8:a2:fd:ea:fb:80, -0.23, 0.967, -0.029, 0.122, -0.366, 0, 91.11, 13.233, -143.679, -20.153, -44.373, 40.800, 30.96, -0.13858, -0.29764, 0.64865, 0.68655
2025-06-14 20:59:15.933000,f8:a2:fd:ea:fb:80, -0.226, 0.969, -0.026, 0.061, -0.366, 0, 91.132, 13.233, -143.663, -20.153, -44.373, 40.800, 30.96, -0.13858, -0.29764, 0.64865, 0.68655
2025-06-14 20:59:15.994000,f8:a2:fd:ea:fb:80, -0.232, 0.968, -0.028, -0.122, -0.488, 0, 91.143, 13.239, -143.668, -20.153, -44.373, 40.800, 30.96, -0.13858, -0.29764, 0.64865, 0.68655
2025-06-14 20:59:16.112000,f8:a2:fd:ea:fb:80, -0.228, 0.973, -0.029, 0, -0.183, 0, 91.165, 13.239, -143.652, -20.080, -44.367, 40.893, 30.96, -0.13855, -0.298, 0.64896, 0.6861
2025-06-14 20:59:16.203000,f8:a2:fd:ea:fb:80, -0.226, 0.968, -0.029, 0, -0.488, 0, 91.187, 13.244, -143.646, -20.080, -44.367, 40.893, 30.96, -0.13855, -0.298, 0.64896, 0.6861
2025-06-14 20:59:16.353000,f8:a2:fd:ea:fb:80, -0.233, 0.967, -0.027, 0.122, -0.549, 0, 91.198, 13.25, -143.624, -20.187, -44.440, 40.893, 30.96, -0.13855, -0.298, 0.64896, 0.6861
2025-06-14 20:59:16.472000,f8:a2:fd:ea:fb:80, -0.228, 0.971, -0.028, 0, -0.366, 0, 91.219, 13.25, -143.613, -20.187, -44.440, 40.893, 30.96, -0.13858, -0.29828, 0.64914, 0.68582
2025-06-14 20:59:16.502000,f8:a2:fd:ea:fb:80, -0.229, 0.967, -0.03, 0.183, -0.183, 0, 91.241, 13.255, -143.613, -20.187, -44.440, 40.893, 30.96, -0.13858, -0.29828, 0.64914, 0.68582
2025-06-14 20:59:16.592000,f8:a2:fd:ea:fb:80, -0.229, 0.968, -0.03, -0.183, -0.793, 0, 91.263, 13.255, -143.608, -20.220, -44.560, 41.027, 30.96, -0.13858, -0.29828, 0.64914, 0.68582
2025-06-14 20:59:16.742000,f8:a2:fd:ea:fb:80, -0.231, 0.966, -0.031, -0.061, -0.488, 0, 91.269, 13.255, -143.608, -20.220, -44.560, 41.027, 30.96, -0.13843, -0.29837, 0.64941, 0.68555
2025-06-14 20:59:16.833000,f8:a2:fd:ea:fb:80, -0.228, 0.968, -0.031, -0.183, -0.183, 0, 91.291, 13.255, -143.602, -20.220, -44.560, 41.027, 30.96, -0.13843, -0.29837, 0.64941, 0.68555
2025-06-14 20:59:16.923000,f8:a2:fd:ea:fb:80, -0.225, 0.969, -0.029, -0.366, -0.305, 0, 91.28, 13.255, -143.619, -20.407, -44.280, 40.913, 30.96, -0.13843, -0.29837, 0.64941, 0.68555
2025-06-14 20:59:17.044000,f8:a2:fd:ea:fb:80, -0.224, 0.967, -0.029, -0.183, -0.488, 0, 91.28, 13.255, -143.63, -20.407, -44.280, 40.913, 30.96, -0.13828, -0.29828, 0.64951, 0.68552
2025-06-14 20:59:17.163000,f8:a2:fd:ea:fb:80, -0.224, 0.972, -0.029, -0.183, -0.61, 0, 91.274, 13.255, -143.646, -20.407, -44.280, 40.913, 30.96, -0.13828, -0.29828, 0.64951, 0.68552
2025-06-14 20:59:17.223000,f8:a2:fd:ea:fb:80, -0.225, 0.97, -0.029, 0, -0.488, 0, 91.291, 13.25, -143.657, -20.393, -44.447, 40.753, 30.96, -0.13828, -0.29828, 0.64951, 0.68552
2025-06-14 20:59:17.342000,f8:a2:fd:ea:fb:80, -0.229, 0.966, -0.027, -0.244, -0.732, 0, 91.28, 13.25, -143.679, -20.393, -44.447, 40.753, 30.96, -0.13803, -0.29794, 0.64966, 0.68558
2025-06-14 20:59:17.434000,f8:a2:fd:ea:fb:80, -0.228, 0.964, -0.031, 0, -0.366, 0, 91.291, 13.244, -143.685, -20.393, -44.447, 40.753, 30.96, -0.13803, -0.29794, 0.64966, 0.68558
2025-06-14 20:59:17.526000,f8:a2:fd:ea:fb:80, -0.224, 0.969, -0.029, -0.366, -0.427, 0, 91.285, 13.239, -143.701, -20.347, -44.273, 40.900, 30.96, -0.13803, -0.29794, 0.64966, 0.68558
2025-06-14 20:59:17.672000,f8:a2:fd:ea:fb:80, -0.226, 0.969, -0.03, -0.183, -0.427, 0, 91.28, 13.239, -143.734, -20.347, -44.273, 40.900, 30.96, -0.13779, -0.29758, 0.64981, 0.68564
2025-06-14 20:59:17.733000,f8:a2:fd:ea:fb:80, -0.227, 0.971, -0.029, -0.244, -0.793, 0, 91.274, 13.233, -143.756, -20.347, -44.273, 40.900, 30.96, -0.13779, -0.29758, 0.64981, 0.68564
2025-06-14 20:59:17.823000,f8:a2:fd:ea:fb:80, -0.225, 0.97, -0.028, -0.305, -0.61, 0, 91.258, 13.228, -143.8, -20.207, -44.287, 40.733, 30.96, -0.13742, -0.297, 0.6499, 0.68588
2025-06-14 20:59:17.942000,f8:a2:fd:ea:fb:80, -0.229, 0.968, -0.029, -0.183, -0.549, 0, 91.247, 13.222, -143.828, -20.207, -44.287, 40.733, 30.96, -0.13742, -0.297, 0.6499, 0.68588
2025-06-14 20:59:18.064000,f8:a2:fd:ea:fb:80, -0.225, 0.972, -0.029, -0.244, -0.183, 0, 91.23, 13.222, -143.871, -20.207, -44.287, 40.733, 30.96, -0.13742, -0.297, 0.6499, 0.68588
2025-06-14 20:59:18.124000,f8:a2:fd:ea:fb:80, -0.227, 0.968, -0.03, -0.244, -0.244, 0, 91.225, 13.217, -143.899, -20.173, -44.420, 40.747, 30.96, -0.13742, -0.297, 0.6499, 0.68588
2025-06-14 20:59:18.242000,f8:a2:fd:ea:fb:80, -0.229, 0.966, -0.027, -0.366, -0.427, 0, 91.214, 13.217, -143.937, -20.173, -44.420, 40.747, 30.96, -0.13687, -0.29623, 0.65002, 0.68619
2025-06-14 20:59:18.333000,f8:a2:fd:ea:fb:80, -0.226, 0.974, -0.03, -0.183, -0.366, 0, 91.208, 13.217, -143.976, -20.173, -44.420, 40.747, 30.96, -0.13687, -0.29623, 0.65002, 0.68619
2025-06-14 20:59:18.424000,f8:a2:fd:ea:fb:80, -0.229, 0.966, -0.029, -0.122, -0.854, 0, 91.203, 13.217, -144.014, -20.180, -44.327, 40.733, 30.96, -0.13687, -0.29623, 0.65002, 0.68619
2025-06-14 20:59:18.544000,f8:a2:fd:ea:fb:80, -0.227, 0.969, -0.027, -0.183, -0.366, 0, 91.198, 13.217, -144.058, -20.180, -44.327, 40.733, 30.96, -0.1362, -0.29553, 0.65024, 0.68643
2025-06-14 20:59:18.663000,f8:a2:fd:ea:fb:80, -0.23, 0.967, -0.028, -0.427, -0.916, 0, 91.198, 13.217, -144.091, -20.180, -44.327, 40.733, 30.96, -0.1362, -0.29553, 0.65024, 0.68643
2025-06-14 20:59:18.723000,f8:a2:fd:ea:fb:80, -0.226, 0.97, -0.027, -0.183, -0.183, 0, 91.187, 13.217, -144.141, -20.167, -44.320, 40.820, 30.96, -0.1362, -0.29553, 0.65024, 0.68643
2025-06-14 20:59:18.903000,f8:a2:fd:ea:fb:80, -0.225, 0.969, -0.028, -0.183, -0.549, 0, 91.187, 13.217, -144.163, -20.167, -44.320, 40.820, 30.96, -0.13553, -0.29486, 0.65045, 0.68665
2025-06-14 20:59:18.933000,f8:a2:fd:ea:fb:80, -0.224, 0.968, -0.026, -0.244, -0.488, 0, 91.17, 13.217, -144.207, -20.167, -44.320, 40.820, 30.96, -0.13553, -0.29486, 0.65045, 0.68665
2025-06-14 20:59:19.022000,f8:a2:fd:ea:fb:80, -0.227, 0.971, -0.025, -0.366, -0.61, 0, 91.159, 13.217, -144.245, -20.093, -44.607, 40.880, 30.96, -0.13553, -0.29486, 0.65045, 0.68665
2025-06-14 20:59:19.143000,f8:a2:fd:ea:fb:80, -0.227, 0.966, -0.026, -0.244, -0.977, 0, 91.137, 13.217, -144.311, -20.093, -44.607, 40.880, 30.96, -0.13486, -0.2941, 0.65048, 0.68707
2025-06-14 20:59:19.233000,f8:a2:fd:ea:fb:80, -0.226, 0.967, -0.025, -0.183, -0.183, 0, 91.115, 13.217, -144.355, -20.093, -44.607, 40.880, 30.96, -0.13486, -0.2941, 0.65048, 0.68707
2025-06-14 20:59:19.324000,f8:a2:fd:ea:fb:80, -0.228, 0.967, -0.029, -0.488, -1.038, 0, 91.115, 13.217, -144.421, -20.213, -44.460, 40.787, 30.96, -0.13486, -0.2941, 0.65048, 0.68707
2025-06-14 20:59:19.443000,f8:a2:fd:ea:fb:80, -0.222, 0.975, -0.023, -0.244, -0.793, 0, 91.093, 13.217, -144.426, -20.213, -44.460, 40.787, 30.96, -0.13422, -0.2933, 0.65054, 0.68747
2025-06-14 20:59:19.533000,f8:a2:fd:ea:fb:80, -0.229, 0.969, -0.025, -0.061, -0.732, 0, 91.077, 13.217, -144.404, -20.213, -44.460, 40.787, 30.96, -0.13422, -0.2933, 0.65054, 0.68747
2025-06-14 20:59:19.624000,f8:a2:fd:ea:fb:80, -0.225, 0.972, -0.027, -0.061, -0.122, 0, 91.093, 13.211, -144.333, -20.127, -44.640, 40.940, 30.96, -0.13422, -0.2933, 0.65054, 0.68747
2025-06-14 20:59:19.743000,f8:a2:fd:ea:fb:80, -0.227, 0.967, -0.027, -0.061, -0.366, 0, 91.115, 13.206, -144.267, -20.127, -44.640, 40.940, 30.96, -0.13516, -0.29416, 0.6503, 0.68716
2025-06-14 20:59:19.833000,f8:a2:fd:ea:fb:80, -0.227, 0.968, -0.026, -0.183, -0.549, 0, 91.121, 13.206, -144.218, -20.127, -44.640, 40.940, 30.96, -0.13516, -0.29416, 0.6503, 0.68716
2025-06-14 20:59:19.924000,f8:a2:fd:ea:fb:80, -0.228, 0.966, -0.024, 0, -0.427, 0, 91.132, 13.2, -144.168, -20.200, -44.527, 40.800, 30.96, -0.13516, -0.29416, 0.6503, 0.68716
2025-06-14 20:59:20.047000,f8:a2:fd:ea:fb:80, -0.228, 0.965, -0.026, -0.122, -0.916, 0, 91.121, 13.2, -144.163, -20.200, -44.527, 40.800, 30.96, -0.13583, -0.29477, 0.65009, 0.68698
2025-06-14 20:59:20.163000,f8:a2:fd:ea:fb:80, -0.227, 0.967, -0.027, -0.061, -0.061, 0, 91.126, 13.195, -144.13, -20.200, -44.527, 40.800, 30.96, -0.13583, -0.29477, 0.65009, 0.68698
2025-06-14 20:59:20.223000,f8:a2:fd:ea:fb:80, -0.227, 0.968, -0.029, -0.244, -0.366, 0, 91.143, 13.195, -144.08, -20.153, -44.527, 40.800, 30.96, -0.13583, -0.29477, 0.65009, 0.68698
2025-06-14 20:59:20.342000,f8:a2:fd:ea:fb:80, -0.226, 0.97, -0.029, -0.061, -0.122, 0, 91.148, 13.189, -144.042, -20.153, -44.527, 40.800, 30.96, -0.13651, -0.29538, 0.64996, 0.68668
2025-06-14 20:59:20.437000,f8:a2:fd:ea:fb:80, -0.226, 0.968, -0.028, 0, -0.488, 0, 91.17, 13.189, -144.009, -20.153, -44.527, 40.800, 30.96, -0.13651, -0.29538, 0.64996, 0.68668
2025-06-14 20:59:20.524000,f8:a2:fd:ea:fb:80, -0.228, 0.968, -0.027, 0, -0.671, 0, 91.181, 13.189, -143.998, -20.120, -44.647, 40.920, 30.96, -0.13651, -0.29538, 0.64996, 0.68668
2025-06-14 20:59:20.673000,f8:a2:fd:ea:fb:80, -0.229, 0.964, -0.031, 0.122, -0.305, 0, 91.208, 13.189, -143.97, -20.120, -44.647, 40.920, 30.96, -0.13684, -0.29587, 0.65009, 0.68631
2025-06-14 20:59:20.734000,f8:a2:fd:ea:fb:80, -0.226, 0.968, -0.026, -0.183, -0.488, 0, 91.208, 13.189, -143.959, -20.120, -44.647, 40.920, 30.96, -0.13684, -0.29587, 0.65009, 0.68631
2025-06-14 20:59:20.823000,f8:a2:fd:ea:fb:80, -0.229, 0.97, -0.029, 0, -0.305, 0, 91.219, 13.189, -143.937, -20.207, -44.473, 41.007, 30.96, -0.13708, -0.2962, 0.65015, 0.68607
2025-06-14 20:59:20.973000,f8:a2:fd:ea:fb:80, -0.23, 0.972, -0.028, 0.183, -1.221, 0, 91.236, 13.189, -143.921, -20.207, -44.473, 41.007, 30.96, -0.13708, -0.2962, 0.65015, 0.68607
2025-06-14 20:59:21.063000,f8:a2:fd:ea:fb:80, -0.222, 0.967, -0.029, 0.244, -1.77, 0, 91.247, 13.195, -143.981, -20.207, -44.473, 41.007, 30.96, -0.13708, -0.2962, 0.65015, 0.68607
2025-06-14 20:59:21.155000,f8:a2:fd:ea:fb:80, -0.227, 0.967, -0.024, 0.305, 1.465, 0, 91.296, 13.195, -143.987, -20.000, -44.500, 41.167, 30.96, -0.13708, -0.2962, 0.65015, 0.68607
2025-06-14 20:59:21.273000,f8:a2:fd:ea:fb:80, -0.229, 0.969, -0.037, 0.549, 0.366, 0, 91.384, 13.189, -143.888, -20.000, -44.500, 41.167, 30.96, -0.13681, -0.29645, 0.65091, 0.68527
2025-06-14 20:59:21.363000,f8:a2:fd:ea:fb:80, -0.227, 0.965, -0.036, 1.343, 0.305, 0, 91.522, 13.189, -143.806, -20.000, -44.500, 41.167, 30.96, -0.13681, -0.29645, 0.65091, 0.68527
2025-06-14 20:59:21.454000,f8:a2:fd:ea:fb:80, -0.227, 0.97, -0.038, 0.122, -1.16, 0, 91.571, 13.195, -143.844, -20.147, -44.340, 41.240, 30.96, -0.13681, -0.29645, 0.65091, 0.68527
2025-06-14 20:59:21.574000,f8:a2:fd:ea:fb:80, -0.214, 0.966, -0.038, 0, -1.343, 0.183, 91.577, 13.178, -143.888, -20.147, -44.340, 41.240, 30.96, -0.13644, -0.29675, 0.65213, 0.68405
2025-06-14 20:59:21.663000,f8:a2:fd:ea:fb:80, -0.23, 0.972, -0.034, 0, -2.686, 0.366, 91.555, 13.156, -143.976, -20.147, -44.340, 41.240, 30.96, -0.13644, -0.29675, 0.65213, 0.68405
2025-06-14 20:59:21.754000,f8:a2:fd:ea:fb:80, -0.225, 0.964, -0.034, -0.488, -1.587, 0.366, 91.505, 13.118, -144.042, -19.993, -44.253, 41.447, 30.96, -0.13644, -0.29675, 0.65213, 0.68405
2025-06-14 20:59:21.873000,f8:a2:fd:ea:fb:80, -0.223, 0.967, -0.035, -0.488, -1.099, 0.488, 91.461, 13.074, -144.108, -19.993, -44.253, 41.447, 30.96, -0.13608, -0.29477, 0.65228, 0.68484
2025-06-14 20:59:21.962000,f8:a2:fd:ea:fb:80, -0.225, 0.967, -0.033, -0.244, -0.916, 0.427, 91.423, 13.03, -144.174, -19.993, -44.253, 41.447, 30.96, -0.13608, -0.29477, 0.65228, 0.68484
2025-06-14 20:59:22.054000,f8:a2:fd:ea:fb:80, -0.225, 0.967, -0.032, -0.366, -0.244, 0.366, 91.423, 12.986, -144.146, -19.607, -44.227, 41.400, 30.96, -0.13608, -0.29477, 0.65228, 0.68484
2025-06-14 20:59:22.173000,f8:a2:fd:ea:fb:80, -0.221, 0.972, -0.032, -0.61, 0.305, 0.183, 91.395, 12.953, -144.119, -19.607, -44.227, 41.400, 30.96, -0.1369, -0.29398, 0.65225, 0.68506
2025-06-14 20:59:22.295000,f8:a2:fd:ea:fb:80, -0.222, 0.968, -0.031, -0.793, -0.427, 0.305, 91.362, 12.931, -144.08, -19.607, -44.227, 41.400, 30.96, -0.1369, -0.29398, 0.65225, 0.68506
2025-06-14 20:59:22.353000,f8:a2:fd:ea:fb:80, -0.222, 0.971, -0.03, -1.465, -1.709, 0.549, 91.252, 12.892, -144.141, -19.887, -44.400, 41.073, 30.96, -0.1369, -0.29398, 0.65225, 0.68506
2025-06-14 20:59:22.473000,f8:a2:fd:ea:fb:80, -0.218, 0.971, -0.029, -1.16, -2.014, 0.366, 91.121, 12.854, -144.278, -19.887, -44.400, 41.073, 30.96, -0.13727, -0.29221, 0.65125, 0.68668
2025-06-14 20:59:22.564000,f8:a2:fd:ea:fb:80, -0.224, 0.973, -0.029, -0.854, -2.686, 0.122, 91.005, 12.849, -144.492, -19.887, -44.400, 41.073, 30.96, -0.13727, -0.29221, 0.65125, 0.68668
2025-06-14 20:59:22.654000,f8:a2:fd:ea:fb:80, -0.216, 0.968, -0.02, -1.282, -2.563, 0, 90.879, 12.849, -144.712, -19.413, -44.293, 41.060, 30.96, -0.13727, -0.29221, 0.65125, 0.68668
2025-06-14 20:59:22.803000,f8:a2:fd:ea:fb:80, -0.224, 0.972, -0.02, -1.099, -2.136, 0.122, 90.742, 12.838, -144.91, -19.413, -44.293, 41.060, 30.96, -0.13455, -0.28812, 0.65063, 0.68951
2025-06-14 20:59:22.864000,f8:a2:fd:ea:fb:80, -0.214, 0.971, -0.001, -1.404, -3.906, 0.488, 90.599, 12.821, -145.074, -19.413, -44.293, 41.060, 30.96, -0.13455, -0.28812, 0.65063, 0.68951
2025-06-14 20:59:22.953000,f8:a2:fd:ea:fb:80, -0.212, 0.964, -0.033, 2.38, -10.559, 1.465, 89.753, 12.48, -147.458, -17.827, -44.387, 41.800, 30.96, -0.1217, -0.26834, 0.65283, 0.69775
2025-06-14 20:59:23.073000,f8:a2:fd:ea:fb:80, -0.215, 0.97, -0.004, -0.549, -1.099, -0.305, 89.786, 12.453, -147.859, -17.827, -44.387, 41.800, 30.96, -0.1217, -0.26834, 0.65283, 0.69775
2025-06-14 20:59:23.164000,f8:a2:fd:ea:fb:80, -0.219, 0.971, -0.005, -0.793, 1.465, -0.916, 89.764, 12.519, -147.794, -17.827, -44.387, 41.800, 30.96, -0.1217, -0.26834, 0.65283, 0.69775
2025-06-14 20:59:23.255000,f8:a2:fd:ea:fb:80, -0.22, 0.97, -0.004, -0.061, 3.54, -1.282, 89.813, 12.629, -147.53, -17.507, -44.393, 42.200, 30.96, -0.12222, -0.27164, 0.65189, 0.69727
2025-06-14 20:59:23.373000,f8:a2:fd:ea:fb:80, -0.221, 0.972, -0.007, 0.549, 2.686, -0.977, 89.901, 12.711, -147.387, -17.507, -44.393, 42.200, 30.96, -0.12222, -0.27164, 0.65189, 0.69727
2025-06-14 20:59:23.494000,f8:a2:fd:ea:fb:80, -0.227, 0.97, -0.007, 1.526, 7.385, -1.648, 90.17, 12.849, -146.739, -18.113, -44.353, 41.740, 30.96, -0.12222, -0.27164, 0.65189, 0.69727
2025-06-14 20:59:23.554000,f8:a2:fd:ea:fb:80, -0.224, 0.975, -0.003, 0.549, 4.7, -1.038, 90.401, 12.969, -146.113, -18.113, -44.353, 41.740, 30.96, -0.12222, -0.27164, 0.65189, 0.69727
2025-06-14 20:59:23.674000,f8:a2:fd:ea:fb:80, -0.223, 0.974, -0.017, -0.122, 0.916, -0.122, 90.467, 13.008, -145.887, -18.113, -44.353, 41.740, 30.96, -0.12823, -0.28308, 0.651, 0.69247
2025-06-14 20:59:23.763000,f8:a2:fd:ea:fb:80, -0.227, 0.969, -0.016, 0, 0, -0.061, 90.489, 13.008, -145.794, -18.113, -44.353, 41.740, 30.96, -0.12823, -0.28308, 0.651, 0.69247
2025-06-14 20:59:23.884000,f8:a2:fd:ea:fb:80, -0.222, 0.975, -0.016, 0.122, -0.183, -0.122, 90.516, 13.019, -145.745, -19.087, -44.493, 41.480, 30.96, -0.12823, -0.28308, 0.651, 0.69247
2025-06-14 20:59:24.004000,f8:a2:fd:ea:fb:80, -0.224, 0.968, -0.019, 0.122, -0.427, -0.183, 90.544, 13.035, -145.701, -19.087, -44.493, 41.480, 30.96, -0.12906, -0.28439, 0.65091, 0.69186
2025-06-14 20:59:24.063000,f8:a2:fd:ea:fb:80, -0.226, 0.971, -0.015, 0.427, 0.366, -0.244, 90.582, 13.046, -145.657, -19.087, -44.493, 41.480, 30.96, -0.12906, -0.28439, 0.65091, 0.69186
2025-06-14 20:59:24.155000,f8:a2:fd:ea:fb:80, -0.231, 0.97, -0.021, 0, -0.122, 0, 90.643, 13.057, -145.552, -19.087, -44.400, 41.413, 30.96, -0.12906, -0.28439, 0.65091, 0.69186
2025-06-14 20:59:24.274000,f8:a2:fd:ea:fb:80, -0.221, 0.967, -0.019, 0.244, 0.732, 0, 90.654, 13.057, -145.497, -19.087, -44.400, 41.413, 30.96, -0.12976, -0.28574, 0.651, 0.69107
2025-06-14 20:59:24.364000,f8:a2:fd:ea:fb:80, -0.223, 0.968, -0.021, 0.854, 0, -0.366, 90.758, 13.063, -145.415, -19.087, -44.400, 41.413, 30.96, -0.12976, -0.28574, 0.651, 0.69107
