时间,设备名称,加速度X(g),加速度Y(g),加速度Z(g),角速度X(°/s),角速度Y(°/s),角速度Z(°/s),角度X(°),角度Y(°),角度Z(°),磁场X(ʯt),磁场Y(ʯt),磁场Z(ʯt),温度(℃),四元数0(),四元数1(),四元数2(),四元数3()
2025-06-14 21:01:51.839000,f8:a2:fd:ea:fb:80, -0.193, 1.092, -0.2, 75.195, 6.836, -32.959, 107.611, 16.924, -132.654, -26.727, -46.020, 50.807, 31.04, -0.13977, -0.39105, 0.68527, 0.59818
2025-06-14 21:01:51.928000,f8:a2:fd:ea:fb:80, -0.089, 1.686, 0.209, 151.184, -65.918, -51.819, 117.466, 21.022, -133.588, -15.440, -24.313, 56.180, 31.04, -0.13977, -0.39105, 0.68527, 0.59818
2025-06-14 21:01:52.049000,f8:a2:fd:ea:fb:80, -0.194, 1.33, -0.125, 127.014, -36.438, -61.951, 131.171, 28.411, -136.077, -15.440, -24.313, 56.180, 31.04, 0.07996, -0.4241, 0.78693, 0.44092
2025-06-14 21:01:52.139000,f8:a2:fd:ea:fb:80, -0.377, 0.465, 0.115, -71.777, 38.513, 33.447, 133.495, 30.174, -138.318, -15.440, -24.313, 56.180, 31.04, 0.07996, -0.4241, 0.78693, 0.44092
2025-06-14 21:01:52.229000,f8:a2:fd:ea:fb:80, -0.264, 0.651, -0.019, -221.741, 2.808, 96.375, 115.796, 21.649, -140.966, -16.780, -30.547, 59.640, 31.04, 0.07996, -0.4241, 0.78693, 0.44092
2025-06-14 21:01:52.349000,f8:a2:fd:ea:fb:80, -0.39, 1.381, -0.842, -273.682, 3.052, 92.346, 88.989, 13.2, -145.92, -16.780, -30.547, 59.640, 31.04, -0.11826, -0.28973, 0.65558, 0.68716
2025-06-14 21:01:52.440000,f8:a2:fd:ea:fb:80, -0.321, 0.933, -1.368, -57.129, -60.791, 33.508, 70.659, 7.883, -143.784, -16.780, -30.547, 59.640, 31.04, -0.11826, -0.28973, 0.65558, 0.68716
2025-06-14 21:01:52.528000,f8:a2:fd:ea:fb:80, -0.208, 1.114, 0.215, 46.326, 136.902, -33.142, 78.437, 10.388, -140.57, -26.067, -56.993, 39.487, 31.04, -0.11826, -0.28973, 0.65558, 0.68716
2025-06-14 21:01:52.651000,f8:a2:fd:ea:fb:80, -0.137, 1.151, -0.084, 69.275, 15.259, 0.549, 88.204, 13.156, -133.352, -26.067, -56.993, 39.487, 31.04, -0.20654, -0.3548, 0.61014, 0.67755
2025-06-14 21:01:52.740000,f8:a2:fd:ea:fb:80, -0.09, 1.018, -0.112, 47.302, 6.775, -5.066, 94.752, 13.299, -130.375, -26.067, -56.993, 39.487, 31.04, -0.20654, -0.3548, 0.61014, 0.67755
2025-06-14 21:01:52.831000,f8:a2:fd:ea:fb:80, -0.152, 0.958, -0.214, 37.72, -7.629, -8.179, 98.998, 13.766, -130.946, -26.067, -56.993, 39.487, 31.04, -0.20654, -0.3548, 0.61014, 0.67755
2025-06-14 21:01:52.949000,f8:a2:fd:ea:fb:80, -0.315, 0.989, -0.256, 45.898, -7.996, -8.057, 103.024, 14.387, -132.44, -29.020, -44.833, 50.060, 31.04, -0.14615, -0.3855, 0.69095, 0.59372
2025-06-14 21:01:53.039000,f8:a2:fd:ea:fb:80, -0.24, 1.053, -0.209, 71.96, 11.047, -29.541, 108.644, 15.815, -132.814, -29.020, -44.833, 50.060, 31.04, -0.14615, -0.3855, 0.69095, 0.59372
2025-06-14 21:01:53.130000,f8:a2:fd:ea:fb:80, -0.171, 1.678, 0.175, 149.109, -83.496, -49.377, 118.916, 20.506, -134.346, -29.020, -44.833, 50.060, 31.04, -0.14615, -0.3855, 0.69095, 0.59372
2025-06-14 21:01:53.280000,f8:a2:fd:ea:fb:80, -0.123, 1.402, -0.547, 159.973, -56.274, -66.833, 132.77, 27.751, -135.818, -17.833, -24.133, 56.480, 31.04, 0.08847, -0.42072, 0.79666, 0.42468
2025-06-14 21:01:53.339000,f8:a2:fd:ea:fb:80, -0.212, 0.527, 0.077, -58.044, -0.61, 29.724, 133.149, 29.35, -138.763, -17.833, -24.133, 56.480, 31.04, 0.08847, -0.42072, 0.79666, 0.42468
2025-06-14 21:01:53.430000,f8:a2:fd:ea:fb:80, -0.558, 0.662, -0.098, -222.229, 16.052, 101.929, 114.016, 21.302, -142.603, -17.833, -24.133, 56.480, 31.04, 0.08847, -0.42072, 0.79666, 0.42468
2025-06-14 21:01:53.549000,f8:a2:fd:ea:fb:80, -0.481, 1.23, -1.024, -266.602, 32.654, 86.487, 87.226, 11.75, -147.398, -19.087, -47.400, 51.913, 31.04, -0.20157, -0.23904, 0.5535, 0.77185
2025-06-14 21:01:53.640000,f8:a2:fd:ea:fb:80, -0.417, 0.797, -1.18, -5.31, -18.005, 12.695, 73.257, 8.146, -144.124, -19.087, -47.400, 51.913, 31.04, -0.20157, -0.23904, 0.5535, 0.77185
2025-06-14 21:01:53.939000,f8:a2:fd:ea:fb:80, -0.122, 0.867, -0.856, 49.561, 93.933, -24.414, 81.321, 11.739, -139.186, -19.087, -47.400, 51.913, 31.04, -0.20157, -0.23904, 0.5535, 0.77185
2025-06-14 21:01:54.060000,f8:a2:fd:ea:fb:80, -0.146, 0.963, -0.192, 36.804, -0.305, -10.559, 89.445, 13.195, -134.797, -27.293, -53.673, 44.373, 31.04, -0.18295, -0.3512, 0.63058, 0.66739
2025-06-14 21:01:54.149000,f8:a2:fd:ea:fb:80, -0.266, 0.975, -0.273, 45.166, 3.296, -10.681, 94.576, 14.106, -134.835, -27.293, -53.673, 44.373, 31.04, -0.18295, -0.3512, 0.63058, 0.66739
2025-06-14 21:01:54.240000,f8:a2:fd:ea:fb:80, -0.327, 0.995, -0.224, 68.604, 1.587, -24.292, 100.563, 15.315, -135.703, -24.113, -32.707, 53.413, 31.04, -0.18295, -0.3512, 0.63058, 0.66739
2025-06-14 21:01:54.360000,f8:a2:fd:ea:fb:80, -0.094, 1.529, 0.094, 149.902, -63.354, -42.358, 111.324, 18.946, -136.368, -24.113, -32.707, 53.413, 31.04, -0.04367, -0.38757, 0.7402, 0.54758
2025-06-14 21:01:54.450000,f8:a2:fd:ea:fb:80, -0.218, 1.549, -0.666, 145.508, 5.432, -71.838, 125.288, 25.356, -136.868, -24.113, -32.707, 53.413, 31.04, -0.04367, -0.38757, 0.7402, 0.54758
2025-06-14 21:01:54.540000,f8:a2:fd:ea:fb:80, -0.388, 0.36, 0.144, -100.891, 22.4, 20.813, 126.799, 27.186, -137.95, -15.373, -21.440, 60.660, 31.04, -0.04367, -0.38757, 0.7402, 0.54758
2025-06-14 21:01:54.660000,f8:a2:fd:ea:fb:80, -0.403, 0.706, -0.032, -236.084, -34.424, 88.013, 107.996, 20.753, -139.691, -15.373, -21.440, 60.660, 31.04, -0.05731, -0.3782, 0.715, 0.58508
2025-06-14 21:01:54.750000,f8:a2:fd:ea:fb:80, -0.365, 1.407, -0.858, -283.264, 23.315, 81.97, 81.183, 12.519, -144.608, -15.373, -21.440, 60.660, 31.04, -0.05731, -0.3782, 0.715, 0.58508
2025-06-14 21:01:54.841000,f8:a2:fd:ea:fb:80, -0.477, 0.808, -1.335, -10.437, -76.172, 27.039, 65.314, 7.366, -143.322, -24.313, -59.240, 34.427, 31.04, -0.05731, -0.3782, 0.715, 0.58508
2025-06-14 21:01:54.960000,f8:a2:fd:ea:fb:80, -0.222, 0.823, -0.533, 34.058, 155.457, -30.273, 74.092, 10.311, -140.411, -24.313, -59.240, 34.427, 31.04, -0.21582, -0.26349, 0.54062, 0.76917
2025-06-14 21:01:55.050000,f8:a2:fd:ea:fb:80, -0.155, 1.031, -0.084, 70.679, 40.955, -6.226, 83.952, 13.315, -133.017, -24.313, -59.240, 34.427, 31.04, -0.21582, -0.26349, 0.54062, 0.76917
2025-06-14 21:01:55.172000,f8:a2:fd:ea:fb:80, -0.11, 1.002, -0.245, 42.725, -2.136, -1.709, 90.939, 13.892, -129.056, -31.033, -51.280, 44.753, 31.04, -0.21582, -0.26349, 0.54062, 0.76917
2025-06-14 21:01:55.320000,f8:a2:fd:ea:fb:80, -0.156, 0.949, -0.231, 38.513, -16.113, -3.357, 94.823, 13.991, -130.045, -31.033, -51.280, 44.753, 31.04, -0.20465, -0.38345, 0.62488, 0.64844
2025-06-14 21:01:55.350000,f8:a2:fd:ea:fb:80, -0.259, 0.963, -0.23, 44.067, -13.916, -8.362, 98.839, 14.288, -132.111, -31.033, -51.280, 44.753, 31.04, -0.20465, -0.38345, 0.62488, 0.64844
2025-06-14 21:01:55.440000,f8:a2:fd:ea:fb:80, -0.118, 1.096, -0.243, 83.618, -5.981, -30.151, 105.013, 15.93, -133.38, -24.893, -35.633, 53.187, 31.04, -0.20465, -0.38345, 0.62488, 0.64844
2025-06-14 21:01:55.560000,f8:a2:fd:ea:fb:80, -0.078, 1.625, 0.232, 152.832, -54.382, -54.382, 115.648, 20.797, -135.698, -24.893, -35.633, 53.187, 31.04, -0.06714, -0.40216, 0.72931, 0.54935
2025-06-14 21:01:55.649000,f8:a2:fd:ea:fb:80, -0.174, 1.138, 0.029, 117.31, -40.161, -57.556, 128.826, 27.241, -135.308, -24.893, -35.633, 53.187, 31.04, -0.06714, -0.40216, 0.72931, 0.54935
2025-06-14 21:01:55.741000,f8:a2:fd:ea:fb:80, -0.378, 0.453, 0.213, -106.628, 18.555, 38.086, 126.398, 27.07, -137.785, -14.813, -23.007, 61.233, 31.04, -0.06714, -0.40216, 0.72931, 0.54935
2025-06-14 21:01:55.861000,f8:a2:fd:ea:fb:80, -0.459, 0.819, -0.118, -248.596, -13.55, 109.68, 104.788, 18.649, -141.696, -14.813, -23.007, 61.233, 31.04, -0.06369, -0.35956, 0.71564, 0.59531
2025-06-14 21:01:55.950000,f8:a2:fd:ea:fb:80, -0.584, 1.286, -1.164, -251.404, 28.015, 77.576, 79.107, 10.063, -143.712, -14.813, -23.007, 61.233, 31.04, -0.06369, -0.35956, 0.71564, 0.59531
2025-06-14 21:01:56.070000,f8:a2:fd:ea:fb:80, -0.492, 0.663, -1.12, 27.222, -44.922, 9.155, 72.532, 7.18, -143.965, -24.353, -56.893, 38.747, 31.04, -0.06369, -0.35956, 0.71564, 0.59531
2025-06-14 21:01:56.160000,f8:a2:fd:ea:fb:80, -0.124, 1.045, -0.596, 72.51, 56.763, -20.081, 81.848, 11.981, -137.752, -24.353, -56.893, 38.747, 31.04, -0.20734, -0.29688, 0.57404, 0.73431
2025-06-14 21:01:56.251000,f8:a2:fd:ea:fb:80, -0.172, 0.993, -0.172, 45.715, 22.339, -3.052, 89.5, 12.601, -135.912, -24.353, -56.893, 38.747, 31.04, -0.20734, -0.29688, 0.57404, 0.73431
2025-06-14 21:01:56.371000,f8:a2:fd:ea:fb:80, -0.155, 0.982, -0.153, 37.354, 2.93, -11.292, 94.647, 13.414, -133.764, -28.993, -48.560, 49.287, 31.04, -0.20734, -0.29688, 0.57404, 0.73431
2025-06-14 21:01:56.461000,f8:a2:fd:ea:fb:80, -0.146, 0.945, -0.203, 40.71, -8.423, -9.949, 98.487, 14.161, -134.094, -28.993, -48.560, 49.287, 31.04, -0.16962, -0.36636, 0.65762, 0.63596
2025-06-14 21:01:56.550000,f8:a2:fd:ea:fb:80, -0.361, 1.024, -0.259, 68.909, 3.662, -24.048, 103.585, 15.26, -134.566, -28.993, -48.560, 49.287, 31.04, -0.16962, -0.36636, 0.65762, 0.63596
2025-06-14 21:01:56.641000,f8:a2:fd:ea:fb:80, -0.183, 1.265, -0.14, 113.403, -17.7, -45.227, 112.088, 18.04, -133.5, -23.500, -32.240, 54.807, 31.04, -0.16962, -0.36636, 0.65762, 0.63596
2025-06-14 21:01:56.820000,f8:a2:fd:ea:fb:80, 0.057, 1.289, -0.885, 136.658, 5.493, -77.393, 123.739, 24.373, -135.483, -23.500, -32.240, 54.807, 31.04, -0.02112, -0.41495, 0.75284, 0.51041
2025-06-14 21:01:56.881000,f8:a2:fd:ea:fb:80, -0.127, 0.542, -0.344, 22.156, 1.709, -12.207, 133.583, 29.257, -135.681, -23.500, -32.240, 54.807, 31.04, -0.02112, -0.41495, 0.75284, 0.51041
2025-06-14 21:01:56.941000,f8:a2:fd:ea:fb:80, -0.49, 0.506, 0.006, -156.494, 38.086, 67.078, 124.404, 24.901, -138.554, -14.327, -20.400, 61.300, 31.04, -0.02112, -0.41495, 0.75284, 0.51041
2025-06-14 21:01:57.120000,f8:a2:fd:ea:fb:80, -0.715, 0.979, -0.436, -250.671, -56.091, 97.351, 100.25, 15.952, -144.141, -14.327, -20.400, 61.300, 31.04, -0.07559, -0.34067, 0.71606, 0.60446
2025-06-14 21:01:57.180000,f8:a2:fd:ea:fb:80, -0.711, 1.117, -1.143, -177.856, -8.057, 56.335, 76.646, 7.762, -145.344, -14.327, -20.400, 61.300, 31.04, -0.07559, -0.34067, 0.71606, 0.60446
2025-06-14 21:01:57.269000,f8:a2:fd:ea:fb:80, -0.14, 1.526, -0.174, 95.581, 22.461, -36.133, 76.459, 8.586, -142.696, -24.193, -55.607, 41.160, 31.04, -0.07559, -0.34067, 0.71606, 0.60446
2025-06-14 21:01:57.419000,f8:a2:fd:ea:fb:80, -0.254, 0.914, -0.002, 75.378, 5.371, 1.343, 86.803, 12.706, -135.165, -24.193, -55.607, 41.160, 31.04, -0.20804, -0.32715, 0.59149, 0.70691
2025-06-14 21:01:57.481000,f8:a2:fd:ea:fb:80, -0.163, 0.986, -0.169, 49.683, 26.245, -9.521, 94.356, 13.563, -129.188, -24.193, -55.607, 41.160, 31.04, -0.20804, -0.32715, 0.59149, 0.70691
2025-06-14 21:01:57.570000,f8:a2:fd:ea:fb:80, -0.173, 1.035, -0.224, 35.278, -10.132, -3.174, 98.663, 13.826, -129.122, -31.713, -46.353, 47.907, 31.04, -0.17804, -0.39529, 0.66367, 0.6095
2025-06-14 21:01:57.690000,f8:a2:fd:ea:fb:80, -0.228, 0.979, -0.227, 48.401, -12.695, -10.193, 102.634, 14.431, -130.391, -31.713, -46.353, 47.907, 31.04, -0.17804, -0.39529, 0.66367, 0.6095
2025-06-14 21:01:57.780000,f8:a2:fd:ea:fb:80, -0.278, 1.012, -0.261, 74.768, -0.366, -25.452, 108.798, 15.98, -130.963, -25.307, -30.880, 53.500, 31.04, -0.17804, -0.39529, 0.66367, 0.6095
2025-06-14 21:01:57.870000,f8:a2:fd:ea:fb:80, -0.194, 1.411, 0.114, 139.16, -51.88, -40.894, 118.504, 19.973, -133.11, -25.307, -30.880, 53.500, 31.04, -0.02197, -0.42728, 0.75836, 0.49167
2025-06-14 21:01:57.995000,f8:a2:fd:ea:fb:80, -0.173, 1.502, -0.54, 135.986, 28.748, -70.618, 132.188, 25.247, -130.446, -25.307, -30.880, 53.500, 31.04, -0.02197, -0.42728, 0.75836, 0.49167
2025-06-14 21:01:58.081000,f8:a2:fd:ea:fb:80, -0.24, 0.526, 0.067, -58.044, -16.724, 12.817, 133.215, 28.504, -132.847, -16.233, -23.820, 60.747, 31.04, -0.02197, -0.42728, 0.75836, 0.49167
2025-06-14 21:01:58.170000,f8:a2:fd:ea:fb:80, -0.273, 0.629, -0.028, -220.825, -0.061, 85.266, 113.95, 22, -136.675, -16.233, -23.820, 60.747, 31.04, -0.06018, -0.39124, 0.71808, 0.57233
2025-06-14 21:01:58.290000,f8:a2:fd:ea:fb:80, -0.335, 1.335, -1.162, -257.69, 6.531, 70.679, 86.506, 14.557, -142.245, -16.233, -23.820, 60.747, 31.04, -0.06018, -0.39124, 0.71808, 0.57233
2025-06-14 21:01:58.381000,f8:a2:fd:ea:fb:80, -0.721, 0.816, -0.933, -7.874, -64.88, 25.879, 72.916, 9.965, -141.284, -23.627, -58.793, 35.293, 31.04, -0.06018, -0.39124, 0.71808, 0.57233
2025-06-14 21:01:58.470000,f8:a2:fd:ea:fb:80, -0.166, 0.681, -0.542, 35.889, 160.767, -26.428, 80.684, 13.14, -135.368, -23.627, -58.793, 35.293, 31.04, -0.22424, -0.33856, 0.56058, 0.72162
2025-06-14 21:01:58.590000,f8:a2:fd:ea:fb:80, -0.183, 1.087, -0.016, 57.861, 55.603, 2.014, 90.747, 14.716, -127.722, -23.627, -58.793, 35.293, 31.04, -0.22424, -0.33856, 0.56058, 0.72162
2025-06-14 21:01:58.682000,f8:a2:fd:ea:fb:80, -0.135, 0.998, -0.225, 38.635, 12.451, -4.395, 97.185, 14.617, -123.734, -32.327, -50.807, 43.180, 31.04, -0.22424, -0.33856, 0.56058, 0.72162
2025-06-14 21:01:58.771000,f8:a2:fd:ea:fb:80, -0.135, 0.971, -0.233, 32.898, -12.878, -1.831, 100.761, 14.573, -124.448, -32.327, -50.807, 43.180, 31.04, -0.20728, -0.42746, 0.63937, 0.60446
2025-06-14 21:01:58.890000,f8:a2:fd:ea:fb:80, -0.251, 0.975, -0.235, 42.969, -9.827, -5.798, 103.975, 14.903, -126.189, -32.327, -50.807, 43.180, 31.04, -0.20728, -0.42746, 0.63937, 0.60446
2025-06-14 21:01:58.981000,f8:a2:fd:ea:fb:80, -0.337, 1.054, -0.281, 75.623, -1.343, -21.301, 109.742, 16.04, -127.084, -26.280, -33.940, 51.513, 31.04, -0.20728, -0.42746, 0.63937, 0.60446
2025-06-14 21:01:59.071000,f8:a2:fd:ea:fb:80, -0.07, 1.637, 0.211, 140.32, -48.218, -43.03, 119.778, 19.775, -128.606, -26.280, -33.940, 51.513, 31.04, -0.0502, -0.44717, 0.74283, 0.49561
2025-06-14 21:01:59.190000,f8:a2:fd:ea:fb:80, -0.03, 1.048, -0.365, 131.836, -38.696, -50.11, 132.929, 25.417, -127.683, -26.280, -33.940, 51.513, 31.04, -0.0502, -0.44717, 0.74283, 0.49561
2025-06-14 21:01:59.280000,f8:a2:fd:ea:fb:80, -0.323, 0.416, 0.098, -70.801, -26.489, 33.508, 134.16, 27.488, -130.897, -16.340, -24.053, 60.140, 31.04, -0.0502, -0.44717, 0.74283, 0.49561
2025-06-14 21:01:59.371000,f8:a2:fd:ea:fb:80, -0.34, 0.667, -0.07, -222.29, -30.212, 101.013, 115.51, 21.665, -136.983, -16.340, -24.053, 60.140, 31.04, -0.06998, -0.37198, 0.7171, 0.58514
2025-06-14 21:01:59.520000,f8:a2:fd:ea:fb:80, -0.365, 1.2, -1.037, -255.31, -0.549, 80.078, 89.077, 13.392, -144.064, -16.340, -24.053, 60.140, 31.04, -0.06998, -0.37198, 0.7171, 0.58514
2025-06-14 21:01:59.580000,f8:a2:fd:ea:fb:80, -0.281, 0.852, -1.075, -45.959, -52.429, 32.593, 72.268, 8.635, -142.202, -24.367, -58.867, 35.960, 31.04, -0.06998, -0.37198, 0.7171, 0.58514
2025-06-14 21:01:59.672000,f8:a2:fd:ea:fb:80, -0.17, 1.117, 0.409, 57.861, 75.012, -13.428, 78.376, 11.624, -137.087, -24.367, -58.867, 35.960, 31.04, -0.22351, -0.31961, 0.56195, 0.72937
2025-06-14 21:01:59.821000,f8:a2:fd:ea:fb:80, -0.039, 1.106, -0.119, 67.444, 36.072, -4.333, 88.396, 13.793, -130.468, -24.367, -58.867, 35.960, 31.04, -0.22351, -0.31961, 0.56195, 0.72937
2025-06-14 21:01:59.911000,f8:a2:fd:ea:fb:80, -0.1, 1.008, -0.222, 51.88, -0.183, -3.113, 95.565, 14.09, -126.612, -30.607, -50.513, 46.047, 31.04, -0.22351, -0.31961, 0.56195, 0.72937
2025-06-14 21:02:00.033000,f8:a2:fd:ea:fb:80, -0.244, 1, -0.241, 39.307, -7.019, -5.188, 99.734, 14.238, -127.738, -30.607, -50.513, 46.047, 31.04, -0.22351, -0.31961, 0.56195, 0.72937
2025-06-14 21:02:00.121000,f8:a2:fd:ea:fb:80, -0.268, 1.018, -0.215, 50.293, -1.282, -12.207, 103.969, 14.875, -128.848, -30.607, -50.513, 46.047, 31.04, -0.18417, -0.40607, 0.6582, 0.60648
2025-06-14 21:02:00.211000,f8:a2:fd:ea:fb:80, -0.338, 1.091, -0.246, 79.346, 2.93, -26.489, 110.665, 16.479, -128.502, -30.607, -50.513, 46.047, 31.04, -0.18417, -0.40607, 0.6582, 0.60648
2025-06-14 21:02:00.300000,f8:a2:fd:ea:fb:80, -0.076, 1.658, 0.269, 155.945, -70.801, -48.523, 121.097, 20.797, -130.677, -19.873, -25.567, 56.593, 31.04, -0.18417, -0.40607, 0.6582, 0.60648
2025-06-14 21:02:00.480000,f8:a2:fd:ea:fb:80, -0.07, 1.107, -0.477, 138, -35.95, -41.26, 134.588, 26.746, -130.616, -19.873, -25.567, 56.593, 31.04, 0.04141, -0.45578, 0.77991, 0.42682
2025-06-14 21:02:00.539000,f8:a2:fd:ea:fb:80, -0.211, 0.444, 0.078, -78.674, -6.653, 35.522, 133.885, 27.977, -134.275, -19.873, -25.567, 56.593, 31.04, 0.04141, -0.45578, 0.77991, 0.42682
2025-06-14 21:02:00.602000,f8:a2:fd:ea:fb:80, -0.345, 0.673, -0.008, -225.281, -14.954, 113.281, 113.253, 20.468, -140.235, -15.893, -31.020, 60.347, 31.04, 0.04141, -0.45578, 0.77991, 0.42682
2025-06-14 21:02:00.721000,f8:a2:fd:ea:fb:80, -0.282, 1.346, -1.143, -267.456, 9.644, 95.398, 86.331, 11.519, -147.48, -15.893, -31.020, 60.347, 31.04, -0.14404, -0.25952, 0.62549, 0.7215
2025-06-14 21:02:00.842000,f8:a2:fd:ea:fb:80, -0.753, 0.86, -1.292, -21.729, -28.564, 26.123, 73.63, 8.168, -144.256, -15.893, -31.020, 60.347, 31.04, -0.14404, -0.25952, 0.62549, 0.7215
2025-06-14 21:02:00.929000,f8:a2:fd:ea:fb:80, -0.085, 0.76, -0.398, 34.18, 166.626, -33.447, 82.134, 13.266, -134.506, -26.733, -56.440, 41.173, 31.04, -0.14404, -0.25952, 0.62549, 0.7215
2025-06-14 21:02:01.020000,f8:a2:fd:ea:fb:80, -0.171, 0.994, -0.149, 49.377, 52.185, -3.601, 90.895, 14.145, -131.298, -26.733, -56.440, 41.173, 31.04, -0.20886, -0.38318, 0.61508, 0.65659
2025-06-14 21:02:01.110000,f8:a2:fd:ea:fb:80, -0.142, 1.015, -0.217, 33.997, 16.541, -7.324, 96.982, 14.562, -127.661, -26.733, -56.440, 41.173, 31.04, -0.20886, -0.38318, 0.61508, 0.65659
2025-06-14 21:02:01.201000,f8:a2:fd:ea:fb:80, -0.154, 0.992, -0.217, 30.09, 2.136, -7.202, 100.393, 14.848, -127.233, -29.873, -47.273, 48.720, 31.04, -0.20886, -0.38318, 0.61508, 0.65659
2025-06-14 21:02:01.351000,f8:a2:fd:ea:fb:80, -0.298, 0.998, -0.228, 48.889, -6.836, -11.597, 103.925, 15.331, -127.864, -29.873, -47.273, 48.720, 31.04, -0.17392, -0.41681, 0.66501, 0.5947
2025-06-14 21:02:01.411000,f8:a2:fd:ea:fb:80, -0.108, 1.164, -0.177, 100.891, 4.211, -30.701, 110.825, 16.891, -127.738, -29.873, -47.273, 48.720, 31.04, -0.17392, -0.41681, 0.66501, 0.5947
2025-06-14 21:02:01.501000,f8:a2:fd:ea:fb:80, -0.326, 1.424, 0.033, 152.283, -74.829, -50.232, 122.349, 21.335, -128.82, -22.987, -29.180, 54.687, 31.04, 0.01654, -0.46204, 0.7648, 0.44858
2025-06-14 21:02:01.686000,f8:a2:fd:ea:fb:80, -0.057, 0.978, -0.072, 115.662, -71.228, -33.875, 134.753, 27.784, -130.402, -22.987, -29.180, 54.687, 31.04, 0.01654, -0.46204, 0.7648, 0.44858
2025-06-14 21:02:01.710000,f8:a2:fd:ea:fb:80, -0.481, 0.405, 0.167, -103.699, 18.921, 56.763, 131.688, 28.185, -135.555, -15.333, -26.280, 61.327, 31.04, 0.01654, -0.46204, 0.7648, 0.44858
2025-06-14 21:02:01.824000,f8:a2:fd:ea:fb:80, -0.582, 0.731, -0.043, -244.507, -44.861, 122.62, 109.979, 19.556, -141.718, -15.333, -26.280, 61.327, 31.04, -0.0849, -0.31088, 0.69739, 0.64005
2025-06-14 21:02:01.921000,f8:a2:fd:ea:fb:80, -0.555, 1.302, -1.119, -250.854, 20.691, 92.651, 83.315, 9.684, -148.997, -15.333, -26.280, 61.327, 31.04, -0.0849, -0.31088, 0.69739, 0.64005
2025-06-14 21:02:02.011000,f8:a2:fd:ea:fb:80, -0.284, 0.725, -1.235, 13.733, -4.333, 13.184, 73.949, 6.476, -146.151, -24.160, -56.473, 40.113, 31.04, -0.0849, -0.31088, 0.69739, 0.64005
2025-06-14 21:02:02.101000,f8:a2:fd:ea:fb:80, -0.049, 1.101, -0.764, 85.876, 58.594, -15.32, 82.963, 11.97, -136.835, -24.160, -56.473, 40.113, 31.04, -0.20551, -0.33319, 0.59946, 0.69806
2025-06-14 21:02:02.221000,f8:a2:fd:ea:fb:80, -0.14, 1.068, -0.197, 45.959, 57.861, -5.676, 91.357, 12.909, -133.577, -24.160, -56.473, 40.113, 31.04, -0.20551, -0.33319, 0.59946, 0.69806
2025-06-14 21:02:02.312000,f8:a2:fd:ea:fb:80, -0.2, 1.012, -0.192, 32.715, 30.884, -11.902, 97.278, 13.563, -130.188, -30.713, -48.407, 48.020, 31.04, -0.20551, -0.33319, 0.59946, 0.69806
2025-06-14 21:02:02.400000,f8:a2:fd:ea:fb:80, -0.167, 0.947, -0.212, 32.288, -5.737, -8.484, 100.525, 14.227, -129.875, -30.713, -48.407, 48.020, 31.04, -0.17676, -0.39661, 0.66312, 0.60962
2025-06-14 21:02:02.521000,f8:a2:fd:ea:fb:80, -0.363, 1.031, -0.186, 57.556, -12.939, -11.719, 104.683, 14.952, -130.666, -30.713, -48.407, 48.020, 31.04, -0.17676, -0.39661, 0.66312, 0.60962
2025-06-14 21:02:02.612000,f8:a2:fd:ea:fb:80, 0.093, 1.167, -0.214, 101.685, -5.554, -39.429, 113.077, 17.276, -130.078, -26.220, -33.000, 53.513, 31.04, -0.17676, -0.39661, 0.66312, 0.60962
2025-06-14 21:02:02.701000,f8:a2:fd:ea:fb:80, -0.057, 1.453, -0.11, 178.101, -137.024, -56.885, 124.272, 24.774, -134.242, -26.220, -33.000, 53.513, 31.04, -0.00269, -0.42804, 0.75656, 0.49426
2025-06-14 21:02:02.822000,f8:a2:fd:ea:fb:80, -0.046, 0.822, -0.353, 91.248, -29.297, -24.048, 136.412, 30.108, -135.758, -26.220, -33.000, 53.513, 31.04, -0.00269, -0.42804, 0.75656, 0.49426
2025-06-14 21:02:02.913000,f8:a2:fd:ea:fb:80, -0.612, 0.445, -0.101, -160.217, 58.716, 68.604, 128.881, 26.724, -139.598, -14.540, -22.273, 62.573, 31.04, -0.00269, -0.42804, 0.75656, 0.49426
2025-06-14 21:02:03.001000,f8:a2:fd:ea:fb:80, -0.578, 0.983, -0.247, -259.033, -71.899, 92.407, 104.771, 16.54, -141.96, -14.540, -22.273, 62.573, 31.04, -0.08905, -0.33844, 0.71246, 0.60812
2025-06-14 21:02:03.121000,f8:a2:fd:ea:fb:80, -0.956, 1.151, -1.155, -213.501, 45.349, 60.059, 79.2, 8.998, -144.597, -14.540, -22.273, 62.573, 31.04, -0.08905, -0.33844, 0.71246, 0.60812
2025-06-14 21:02:03.211000,f8:a2:fd:ea:fb:80, -0.384, 0.772, -0.907, 78.552, 24.353, -19.165, 74.213, 8.339, -140.537, -23.407, -56.560, 37.400, 31.04, -0.08905, -0.33844, 0.71246, 0.60812
2025-06-14 21:02:03.302000,f8:a2:fd:ea:fb:80, -0.124, 0.753, 0.1, 91.37, -27.832, -5.676, 84.858, 12.629, -132.99, -23.407, -56.560, 37.400, 31.04, -0.22675, -0.34097, 0.57941, 0.70462
2025-06-14 21:02:03.420000,f8:a2:fd:ea:fb:80, -0.169, 1.049, -0.103, 45.105, 4.761, -5.31, 91.719, 12.695, -132.067, -23.407, -56.560, 37.400, 31.04, -0.22675, -0.34097, 0.57941, 0.70462
2025-06-14 21:02:03.512000,f8:a2:fd:ea:fb:80, -0.102, 0.979, -0.172, 33.569, 1.526, -10.681, 96.328, 13.409, -131.05, -30.407, -48.007, 48.200, 31.04, -0.22675, -0.34097, 0.57941, 0.70462
2025-06-14 21:02:03.604000,f8:a2:fd:ea:fb:80, -0.172, 0.963, -0.244, 41.504, -7.385, -7.202, 99.91, 14.03, -132.341, -30.407, -48.007, 48.200, 31.04, -0.17349, -0.37866, 0.66211, 0.62292
2025-06-14 21:02:03.722000,f8:a2:fd:ea:fb:80, -0.372, 0.988, -0.24, 57.068, -9.705, -16.296, 104.348, 14.897, -133.193, -30.407, -48.007, 48.200, 31.08, -0.17349, -0.37866, 0.66211, 0.62292
2025-06-14 21:02:03.811000,f8:a2:fd:ea:fb:80, -0.068, 1.32, -0.036, 120.483, -20.203, -31.799, 112.692, 17.1, -133.154, -30.407, -48.007, 48.200, 31.08, -0.17349, -0.37866, 0.66211, 0.62292
2025-06-14 21:02:03.935000,f8:a2:fd:ea:fb:80, -0.007, 1.363, -0.812, 154.541, -10.01, -77.087, 126.321, 25.027, -138.356, -15.300, -19.473, 61.720, 31.08, -0.17349, -0.37866, 0.66211, 0.62292
2025-06-14 21:02:04.021000,f8:a2:fd:ea:fb:80, -0.107, 0.504, -0.169, -2.625, 8.606, -10.132, 134.637, 27.713, -137.104, -15.300, -19.473, 61.720, 31.08, 0.05469, -0.40875, 0.79413, 0.44629
2025-06-14 21:02:04.142000,f8:a2:fd:ea:fb:80, -0.556, 0.526, -0.121, -172.974, 25.085, 47.424, 122.745, 24.055, -138.889, -15.300, -19.473, 61.720, 31.08, 0.05469, -0.40875, 0.79413, 0.44629
2025-06-14 21:02:04.231000,f8:a2:fd:ea:fb:80, -0.479, 1.006, -0.461, -230.896, -77.637, 78.003, 98.135, 17.254, -144.564, -17.827, -47.520, 52.753, 31.08, 0.05469, -0.40875, 0.79413, 0.44629
2025-06-14 21:02:04.353000,f8:a2:fd:ea:fb:80, -0.3, 1.19, -0.988, -176.697, -5.798, 50.781, 77.25, 10.811, -143.487, -17.827, -47.520, 52.753, 31.08, -0.20181, -0.25397, 0.54886, 0.77036
2025-06-14 21:02:04.442000,f8:a2:fd:ea:fb:80, -0.172, 1.237, -0.644, 87.646, 0.854, -15.32, 77.953, 11.234, -141.312, -17.827, -47.520, 52.753, 31.08, -0.20181, -0.25397, 0.54886, 0.77036
2025-06-14 21:02:04.561000,f8:a2:fd:ea:fb:80, -0.056, 1.01, 0.023, 57.19, 26.611, 5.554, 86.808, 13.64, -135.884, -26.173, -54.693, 46.493, 31.08, -0.20181, -0.25397, 0.54886, 0.77036
2025-06-14 21:02:04.651000,f8:a2:fd:ea:fb:80, -0.155, 1.03, -0.088, 35.583, 30.396, -7.263, 92.752, 13.661, -135.06, -26.173, -54.693, 46.493, 31.08, -0.17908, -0.35632, 0.63962, 0.65704
2025-06-14 21:02:04.742000,f8:a2:fd:ea:fb:80, -0.155, 0.967, -0.161, 31.738, 1.465, -10.864, 96.482, 14.266, -134.396, -26.173, -54.693, 46.493, 31.08, -0.17908, -0.35632, 0.63962, 0.65704
2025-06-14 21:02:04.833000,f8:a2:fd:ea:fb:80, -0.179, 0.975, -0.212, 36.804, 10.315, -15.503, 100.162, 15.211, -134.05, -23.740, -43.833, 52.447, 31.08, -0.17908, -0.35632, 0.63962, 0.65704
2025-06-14 21:02:04.951000,f8:a2:fd:ea:fb:80, -0.358, 0.985, -0.128, 72.327, 4.639, -29.724, 104.914, 16.485, -133.786, -23.740, -43.833, 52.447, 31.08, -0.13019, -0.38934, 0.68893, 0.59726
2025-06-14 21:02:05.071000,f8:a2:fd:ea:fb:80, -0.155, 1.569, 0.058, 147.156, -34.912, -55.603, 115.093, 19.797, -133.253, -23.740, -43.833, 52.447, 31.08, -0.13019, -0.38934, 0.68893, 0.59726
2025-06-14 21:02:05.162000,f8:a2:fd:ea:fb:80, 0.093, 1.607, -0.502, 150.024, -0.427, -85.022, 129.578, 27.015, -133.456, -13.860, -20.253, 58.347, 31.08, -0.13019, -0.38934, 0.68893, 0.59726
2025-06-14 21:02:05.251000,f8:a2:fd:ea:fb:80, -0.135, 0.577, -0.042, -22.217, -12.939, 11.536, 135.714, 29.323, -133.165, -13.860, -20.253, 58.347, 31.08, 0.07025, -0.4436, 0.78433, 0.42773
2025-06-14 21:02:05.342000,f8:a2:fd:ea:fb:80, -0.427, 0.566, -0.04, -215.82, 20.142, 91.37, 120.157, 22.939, -135.961, -13.860, -20.253, 58.347, 31.08, 0.07025, -0.4436, 0.78433, 0.42773
2025-06-14 21:02:05.462000,f8:a2:fd:ea:fb:80, -0.446, 1.292, -0.867, -255.859, -67.993, 108.582, 92.653, 13.156, -143.652, -22.420, -48.047, 49.253, 31.08, 0.07025, -0.4436, 0.78433, 0.42773
2025-06-14 21:02:05.551000,f8:a2:fd:ea:fb:80, -0.1, 1.045, -1.217, -109.741, -32.471, 36.377, 72.241, 6.833, -141.405, -22.420, -48.047, 49.253, 31.08, -0.23325, -0.23987, 0.53946, 0.77261
2025-06-14 21:02:05.643000,f8:a2:fd:ea:fb:80, -0.119, 0.96, 0.202, 61.707, 95.642, -34.119, 77.651, 9.272, -138.587, -22.420, -48.047, 49.253, 31.08, -0.23325, -0.23987, 0.53946, 0.77261
2025-06-14 21:02:05.731000,f8:a2:fd:ea:fb:80, -0.061, 1.202, -0.059, 70.312, -4.639, -0.305, 86.94, 12.003, -131.924, -30.207, -52.313, 41.953, 31.08, -0.23325, -0.23987, 0.53946, 0.77261
2025-06-14 21:02:05.852000,f8:a2:fd:ea:fb:80, -0.103, 1.024, -0.133, 48.95, 10.254, -9.705, 93.73, 12.574, -129.034, -30.207, -52.313, 41.953, 31.08, -0.22021, -0.37964, 0.62256, 0.64783
2025-06-14 21:02:05.942000,f8:a2:fd:ea:fb:80, -0.168, 0.967, -0.22, 41.626, -13.855, -9.094, 97.938, 13.282, -129.661, -30.207, -52.313, 41.953, 31.08, -0.22021, -0.37964, 0.62256, 0.64783
2025-06-14 21:02:06.032000,f8:a2:fd:ea:fb:80, -0.221, 0.971, -0.25, 47.607, -11.292, -10.132, 102.167, 14.084, -131.144, -29.653, -41.353, 50.787, 31.08, -0.22021, -0.37964, 0.62256, 0.64783
2025-06-14 21:02:06.152000,f8:a2:fd:ea:fb:80, -0.178, 1.074, -0.221, 80.872, 6.714, -29.846, 108.276, 15.76, -131.517, -29.653, -41.353, 50.787, 31.08, -0.22021, -0.37964, 0.62256, 0.64783
2025-06-14 21:02:06.243000,f8:a2:fd:ea:fb:80, 0.112, 1.668, 0.115, 156.555, -73.792, -52.673, 119.323, 20.698, -133.138, -29.653, -41.353, 50.787, 31.08, -0.12476, -0.41, 0.70792, 0.56131
2025-06-14 21:02:06.332000,f8:a2:fd:ea:fb:80, -0.257, 1.32, -0.36, 141.052, -36.438, -50.354, 132.951, 28.054, -134.945, -29.653, -41.353, 50.787, 31.08, -0.12476, -0.41, 0.70792, 0.56131
2025-06-14 21:02:06.452000,f8:a2:fd:ea:fb:80, -0.371, 0.437, 0.104, -68.298, 17.944, 29.541, 132.704, 28.147, -136.983, -15.453, -24.633, 61.940, 31.08, -0.12476, -0.41, 0.70792, 0.56131
2025-06-14 21:02:06.549000,f8:a2:fd:ea:fb:80, -0.373, 0.79, -0.006, -248.596, -14.832, 119.446, 113.313, 20.621, -142.114, -15.453, -24.633, 61.940, 31.08, -0.07553, -0.31339, 0.7077, 0.6286
2025-06-14 21:02:06.632000,f8:a2:fd:ea:fb:80, -0.545, 1.372, -1.043, -265.015, 41.443, 103.21, 86.144, 10.541, -149.326, -15.453, -24.633, 61.940, 31.08, -0.07553, -0.31339, 0.7077, 0.6286
2025-06-14 21:02:06.753000,f8:a2:fd:ea:fb:80, -0.352, 0.75, -1.415, 4.761, -8.85, 15.442, 72.076, 6.669, -144.597, -22.713, -56.093, 39.353, 31.08, -0.07553, -0.31339, 0.7077, 0.6286
2025-06-14 21:02:06.843000,f8:a2:fd:ea:fb:80, -0.135, 1.18, -1.097, 60.791, 102.051, -9.521, 80.733, 11.393, -137.785, -22.713, -56.093, 39.353, 31.08, -0.21597, -0.3125, 0.57611, 0.72366
2025-06-14 21:02:06.932000,f8:a2:fd:ea:fb:80, -0.191, 0.998, -0.131, 57.312, 54.626, -0.61, 90.033, 12.623, -133.039, -22.713, -56.093, 39.353, 31.08, -0.21597, -0.3125, 0.57611, 0.72366
2025-06-14 21:02:07.052000,f8:a2:fd:ea:fb:80, -0.211, 1.013, -0.181, 40.466, 18.494, -11.475, 96.487, 13.162, -130.018, -31.220, -48.200, 46.687, 31.08, -0.19211, -0.39218, 0.65231, 0.61938
2025-06-14 21:02:07.142000,f8:a2:fd:ea:fb:80, -0.194, 0.995, -0.212, 28.687, -8.362, -5.188, 99.959, 13.661, -129.595, -31.220, -48.200, 46.687, 31.08, -0.19211, -0.39218, 0.65231, 0.61938
2025-06-14 21:02:07.231000,f8:a2:fd:ea:fb:80, -0.167, 0.984, -0.232, 34.546, -13.184, -4.822, 102.876, 14.057, -130.303, -31.220, -48.200, 46.687, 31.08, -0.19211, -0.39218, 0.65231, 0.61938
2025-06-14 21:02:07.382000,f8:a2:fd:ea:fb:80, -0.311, 1.047, -0.198, 83.618, -0.122, -26.123, 108.1, 15.353, -130.93, -29.073, -36.513, 51.047, 31.08, -0.09378, -0.41891, 0.73032, 0.53125
2025-06-14 21:02:07.442000,f8:a2:fd:ea:fb:80, -0.335, 1.65, 0.28, 169.556, -75.928, -49.622, 119.268, 19.583, -132.704, -29.073, -36.513, 51.047, 31.08, -0.09378, -0.41891, 0.73032, 0.53125
2025-06-14 21:02:07.532000,f8:a2:fd:ea:fb:80, -0.222, 1.137, -0.074, 130.127, -58.105, -56.58, 132.995, 26.147, -133.05, -29.073, -36.513, 51.047, 31.08, -0.09378, -0.41891, 0.73032, 0.53125
2025-06-14 21:02:07.653000,f8:a2:fd:ea:fb:80, -0.238, 0.474, 0.146, -95.52, 23.071, 25.513, 131.506, 27.433, -135.989, -15.440, -19.193, 61.000, 31.08, -0.02176, -0.38974, 0.74854, 0.53592
2025-06-14 21:02:07.742000,f8:a2:fd:ea:fb:80, -0.342, 0.729, -0.04, -234.863, -26.428, 104.736, 110.885, 20.484, -140.696, -15.440, -19.193, 61.000, 31.08, -0.02176, -0.38974, 0.74854, 0.53592
2025-06-14 21:02:07.832000,f8:a2:fd:ea:fb:80, -0.369, 1.413, -1.089, -261.658, -2.93, 104.553, 83.699, 10.959, -149.233, -15.440, -19.193, 61.000, 31.08, -0.02176, -0.38974, 0.74854, 0.53592
2025-06-14 21:02:07.952000,f8:a2:fd:ea:fb:80, -0.693, 0.808, -1.338, -5.005, -0.305, 21.179, 72.768, 7.548, -145.129, -22.000, -57.187, 39.647, 31.08, -0.20514, -0.28613, 0.57217, 0.74063
2025-06-14 21:02:08.041000,f8:a2:fd:ea:fb:80, -0.097, 0.659, -0.842, 38.818, 162.17, -33.875, 81.931, 12.953, -134.819, -22.000, -57.187, 39.647, 31.08, -0.20514, -0.28613, 0.57217, 0.74063
2025-06-14 21:02:08.162000,f8:a2:fd:ea:fb:80, -0.21, 1.072, -0.122, 67.505, 38.94, -1.16, 91.23, 13.552, -131.061, -22.000, -57.187, 39.647, 31.08, -0.20514, -0.28613, 0.57217, 0.74063
2025-06-14 21:02:08.252000,f8:a2:fd:ea:fb:80, -0.148, 1.013, -0.219, 35.339, 21.973, -5.554, 97.421, 13.722, -127.634, -31.527, -48.680, 46.560, 31.08, -0.20514, -0.28613, 0.57217, 0.74063
2025-06-14 21:02:08.341000,f8:a2:fd:ea:fb:80, -0.179, 0.973, -0.227, 26.855, -5.737, -3.174, 100.541, 13.832, -127.963, -31.527, -48.680, 46.560, 31.08, -0.18912, -0.40329, 0.65842, 0.6066
2025-06-14 21:02:08.462000,f8:a2:fd:ea:fb:80, -0.321, 1.049, -0.215, 50.537, -4.028, -10.986, 104.156, 14.194, -129.21, -31.527, -48.680, 46.560, 31.08, -0.18912, -0.40329, 0.65842, 0.6066
2025-06-14 21:02:08.582000,f8:a2:fd:ea:fb:80, -0.236, 1.156, -0.211, 95.398, 2.686, -32.288, 111.017, 15.798, -128.925, -26.540, -33.247, 51.500, 31.08, -0.18912, -0.40329, 0.65842, 0.6066
2025-06-14 21:02:08.675000,f8:a2:fd:ea:fb:80, -0.162, 1.423, 0.134, 160.156, -81.055, -55.237, 122.272, 20.814, -130.902, -26.540, -33.247, 51.500, 31.08, 0.009, -0.44537, 0.76913, 0.45813
2025-06-14 21:02:08.792000,f8:a2:fd:ea:fb:80, -0.167, 0.968, -0.158, 100.159, -39.429, -38.147, 135.412, 27.675, -131.6, -26.540, -33.247, 51.500, 31.08, 0.009, -0.44537, 0.76913, 0.45813
2025-06-14 21:02:08.912000,f8:a2:fd:ea:fb:80, -0.497, 0.395, 0.083, -119.385, 23.193, 39.124, 132.528, 27.867, -134.698, -15.747, -24.933, 60.740, 31.08, 0.009, -0.44537, 0.76913, 0.45813
2025-06-14 21:02:08.972000,f8:a2:fd:ea:fb:80, -0.536, 0.72, 0.003, -255.432, -24.902, 117.554, 110.248, 19.913, -140.125, -15.747, -24.933, 60.740, 31.08, -0.08459, -0.3382, 0.70175, 0.62119
2025-06-14 21:02:09.063000,f8:a2:fd:ea:fb:80, -0.552, 1.245, -1.195, -245.483, 27.344, 89.966, 83.134, 10.426, -147.244, -15.747, -24.933, 60.740, 31.08, -0.08459, -0.3382, 0.70175, 0.62119
2025-06-14 21:02:09.183000,f8:a2:fd:ea:fb:80, -0.323, 0.731, -1.191, 19.165, -21.057, 12.634, 72.845, 7.427, -143.333, -23.967, -57.007, 39.213, 31.08, -0.08459, -0.3382, 0.70175, 0.62119
2025-06-14 21:02:09.272000,f8:a2:fd:ea:fb:80, -0.049, 1.223, -0.943, 80.627, 71.716, -11.475, 82.112, 11.838, -136.895, -23.967, -57.007, 39.213, 31.08, -0.20532, -0.33981, 0.60379, 0.69116
2025-06-14 21:02:09.361000,f8:a2:fd:ea:fb:80, -0.215, 0.986, -0.184, 55.725, 47.974, -8.423, 91.307, 13.145, -133.248, -23.967, -57.007, 39.213, 31.08, -0.20532, -0.33981, 0.60379, 0.69116
2025-06-14 21:02:09.481000,f8:a2:fd:ea:fb:80, -0.173, 1.01, -0.191, 30.396, 19.165, -10.986, 97.015, 13.975, -129.853, -23.967, -57.007, 39.213, 31.08, -0.20532, -0.33981, 0.60379, 0.69116
2025-06-14 21:02:09.573000,f8:a2:fd:ea:fb:80, -0.177, 0.997, -0.178, 24.414, -4.028, -5.432, 99.954, 14.529, -129.853, -29.767, -45.460, 50.027, 31.08, -0.20532, -0.33981, 0.60379, 0.69116
2025-06-14 21:02:09.663000,f8:a2:fd:ea:fb:80, -0.095, 1.026, -0.242, 29.907, -2.625, -10.193, 102.87, 15.057, -129.985, -29.767, -45.460, 50.027, 31.08, -0.16629, -0.40213, 0.66959, 0.60181
2025-06-14 21:02:09.782000,f8:a2:fd:ea:fb:80, -0.507, 1.156, -0.17, 89.966, 7.812, -30.334, 108.594, 16.683, -129.716, -29.767, -45.460, 50.027, 31.08, -0.16629, -0.40213, 0.66959, 0.60181
2025-06-14 21:02:09.872000,f8:a2:fd:ea:fb:80, -0.133, 1.583, 0.43, 170.837, -162.292, -49.072, 120.366, 23.571, -135.544, -15.473, -23.793, 59.020, 31.08, -0.16629, -0.40213, 0.66959, 0.60181
2025-06-14 21:02:09.993000,f8:a2:fd:ea:fb:80, -0.079, 0.827, -0.339, 112.427, -20.386, -47.607, 133.704, 30.509, -137.708, -15.473, -23.793, 59.020, 31.08, 0.09259, -0.41507, 0.79199, 0.43793
2025-06-14 21:02:10.081000,f8:a2:fd:ea:fb:80, -0.491, 0.391, -0.023, -88.806, 28.198, 46.875, 129.683, 27.988, -140.669, -15.473, -23.793, 59.020, 31.08, 0.09259, -0.41507, 0.79199, 0.43793
2025-06-14 21:02:10.204000,f8:a2:fd:ea:fb:80, -0.622, 0.769, -0.127, -217.529, -22.156, 98.572, 109.473, 18.034, -143.69, -17.127, -34.200, 59.800, 31.08, 0.09259, -0.41507, 0.79199, 0.43793
2025-06-14 21:02:10.263000,f8:a2:fd:ea:fb:80, -0.51, 1.265, -0.837, -222.29, 61.707, 70.862, 85.765, 9.031, -147.733, -17.127, -34.200, 59.800, 31.08, -0.15759, -0.24301, 0.6293, 0.7211
2025-06-14 21:02:10.381000,f8:a2:fd:ea:fb:80, -0.384, 0.7, -0.99, 0.854, 16.052, -7.324, 75.822, 8.212, -142.158, -17.127, -34.200, 59.800, 31.08, -0.15759, -0.24301, 0.6293, 0.7211
2025-06-14 21:02:10.472000,f8:a2:fd:ea:fb:80, -0.115, 0.987, -0.686, 38.757, 94.421, -21.729, 83.831, 11.964, -138.505, -27.187, -52.713, 44.140, 31.08, -0.15759, -0.24301, 0.6293, 0.7211
2025-06-14 21:02:10.561000,f8:a2:fd:ea:fb:80, -0.176, 1.037, -0.126, 53.589, 23.926, -0.549, 90.654, 12.843, -134.171, -27.187, -52.713, 44.140, 31.08, -0.19852, -0.34885, 0.6218, 0.67242
2025-06-14 21:02:10.713000,f8:a2:fd:ea:fb:80, -0.139, 1.007, -0.183, 37.598, 17.273, -7.507, 96.784, 13.211, -131.177, -27.187, -52.713, 44.140, 31.08, -0.19852, -0.34885, 0.6218, 0.67242
2025-06-14 21:02:10.776000,f8:a2:fd:ea:fb:80, -0.201, 1.001, -0.193, 33.264, -9.277, -6.47, 100.212, 13.64, -131.32, -29.800, -40.720, 49.660, 31.08, -0.19852, -0.34885, 0.6218, 0.67242
2025-06-14 21:02:10.892000,f8:a2:fd:ea:fb:80, -0.293, 1.024, -0.218, 54.626, -13, -10.62, 104.035, 14.233, -132.369, -29.800, -40.720, 49.660, 31.08, -0.13824, -0.39429, 0.70169, 0.57703
2025-06-14 21:02:10.983000,f8:a2:fd:ea:fb:80, -0.053, 1.221, -0.172, 105.53, 8.057, -35.278, 111.5, 16.089, -131.743, -29.800, -40.720, 49.660, 31.08, -0.13824, -0.39429, 0.70169, 0.57703
2025-06-14 21:02:11.102000,f8:a2:fd:ea:fb:80, 0.175, 1.562, 0.131, 172.791, -88.379, -55.969, 124.118, 21.747, -134, -18.293, -19.633, 56.540, 31.08, -0.13824, -0.39429, 0.70169, 0.57703
2025-06-14 21:02:11.164000,f8:a2:fd:ea:fb:80, -0.045, 0.496, -0.515, 91.003, -51.758, -30.151, 136.934, 28.691, -135.005, -18.293, -19.633, 56.540, 31.08, -0.13824, -0.39429, 0.70169, 0.57703
2025-06-14 21:02:11.313000,f8:a2:fd:ea:fb:80, -0.685, 0.4, 0.092, -148.682, 44.556, 48.767, 128.771, 25.829, -137.346, -18.293, -19.633, 56.540, 31.08, 0.04535, -0.41202, 0.78766, 0.45569
2025-06-14 21:02:11.402000,f8:a2:fd:ea:fb:80, -0.595, 0.838, -0.155, -260.925, -66.956, 94.116, 103.898, 17.353, -141.57, -18.293, -19.633, 56.540, 31.08, 0.04535, -0.41202, 0.78766, 0.45569
2025-06-14 21:02:11.463000,f8:a2:fd:ea:fb:80, -0.385, 1.201, -1.257, -227.112, 47.363, 72.083, 78.168, 9.531, -144.822, -20.707, -50.473, 48.147, 31.08, 0.04535, -0.41202, 0.78766, 0.45569
2025-06-14 21:02:11.582000,f8:a2:fd:ea:fb:80, -0.311, 0.729, -1.187, 56.335, 26.367, -7.202, 73.971, 9.635, -140.037, -20.707, -50.473, 48.147, 31.08, -0.22479, -0.25772, 0.53525, 0.77231
2025-06-14 21:02:11.673000,f8:a2:fd:ea:fb:80, -0.136, 1.115, -0.031, 60.303, 62.012, 0.122, 84.106, 13.453, -132.556, -20.707, -50.473, 48.147, 31.08, -0.22479, -0.25772, 0.53525, 0.77231
2025-06-14 21:02:11.793000,f8:a2:fd:ea:fb:80, -0.175, 1.014, -0.123, 42.786, 62.012, -4.578, 91.505, 13.409, -129.095, -30.060, -51.867, 43.980, 31.08, -0.22479, -0.25772, 0.53525, 0.77231
2025-06-14 21:02:11.913000,f8:a2:fd:ea:fb:80, -0.119, 0.997, -0.165, 36.377, -7.263, -2.075, 96.57, 13.524, -127.474, -30.060, -51.867, 43.980, 31.08, -0.21631, -0.39789, 0.62656, 0.63419
2025-06-14 21:02:11.973000,f8:a2:fd:ea:fb:80, -0.174, 0.957, -0.218, 32.104, -5.31, -5.31, 99.734, 13.821, -128.606, -30.060, -51.867, 43.980, 31.08, -0.21631, -0.39789, 0.62656, 0.63419
2025-06-14 21:02:12.063000,f8:a2:fd:ea:fb:80, -0.32, 0.964, -0.182, 57.983, 2.136, -18.921, 103.716, 14.491, -129.507, -28.200, -39.953, 50.000, 31.08, -0.21631, -0.39789, 0.62656, 0.63419
2025-06-14 21:02:12.184000,f8:a2:fd:ea:fb:80, -0.096, 1.21, -0.073, 122.192, -14.587, -39.978, 112.039, 16.793, -127.996, -28.200, -39.953, 50.000, 31.08, -0.14236, -0.42847, 0.69568, 0.55865
2025-06-14 21:02:12.273000,f8:a2:fd:ea:fb:80, 0.087, 1.492, -0.765, 176.88, -49.133, -71.411, 124.849, 24.197, -132.968, -28.200, -39.953, 50.000, 31.08, -0.14236, -0.42847, 0.69568, 0.55865
2025-06-14 21:02:12.363000,f8:a2:fd:ea:fb:80, -0.137, 0.714, -0.32, 39.734, -8.972, -15.991, 136.824, 29.235, -133.874, -14.413, -16.780, 59.880, 31.08, -0.14236, -0.42847, 0.69568, 0.55865
2025-06-14 21:02:12.513000,f8:a2:fd:ea:fb:80, -0.643, 0.459, -0.045, -166.565, 30.09, 67.505, 127.903, 25.922, -137.126, -14.413, -16.780, 59.880, 31.08, 0.05045, -0.41873, 0.78619, 0.4516
2025-06-14 21:02:12.574000,f8:a2:fd:ea:fb:80, -0.616, 1.019, -0.402, -268.677, -61.523, 107.178, 101.684, 16.891, -143.41, -14.413, -16.780, 59.880, 31.08, 0.05045, -0.41873, 0.78619, 0.4516
2025-06-14 21:02:12.756000,f8:a2:fd:ea:fb:80, -0.409, 1.094, -1.323, -187.256, 19.165, 42.969, 77.465, 9.976, -142.888, -20.840, -50.587, 47.353, 31.08, -0.21585, -0.25656, 0.54285, 0.76993
2025-06-14 21:02:12.812000,f8:a2:fd:ea:fb:80, -0.088, 2.032, 0.624, 102.295, 13.367, -29.968, 77.866, 10.745, -140.153, -20.840, -50.587, 47.353, 31.08, -0.21585, -0.25656, 0.54285, 0.76993
2025-06-14 21:02:12.902000,f8:a2:fd:ea:fb:80, -0.272, 1.074, -0.161, 87.28, -12.573, 9.338, 88.467, 14.42, -130.671, -30.120, -52.493, 43.087, 31.08, -0.21585, -0.25656, 0.54285, 0.76993
2025-06-14 21:02:12.994000,f8:a2:fd:ea:fb:80, -0.091, 1.032, -0.177, 49.927, 8.911, -1.404, 96.152, 14.354, -126.2, -30.120, -52.493, 43.087, 31.08, -0.21091, -0.41339, 0.63043, 0.62216
2025-06-14 21:02:13.113000,f8:a2:fd:ea:fb:80, -0.171, 0.977, -0.233, 25.879, -12.939, -1.831, 99.624, 14.535, -126.953, -30.120, -52.493, 43.087, 31.08, -0.21091, -0.41339, 0.63043, 0.62216
2025-06-14 21:02:13.204000,f8:a2:fd:ea:fb:80, -0.208, 0.947, -0.238, 36.316, -8.545, -8.118, 102.519, 14.947, -128.809, -28.853, -42.787, 50.580, 31.08, -0.21091, -0.41339, 0.63043, 0.62216
2025-06-14 21:02:13.293000,f8:a2:fd:ea:fb:80, -0.336, 0.992, -0.218, 58.594, -0.732, -21.301, 106.913, 16.035, -129.485, -28.853, -42.787, 50.580, 31.08, -0.13489, -0.4259, 0.6958, 0.56229
2025-06-14 21:02:13.414000,f8:a2:fd:ea:fb:80, -0.197, 1.277, -0.146, 127.014, -34.241, -42.847, 115.961, 18.907, -128.925, -28.853, -42.787, 50.580, 31.08, -0.13489, -0.4259, 0.6958, 0.56229
2025-06-14 21:02:13.536000,f8:a2:fd:ea:fb:80, -0.113, 1.642, -0.556, 158.203, -23.132, -72.388, 129.309, 26.362, -132.215, -15.113, -19.527, 59.787, 31.08, -0.13489, -0.4259, 0.6958, 0.56229
2025-06-14 21:02:13.593000,f8:a2:fd:ea:fb:80, -0.122, 0.645, -0.009, 10.864, -13.794, 4.211, 136.626, 30.075, -134.379, -15.113, -19.527, 59.787, 31.08, 0.07855, -0.43222, 0.79004, 0.42746
2025-06-14 21:02:13.714000,f8:a2:fd:ea:fb:80, -0.446, 0.506, -0.116, -174.744, 18.616, 81.238, 122.805, 24.34, -138.483, -15.113, -19.527, 59.787, 31.08, 0.07855, -0.43222, 0.79004, 0.42746
2025-06-14 21:02:13.804000,f8:a2:fd:ea:fb:80, -0.592, 1.17, -0.62, -238.892, -81.482, 111.328, 96.685, 15.194, -147.123, -17.933, -46.427, 53.160, 31.08, 0.07855, -0.43222, 0.79004, 0.42746
2025-06-14 21:02:13.893000,f8:a2:fd:ea:fb:80, -0.084, 1.054, -1.144, -168.518, 4.272, 42.786, 76.141, 8.806, -143.855, -17.933, -46.427, 53.160, 31.08, -0.20227, -0.24631, 0.55978, 0.76483
2025-06-14 21:02:14.012000,f8:a2:fd:ea:fb:80, -0.092, 2.032, 0.986, 76.233, 3.54, -17.09, 78.745, 9.998, -141.949, -17.933, -46.427, 53.160, 31.08, -0.20227, -0.24631, 0.55978, 0.76483
2025-06-14 21:02:14.192000,f8:a2:fd:ea:fb:80, -0.197, 1.057, -0.128, 60.73, 20.935, -1.343, 87.841, 12.81, -136.011, -27.213, -52.620, 45.967, 31.08, -0.20227, -0.24631, 0.55978, 0.76483
2025-06-14 21:02:14.194000,f8:a2:fd:ea:fb:80, -0.188, 0.997, -0.2, 41.931, 39.001, -7.385, 94.175, 13.25, -130.853, -27.213, -52.620, 45.967, 31.08, -0.20227, -0.24631, 0.55978, 0.76483
2025-06-14 21:02:14.313000,f8:a2:fd:ea:fb:80, -0.144, 0.981, -0.22, 27.649, -0.183, -4.517, 98.696, 13.557, -128.276, -27.213, -52.620, 45.967, 31.08, -0.20462, -0.37732, 0.63068, 0.64642
2025-06-14 21:02:14.403000,f8:a2:fd:ea:fb:80, -0.129, 0.951, -0.246, 31.433, -11.047, -6.165, 101.437, 13.903, -129.243, -27.213, -52.620, 45.967, 31.08, -0.20462, -0.37732, 0.63068, 0.64642
2025-06-14 21:02:14.494000,f8:a2:fd:ea:fb:80, -0.319, 1.007, -0.218, 52.246, -4.395, -18.738, 105.26, 14.854, -130.551, -27.233, -37.827, 51.107, 31.08, -0.20462, -0.37732, 0.63068, 0.64642
2025-06-14 21:02:14.614000,f8:a2:fd:ea:fb:80, 0.059, 1.154, -0.193, 103.088, -7.874, -35.461, 112.654, 17.095, -130.117, -27.233, -37.827, 51.107, 31.08, -0.12195, -0.42059, 0.70956, 0.55191
2025-06-14 21:02:14.704000,f8:a2:fd:ea:fb:80, -0.104, 1.303, -0.562, 155.212, -51.575, -67.688, 123.777, 24.164, -135.115, -27.233, -37.827, 51.107, 31.08, -0.12195, -0.42059, 0.70956, 0.55191
2025-06-14 21:02:14.825000,f8:a2:fd:ea:fb:80, -0.131, 0.658, -0.518, 66.833, -8.972, -43.64, 136.082, 29.048, -133.544, -14.040, -17.227, 59.680, 31.08, -0.12195, -0.42059, 0.70956, 0.55191
2025-06-14 21:02:14.912000,f8:a2:fd:ea:fb:80, -0.611, 0.457, -0.029, -131.653, 25.269, 46.509, 129.106, 27.032, -135.764, -14.040, -17.227, 59.680, 31.08, 0.04269, -0.42508, 0.77725, 0.46179
2025-06-14 21:02:15.003000,f8:a2:fd:ea:fb:80, -0.566, 0.861, -0.193, -247.498, -31.982, 97.046, 105.897, 18.809, -140.625, -14.040, -17.227, 59.680, 31.08, 0.04269, -0.42508, 0.77725, 0.46179
2025-06-14 21:02:15.094000,f8:a2:fd:ea:fb:80, -0.46, 1.211, -0.872, -248.535, 44.495, 72.876, 80.81, 10.811, -142.438, -23.247, -54.280, 41.880, 31.08, 0.04269, -0.42508, 0.77725, 0.46179
2025-06-14 21:02:15.214000,f8:a2:fd:ea:fb:80, -0.437, 0.812, -0.842, 15.32, -17.151, 12.207, 73.032, 7.844, -141.411, -23.247, -54.280, 41.880, 31.08, -0.22415, -0.2558, 0.54968, 0.76294
2025-06-14 21:02:15.303000,f8:a2:fd:ea:fb:80, -0.126, 0.983, -0.549, 68.787, 89.05, -27.1, 82.255, 11.942, -135.275, -23.247, -54.280, 41.880, 31.08, -0.22415, -0.2558, 0.54968, 0.76294
2025-06-14 21:02:15.394000,f8:a2:fd:ea:fb:80, -0.113, 1.06, -0.125, 69.885, 14.893, -0.854, 91.329, 13.063, -131.385, -29.827, -52.073, 44.367, 31.08, -0.22415, -0.2558, 0.54968, 0.76294
2025-06-14 21:02:15.512000,f8:a2:fd:ea:fb:80, -0.129, 1.011, -0.206, 40.71, 14.343, -10.437, 97.828, 13.541, -128.71, -29.827, -52.073, 44.367, 31.08, -0.20346, -0.39191, 0.63928, 0.62946
2025-06-14 21:02:15.603000,f8:a2:fd:ea:fb:80, -0.141, 0.983, -0.244, 37.476, -7.751, -8.85, 101.552, 14.134, -129.078, -29.827, -52.073, 44.367, 31.08, -0.20346, -0.39191, 0.63928, 0.62946
2025-06-14 21:02:15.694000,f8:a2:fd:ea:fb:80, -0.267, 0.994, -0.258, 43.396, -7.629, -15.503, 105.397, 15.112, -129.864, -28.033, -39.853, 51.067, 31.08, -0.20346, -0.39191, 0.63928, 0.62946
2025-06-14 21:02:15.813000,f8:a2:fd:ea:fb:80, -0.12, 1.267, -0.077, 120.239, -14.648, -36.194, 112.478, 17.353, -130.007, -28.033, -39.853, 51.067, 31.08, -0.12723, -0.41965, 0.70343, 0.5593
2025-06-14 21:02:15.902000,f8:a2:fd:ea:fb:80, 0.228, 1.357, -0.765, 156.311, -10.742, -77.087, 125.656, 24.022, -133.209, -28.033, -39.853, 51.067, 31.08, -0.12723, -0.41965, 0.70343, 0.5593
2025-06-14 21:02:15.995000,f8:a2:fd:ea:fb:80, -0.188, 0.462, -0.473, 25.146, 5.31, -21.118, 137.164, 30.07, -133.984, -14.600, -17.707, 61.033, 31.08, -0.12723, -0.41965, 0.70343, 0.5593
2025-06-14 21:02:16.115000,f8:a2:fd:ea:fb:80, -0.685, 0.475, -0.033, -164.795, 19.958, 75.989, 127.958, 26.005, -136.681, -14.600, -17.707, 61.033, 31.08, 0.04593, -0.42068, 0.78256, 0.45648
2025-06-14 21:02:16.203000,f8:a2:fd:ea:fb:80, -0.601, 1.082, -0.233, -249.878, -98.389, 112.976, 102.31, 17.408, -145.377, -14.600, -17.707, 61.033, 31.08, 0.04593, -0.42068, 0.78256, 0.45648
2025-06-14 21:02:16.293000,f8:a2:fd:ea:fb:80, -0.833, 1.131, -1.22, -186.768, 7.08, 63.354, 77.915, 9.245, -146.86, -19.687, -54.407, 43.887, 31.08, 0.04593, -0.42068, 0.78256, 0.45648
2025-06-14 21:02:16.415000,f8:a2:fd:ea:fb:80, -0.211, 0.773, -0.668, 68.359, 69.885, -29.236, 75.998, 10.08, -141.965, -19.687, -54.407, 43.887, 31.08, -0.20374, -0.25049, 0.55353, 0.76764
2025-06-14 21:02:16.504000,f8:a2:fd:ea:fb:80, -0.13, 0.767, -0.062, 53.223, 79.468, -14.587, 86.171, 14.595, -131.973, -19.687, -54.407, 43.887, 31.08, -0.20374, -0.25049, 0.55353, 0.76764
2025-06-14 21:02:16.623000,f8:a2:fd:ea:fb:80, -0.17, 1.013, -0.094, 52.368, 31.433, 3.418, 94.037, 14.612, -127.474, -29.740, -53.007, 42.993, 31.08, -0.20374, -0.25049, 0.55353, 0.76764
2025-06-14 21:02:16.744000,f8:a2:fd:ea:fb:80, -0.162, 0.943, -0.203, 34.79, -7.69, -1.282, 98.734, 14.326, -127.321, -29.740, -53.007, 42.993, 31.08, -0.2048, -0.40631, 0.63452, 0.62469
2025-06-14 21:02:16.833000,f8:a2:fd:ea:fb:80, -0.178, 0.966, -0.217, 34.424, -19.775, -4.517, 101.7, 14.59, -128.765, -29.740, -53.007, 42.993, 31.08, -0.2048, -0.40631, 0.63452, 0.62469
2025-06-14 21:02:16.923000,f8:a2:fd:ea:fb:80, -0.312, 0.996, -0.225, 56.641, -5.127, -16.724, 105.804, 15.408, -129.891, -29.740, -53.007, 42.993, 31.08, -0.2048, -0.40631, 0.63452, 0.62469
2025-06-14 21:02:17.044000,f8:a2:fd:ea:fb:80, 0.062, 1.183, -0.16, 112.915, -19.165, -34.058, 113.917, 17.682, -129.463, -27.247, -38.967, 51.887, 31.08, -0.2048, -0.40631, 0.63452, 0.62469
2025-06-14 21:02:17.162000,f8:a2:fd:ea:fb:80, 0.054, 1.496, -0.709, 173.096, -59.875, -74.585, 126.315, 25.933, -135.791, -27.247, -38.967, 51.887, 31.08, 0.01993, -0.42105, 0.76743, 0.48297
2025-06-14 21:02:17.223000,f8:a2:fd:ea:fb:80, -0.148, 0.563, -0.4, 52.551, -15.93, -30.334, 136.566, 29.85, -134.193, -27.247, -38.967, 51.887, 31.08, 0.01993, -0.42105, 0.76743, 0.48297
2025-06-14 21:02:17.344000,f8:a2:fd:ea:fb:80, -0.599, 0.449, -0.001, -146.729, 17.456, 52.307, 126.145, 26.389, -137.12, -14.727, -25.033, 61.700, 31.08, 0.01993, -0.42105, 0.76743, 0.48297
2025-06-14 21:02:17.434000,f8:a2:fd:ea:fb:80, -0.562, 1.064, -0.28, -234.192, -77.698, 107.056, 101.409, 17.309, -144.031, -14.727, -25.033, 61.700, 31.08, -0.0976, -0.29248, 0.67627, 0.66895
2025-06-14 21:02:17.523000,f8:a2:fd:ea:fb:80, -0.467, 1.192, -0.874, -207.397, 13, 89.294, 79.063, 7.603, -146.898, -14.727, -25.033, 61.700, 31.08, -0.0976, -0.29248, 0.67627, 0.66895
2025-06-14 21:02:17.644000,f8:a2:fd:ea:fb:80, -0.009, 0.778, -0.989, 20.813, 22.644, 2.197, 74.262, 5.576, -144.47, -24.120, -55.920, 40.367, 31.08, -0.22302, -0.315, 0.58115, 0.71637
2025-06-14 21:02:17.733000,f8:a2:fd:ea:fb:80, -0.156, 1.093, -0.076, 67.261, 40.649, -7.446, 83.079, 11.173, -135.401, -24.120, -55.920, 40.367, 31.08, -0.22302, -0.315, 0.58115, 0.71637
2025-06-14 21:02:17.823000,f8:a2:fd:ea:fb:80, -0.119, 0.97, -0.061, 49.072, 45.105, -6.409, 90.439, 12.145, -131.644, -24.120, -55.920, 40.367, 31.08, -0.22302, -0.315, 0.58115, 0.71637
2025-06-14 21:02:17.944000,f8:a2:fd:ea:fb:80, -0.088, 0.988, -0.147, 36.499, 12.39, -10.132, 96.257, 12.794, -128.562, -32.113, -48.133, 46.160, 31.08, -0.22302, -0.315, 0.58115, 0.71637
2025-06-14 21:02:18.034000,f8:a2:fd:ea:fb:80, -0.175, 0.988, -0.229, 31.86, 3.357, -8.301, 99.591, 13.26, -127.925, -32.113, -48.133, 46.160, 31.08, -0.20346, -0.39917, 0.6474, 0.61649
2025-06-14 21:02:18.124000,f8:a2:fd:ea:fb:80, -0.203, 1.012, -0.235, 43.945, -2.686, -7.812, 103.096, 13.601, -127.606, -32.113, -48.133, 46.160, 31.08, -0.20346, -0.39917, 0.6474, 0.61649
2025-06-14 21:02:18.304000,f8:a2:fd:ea:fb:80, -0.253, 1.142, -0.184, 96.68, -6.042, -23.987, 109.512, 15.095, -128.743, -28.367, -34.587, 49.747, 31.08, -0.20346, -0.39917, 0.6474, 0.61649
2025-06-14 21:02:18.340000,f8:a2:fd:ea:fb:80, -0.462, 1.508, 0.223, 169.25, -65.063, -49.683, 121.646, 19.957, -131.968, -28.367, -34.587, 49.747, 31.08, -0.03375, -0.42902, 0.76111, 0.4852
2025-06-14 21:02:18.424000,f8:a2:fd:ea:fb:80, -0.114, 1.111, -0.066, 123.474, -82.703, -46.326, 135.154, 26.142, -132.737, -28.367, -34.587, 49.747, 31.08, -0.03375, -0.42902, 0.76111, 0.4852
2025-06-14 21:02:18.544000,f8:a2:fd:ea:fb:80, -0.383, 0.389, 0.134, -112.671, 29.175, 42.908, 132.545, 27.164, -137.225, -28.367, -34.587, 49.747, 31.08, -0.03375, -0.42902, 0.76111, 0.4852
2025-06-14 21:02:18.635000,f8:a2:fd:ea:fb:80, -0.451, 0.785, 0.001, -249.634, -32.349, 104.553, 110.127, 19.512, -142.213, -17.580, -37.100, 58.727, 31.08, -0.03375, -0.42902, 0.76111, 0.4852
2025-06-14 21:02:18.724000,f8:a2:fd:ea:fb:80, -0.446, 1.298, -1.109, -261.963, 43.396, 80.078, 82.996, 11.409, -147.596, -17.580, -37.100, 58.727, 31.08, -0.15125, -0.25375, 0.60489, 0.73941
2025-06-14 21:02:18.844000,f8:a2:fd:ea:fb:80, -0.47, 0.836, -1.161, -8.24, -14.709, 12.207, 72.142, 8.778, -144.525, -17.580, -37.100, 58.727, 31.08, -0.15125, -0.25375, 0.60489, 0.73941
2025-06-14 21:02:18.934000,f8:a2:fd:ea:fb:80, -0.174, 0.729, -0.443, 44.434, 103.394, -29.419, 81.601, 13.326, -138.23, -25.080, -57.740, 40.727, 31.08, -0.15125, -0.25375, 0.60489, 0.73941
2025-06-14 21:02:19.025000,f8:a2:fd:ea:fb:80, -0.208, 1.068, -0.041, 59.265, 26.855, 0.977, 89.83, 14.376, -133.066, -25.080, -57.740, 40.727, 31.08, -0.19754, -0.37244, 0.61835, 0.66318
2025-06-14 21:02:19.144000,f8:a2:fd:ea:fb:80, -0.121, 1.01, -0.167, 43.518, 13.367, -6.165, 96.411, 14.601, -129.507, -25.080, -57.740, 40.727, 31.08, -0.19754, -0.37244, 0.61835, 0.66318
2025-06-14 21:02:19.236000,f8:a2:fd:ea:fb:80, -0.176, 0.974, -0.23, 31.067, -10.986, -5.249, 99.657, 14.903, -130.298, -28.080, -46.600, 50.427, 31.08, -0.19754, -0.37244, 0.61835, 0.66318
2025-06-14 21:02:19.328000,f8:a2:fd:ea:fb:80, -0.221, 0.978, -0.255, 38.879, -4.578, -9.033, 102.991, 15.458, -131.276, -28.080, -46.600, 50.427, 31.08, -0.15854, -0.39615, 0.67184, 0.60535
2025-06-14 21:02:19.446000,f8:a2:fd:ea:fb:80, -0.227, 1.063, -0.195, 73.12, 5.615, -27.832, 108.495, 16.974, -131.484, -28.080, -46.600, 50.427, 31.07, -0.15854, -0.39615, 0.67184, 0.60535
2025-06-14 21:02:19.533000,f8:a2:fd:ea:fb:80, -0.186, 1.47, 0.125, 174.072, -102.6, -57.312, 119.279, 22.104, -134.044, -28.080, -46.600, 50.427, 31.07, -0.15854, -0.39615, 0.67184, 0.60535
2025-06-14 21:02:19.623000,f8:a2:fd:ea:fb:80, -0.093, 0.831, -0.216, 107.3, -16.418, -43.335, 132.935, 29.734, -136.73, -11.613, -16.447, 60.880, 31.07, -0.15854, -0.39615, 0.67184, 0.60535
2025-06-14 21:02:19.744000,f8:a2:fd:ea:fb:80, -0.525, 0.433, 0.088, -97.717, 27.588, 39.001, 131.88, 29.152, -138.851, -11.613, -16.447, 60.880, 31.07, 0.06027, -0.40128, 0.78607, 0.46619
2025-06-14 21:02:19.833000,f8:a2:fd:ea:fb:80, -0.502, 0.779, -0.095, -244.324, -18.616, 105.164, 111.566, 20.819, -142.625, -11.613, -16.447, 60.880, 31.07, 0.06027, -0.40128, 0.78607, 0.46619
2025-06-14 21:02:19.923000,f8:a2:fd:ea:fb:80, -0.45, 1.257, -0.862, -257.935, 38.452, 89.783, 85.023, 11.431, -147.64, -20.187, -51.333, 48.507, 31.07, 0.06027, -0.40128, 0.78607, 0.46619
2025-06-14 21:02:20.043000,f8:a2:fd:ea:fb:80, -0.681, 0.816, -1.34, 11.23, -6.592, 11.902, 73.092, 7.938, -144.778, -20.187, -51.333, 48.507, 31.07, -0.20361, -0.23849, 0.55313, 0.77176
2025-06-14 21:02:20.194000,f8:a2:fd:ea:fb:80, -0.363, 0.881, -0.636, 29.419, 154.175, -36.499, 82.727, 12.634, -136.428, -20.187, -51.333, 48.507, 31.07, -0.20361, -0.23849, 0.55313, 0.77176
2025-06-14 21:02:20.254000,f8:a2:fd:ea:fb:80, -0.177, 1.03, -0.008, 73.547, 30.334, -0.916, 92.324, 14.722, -128.106, -20.187, -51.333, 48.507, 31.07, -0.20361, -0.23849, 0.55313, 0.77176
2025-06-14 21:02:20.344000,f8:a2:fd:ea:fb:80, -0.167, 1.003, -0.246, 41.565, 5.92, -6.165, 99.014, 14.832, -125.821, -31.293, -51.407, 44.173, 31.07, -0.20361, -0.23849, 0.55313, 0.77176
2025-06-14 21:02:20.435000,f8:a2:fd:ea:fb:80, -0.164, 1.008, -0.234, 36.682, -21.851, -3.357, 102.376, 15.233, -126.848, -31.293, -51.407, 44.173, 31.07, -0.19174, -0.4209, 0.64807, 0.60495
2025-06-14 21:02:20.524000,f8:a2:fd:ea:fb:80, -0.287, 0.982, -0.234, 51.27, -25.024, -7.08, 106.106, 16.013, -129.216, -31.293, -51.407, 44.173, 31.07, -0.19174, -0.4209, 0.64807, 0.60495
2025-06-14 21:02:20.644000,f8:a2:fd:ea:fb:80, -0.153, 1.101, -0.226, 91.736, -3.723, -30.945, 112.835, 17.935, -130.441, -24.933, -34.393, 52.620, 31.07, -0.0444, -0.42841, 0.74527, 0.50888
2025-06-14 21:02:20.734000,f8:a2:fd:ea:fb:80, -0.013, 1.52, 0.038, 157.043, -64.026, -57.922, 124.129, 23.665, -133.704, -24.933, -34.393, 52.620, 31.07, -0.0444, -0.42841, 0.74527, 0.50888
2025-06-14 21:02:20.825000,f8:a2:fd:ea:fb:80, -0.049, 0.586, -0.438, 107.178, -64.392, -30.334, 136.785, 30.35, -135.632, -24.933, -34.393, 52.620, 31.07, -0.0444, -0.42841, 0.74527, 0.50888
2025-06-14 21:02:20.946000,f8:a2:fd:ea:fb:80, -0.64, 0.397, 0.008, -121.155, 27.344, 56.458, 129.672, 27.762, -139.675, -12.533, -18.413, 62.780, 31.07, -0.0444, -0.42841, 0.74527, 0.50888
2025-06-14 21:02:21.065000,f8:a2:fd:ea:fb:80, -0.499, 0.854, -0.224, -241.943, -46.936, 105.957, 105.634, 18.435, -145.547, -12.533, -18.413, 62.780, 31.07, -0.05472, -0.32532, 0.72244, 0.60757
2025-06-14 21:02:21.154000,f8:a2:fd:ea:fb:80, -0.504, 1.255, -0.893, -242.371, 55.237, 76.538, 81.249, 9.8, -145.508, -12.533, -18.413, 62.780, 31.07, -0.05472, -0.32532, 0.72244, 0.60757
2025-06-14 21:02:21.305000,f8:a2:fd:ea:fb:80, -0.224, 0.725, -1.167, 20.081, -26.672, 13, 74.603, 7.416, -143.602, -23.980, -56.320, 40.473, 31.07, -0.05472, -0.32532, 0.72244, 0.60757
2025-06-14 21:02:21.424000,f8:a2:fd:ea:fb:80, -0.135, 0.985, -0.152, 72.937, 41.748, -15.32, 83.848, 11.887, -137.247, -23.980, -56.320, 40.473, 31.07, -0.20142, -0.32797, 0.60254, 0.69907
2025-06-14 21:02:21.455000,f8:a2:fd:ea:fb:80, -0.222, 1.022, -0.088, 54.382, 11.169, -3.113, 91.571, 12.684, -135.302, -23.980, -56.320, 40.473, 31.07, -0.20142, -0.32797, 0.60254, 0.69907
2025-06-14 21:02:21.575000,f8:a2:fd:ea:fb:80, -0.171, 1.013, -0.204, 38.574, 7.629, -15.076, 96.762, 13.519, -134.67, -28.040, -46.280, 52.053, 31.07, -0.20142, -0.32797, 0.60254, 0.69907
2025-06-14 21:02:21.664000,f8:a2:fd:ea:fb:80, -0.096, 0.949, -0.226, 39.734, -28.748, -9.46, 100.41, 14.65, -135.818, -28.040, -46.280, 52.053, 31.07, -0.13998, -0.36084, 0.68115, 0.62137
2025-06-14 21:02:21.754000,f8:a2:fd:ea:fb:80, -0.289, 0.962, -0.333, 34.302, 10.986, -13, 104.03, 15.568, -136.692, -28.040, -46.280, 52.053, 31.07, -0.13998, -0.36084, 0.68115, 0.62137
2025-06-14 21:02:21.874000,f8:a2:fd:ea:fb:80, -0.244, 1.105, -0.201, 66.589, 29.541, -35.4, 109.001, 16.996, -135.599, -23.100, -32.807, 53.947, 31.07, -0.04385, -0.40649, 0.74872, 0.5217
2025-06-14 21:02:21.963000,f8:a2:fd:ea:fb:80, -0.015, 1.555, 0.194, 151.978, -52.002, -50.72, 119.575, 21.335, -135.648, -23.100, -32.807, 53.947, 31.07, -0.04385, -0.40649, 0.74872, 0.5217
2025-06-14 21:02:22.055000,f8:a2:fd:ea:fb:80, -0.207, 1.048, -0.067, 129.333, -32.41, -60.059, 133.347, 27.405, -134.302, -23.100, -32.807, 53.947, 31.07, -0.04385, -0.40649, 0.74872, 0.5217
2025-06-14 21:02:22.174000,f8:a2:fd:ea:fb:80, -0.258, 0.416, 0.109, -86.914, 16.602, 25.452, 133.632, 28.757, -135.791, -14.253, -19.313, 60.673, 31.07, -0.04385, -0.40649, 0.74872, 0.5217
2025-06-14 21:02:22.264000,f8:a2:fd:ea:fb:80, -0.502, 0.771, -0.055, -233.215, -9.46, 102.295, 114.088, 22.132, -140.411, -14.253, -19.313, 60.673, 31.07, -0.01697, -0.38568, 0.74719, 0.54086
2025-06-14 21:02:22.354000,f8:a2:fd:ea:fb:80, -0.505, 1.278, -0.909, -267.334, 29.48, 97.778, 87.457, 12.766, -145.778, -14.253, -19.313, 60.673, 31.07, -0.01697, -0.38568, 0.74719, 0.54086
2025-06-14 21:02:22.533000,f8:a2:fd:ea:fb:80, -0.368, 0.797, -1.241, -38.269, -54.26, 32.532, 72.801, 7.608, -143.954, -24.173, -56.940, 38.627, 31.07, -0.20322, -0.27933, 0.57858, 0.7388
2025-06-14 21:02:22.564000,f8:a2:fd:ea:fb:80, -0.354, 1.203, 0.042, 25.94, 158.508, -28.87, 80.508, 10.871, -138.977, -24.173, -56.940, 38.627, 31.07, -0.20322, -0.27933, 0.57858, 0.7388
2025-06-14 21:02:22.656000,f8:a2:fd:ea:fb:80, -0.045, 1.213, -0.044, 79.834, 17.212, -2.136, 90.61, 13.332, -131.243, -24.173, -56.940, 38.627, 31.07, -0.20322, -0.27933, 0.57858, 0.7388
2025-06-14 21:02:22.774000,f8:a2:fd:ea:fb:80, -0.136, 1.035, -0.211, 44.128, 16.235, -11.963, 97.531, 13.711, -128.952, -31.533, -48.627, 46.160, 31.07, -0.18927, -0.40381, 0.65433, 0.61063
2025-06-14 21:02:22.900000,f8:a2:fd:ea:fb:80, -0.208, 1.016, -0.2, 32.776, -4.395, -7.08, 101.173, 14.255, -128.458, -31.533, -48.627, 46.160, 31.07, -0.18927, -0.40381, 0.65433, 0.61063
2025-06-14 21:02:22.956000,f8:a2:fd:ea:fb:80, -0.241, 0.966, -0.256, 38.879, -14.465, -7.996, 104.491, 14.672, -129.364, -31.533, -48.627, 46.160, 31.07, -0.18927, -0.40381, 0.65433, 0.61063
2025-06-14 21:02:23.073000,f8:a2:fd:ea:fb:80, -0.225, 1.053, -0.154, 91.553, 6.775, -29.663, 110.654, 16.359, -129.611, -28.047, -36.813, 50.173, 31.07, -0.09641, -0.43066, 0.72772, 0.52493
2025-06-14 21:02:23.165000,f8:a2:fd:ea:fb:80, 0.051, 1.582, 0.206, 169.434, -98.877, -39.246, 122.509, 21.226, -132.599, -28.047, -36.813, 50.173, 31.07, -0.09641, -0.43066, 0.72772, 0.52493
2025-06-14 21:02:23.254000,f8:a2:fd:ea:fb:80, -0.07, 0.592, -0.598, 102.417, -57.129, -27.832, 135.341, 28.625, -136.208, -13.480, -15.420, 61.327, 31.07, -0.09641, -0.43066, 0.72772, 0.52493
2025-06-14 21:02:23.374000,f8:a2:fd:ea:fb:80, -0.629, 0.465, 0, -128.723, 44.434, 60.486, 130.776, 26.829, -139.938, -13.480, -15.420, 61.327, 31.07, 0.03174, -0.38525, 0.78891, 0.4776
2025-06-14 21:02:23.465000,f8:a2:fd:ea:fb:80, -0.487, 0.852, -0.103, -246.704, -47.363, 100.098, 108.776, 17.644, -143.789, -13.480, -15.420, 61.327, 31.07, 0.03174, -0.38525, 0.78891, 0.4776
2025-06-14 21:02:23.560000,f8:a2:fd:ea:fb:80, -0.397, 1.297, -0.911, -265.564, 71.045, 67.383, 82.117, 9.915, -147.03, -13.480, -15.420, 61.327, 31.07, 0.03174, -0.38525, 0.78891, 0.4776
2025-06-14 21:02:23.674000,f8:a2:fd:ea:fb:80, -0.362, 0.735, -1.425, 58.289, -3.906, -4.028, 72.872, 9.229, -141.839, -22.307, -54.947, 41.773, 31.07, -0.19934, -0.27963, 0.56876, 0.74728
2025-06-14 21:02:23.764000,f8:a2:fd:ea:fb:80, -0.113, 1.296, -0.466, 76.233, 59.998, -2.93, 83.134, 13.299, -135.637, -22.307, -54.947, 41.773, 31.07, -0.19934, -0.27963, 0.56876, 0.74728
2025-06-14 21:02:23.855000,f8:a2:fd:ea:fb:80, -0.236, 1.016, -0.151, 57.373, 31.006, 2.136, 91.675, 13.678, -131.583, -29.547, -51.153, 46.120, 31.07, -0.19934, -0.27963, 0.56876, 0.74728
2025-06-14 21:02:23.974000,f8:a2:fd:ea:fb:80, -0.13, 1.028, -0.156, 29.175, -1.953, -3.906, 96.751, 13.76, -130.007, -29.547, -51.153, 46.120, 31.07, -0.19437, -0.38641, 0.64255, 0.63239
2025-06-14 21:02:24.064000,f8:a2:fd:ea:fb:80, -0.164, 0.951, -0.207, 33.936, -10.62, -4.883, 99.75, 14.112, -131.127, -29.547, -51.153, 46.120, 31.07, -0.19437, -0.38641, 0.64255, 0.63239
2025-06-14 21:02:24.157000,f8:a2:fd:ea:fb:80, -0.21, 0.996, -0.257, 40.283, -0.732, -8.728, 103.398, 14.409, -131.353, -27.033, -40.053, 51.020, 31.07, -0.19437, -0.38641, 0.64255, 0.63239
2025-06-14 21:02:24.275000,f8:a2:fd:ea:fb:80, -0.165, 1.09, -0.17, 82.703, 7.263, -29.358, 109.204, 15.842, -131.375, -27.033, -40.053, 51.020, 31.07, -0.13766, -0.40256, 0.69977, 0.57376
2025-06-14 21:02:24.365000,f8:a2:fd:ea:fb:80, 0.035, 1.818, 0.236, 159.18, -37.231, -57.068, 120.954, 20.314, -132.171, -27.033, -40.053, 51.020, 31.07, -0.13766, -0.40256, 0.69977, 0.57376
2025-06-14 21:02:24.456000,f8:a2:fd:ea:fb:80, -0.096, 1.246, -0.12, 127.991, -21.729, -67.017, 135.56, 26.774, -130.847, -17.093, -18.727, 57.320, 31.07, -0.13766, -0.40256, 0.69977, 0.57376
2025-06-14 21:02:24.574000,f8:a2:fd:ea:fb:80, -0.32, 0.422, 0.103, -96.985, 30.823, 21.423, 134.659, 27.202, -131.765, -17.093, -18.727, 57.320, 31.07, 0.05609, -0.45123, 0.78525, 0.42014
2025-06-14 21:02:24.665000,f8:a2:fd:ea:fb:80, -0.508, 0.726, 0.01, -255.432, -10.803, 91.431, 112.181, 20.264, -135.406, -17.093, -18.727, 57.320, 31.07, 0.05609, -0.45123, 0.78525, 0.42014
2025-06-14 21:02:24.755000,f8:a2:fd:ea:fb:80, -0.306, 1.309, -1.228, -255.554, -17.517, 89.172, 84.227, 12.453, -143.888, -22.427, -51.040, 46.527, 31.07, 0.05609, -0.45123, 0.78525, 0.42014
2025-06-14 21:02:24.877000,f8:a2:fd:ea:fb:80, -0.616, 0.812, -1.293, -7.996, -12.085, 10.254, 74.344, 10.129, -140.839, -22.427, -51.040, 46.527, 31.07, -0.21481, -0.26501, 0.54294, 0.7673
2025-06-14 21:02:24.965000,f8:a2:fd:ea:fb:80, -0.136, 0.754, -0.82, 42.175, 129.639, -28.015, 83.304, 14.123, -134.473, -22.427, -51.040, 46.527, 31.07, -0.21481, -0.26501, 0.54294, 0.7673
2025-06-14 21:02:25.056000,f8:a2:fd:ea:fb:80, -0.212, 0.989, -0.224, 39.307, 72.021, -3.113, 91.494, 14.518, -131.138, -29.047, -52.887, 44.027, 31.07, -0.21481, -0.26501, 0.54294, 0.7673
2025-06-14 21:02:25.205000,f8:a2:fd:ea:fb:80, -0.14, 1, -0.158, 32.471, 16.296, -3.418, 96.998, 14.518, -126.447, -29.047, -52.887, 44.027, 31.07, -0.21127, -0.40506, 0.62271, 0.63513
2025-06-14 21:02:25.266000,f8:a2:fd:ea:fb:80, -0.169, 1.004, -0.195, 27.771, 1.404, -3.54, 100.168, 14.557, -126.453, -29.047, -52.887, 44.027, 31.07, -0.21127, -0.40506, 0.62271, 0.63513
2025-06-14 21:02:25.355000,f8:a2:fd:ea:fb:80, -0.3, 1.02, -0.184, 47.485, -17.761, -8.667, 103.48, 14.903, -127.722, -30.227, -43.680, 47.500, 31.07, -0.16156, -0.41809, 0.67783, 0.5827
2025-06-14 21:02:25.506000,f8:a2:fd:ea:fb:80, -0.062, 1.254, -0.129, 122.62, -1.465, -32.715, 110.907, 16.705, -128.123, -30.227, -43.680, 47.500, 31.07, -0.16156, -0.41809, 0.67783, 0.5827
2025-06-14 21:02:25.595000,f8:a2:fd:ea:fb:80, 0.158, 1.47, -0.441, 175.171, -39.368, -63.477, 124.777, 22.83, -131.259, -19.907, -22.067, 56.520, 31.07, -0.16156, -0.41809, 0.67783, 0.5827
2025-06-14 21:02:25.715000,f8:a2:fd:ea:fb:80, -0.175, 0.472, -0.555, 66.589, -22.766, -22.339, 136.862, 28.96, -133, -19.907, -22.067, 56.520, 31.07, 0.07306, -0.43304, 0.79248, 0.42307
2025-06-14 21:02:25.805000,f8:a2:fd:ea:fb:80, -0.611, 0.399, -0.017, -142.212, 33.875, 53.04, 129.49, 25.829, -135.846, -19.907, -22.067, 56.520, 31.07, 0.07306, -0.43304, 0.79248, 0.42307
2025-06-14 21:02:25.901000,f8:a2:fd:ea:fb:80, -0.546, 0.876, -0.213, -239.563, -80.383, 92.59, 105.985, 18.572, -142.015, -18.087, -41.927, 56.060, 31.07, 0.07306, -0.43304, 0.79248, 0.42307
2025-06-14 21:02:25.987000,f8:a2:fd:ea:fb:80, -0.41, 1.316, -0.965, -240.967, 39.368, 70.007, 80.464, 11.277, -145.217, -18.087, -41.927, 56.060, 31.07, -0.18024, -0.2587, 0.57388, 0.75574
2025-06-14 21:02:26.105000,f8:a2:fd:ea:fb:80, -0.242, 0.667, -1.221, 53.955, 23.926, -4.089, 75.619, 9.91, -143.08, -18.087, -41.927, 56.060, 31.07, -0.18024, -0.2587, 0.57388, 0.75574
2025-06-14 21:02:26.195000,f8:a2:fd:ea:fb:80, -0.197, 1.017, -0.024, 87.402, 36.865, -4.456, 86.155, 14.205, -134.467, -27.293, -54.180, 44.080, 31.07, -0.18024, -0.2587, 0.57388, 0.75574
2025-06-14 21:02:26.315000,f8:a2:fd:ea:fb:80, -0.172, 1.031, -0.144, 47.913, 37.354, -3.113, 94.438, 14.073, -130.814, -27.293, -54.180, 44.080, 31.07, -0.19781, -0.38245, 0.63147, 0.64474
2025-06-14 21:02:26.406000,f8:a2:fd:ea:fb:80, -0.202, 1, -0.189, 28.931, -5.066, -5.554, 98.745, 14.321, -129.974, -27.293, -54.180, 44.080, 31.07, -0.19781, -0.38245, 0.63147, 0.64474
2025-06-14 21:02:26.526000,f8:a2:fd:ea:fb:80, -0.161, 0.97, -0.239, 31.189, -9.521, -5.981, 101.508, 14.727, -130.688, -28.060, -43.627, 50.527, 31.07, -0.19781, -0.38245, 0.63147, 0.64474
2025-06-14 21:02:26.615000,f8:a2:fd:ea:fb:80, -0.223, 1.026, -0.246, 34.546, -9.766, -10.559, 104.584, 15.309, -131.16, -28.060, -43.627, 50.527, 31.07, -0.15167, -0.39868, 0.68237, 0.59357
2025-06-14 21:02:26.705000,f8:a2:fd:ea:fb:80, -0.224, 1.093, -0.105, 106.323, 9.46, -37.109, 111.698, 17.232, -130.622, -28.060, -43.627, 50.527, 31.07, -0.15167, -0.39868, 0.68237, 0.59357
2025-06-14 21:02:26.798000,f8:a2:fd:ea:fb:80, 0.211, 1.487, 0.156, 165.833, -73.364, -53.589, 124.431, 22.972, -133, -17.060, -21.953, 56.420, 31.07, -0.15167, -0.39868, 0.68237, 0.59357
2025-06-14 21:02:26.885000,f8:a2:fd:ea:fb:80, -0.149, 0.465, -0.607, 75.623, -28.87, -33.569, 137.565, 29.663, -133.731, -17.060, -21.953, 56.420, 31.07, 0.08728, -0.43839, 0.79373, 0.41238
2025-06-14 21:02:27.005000,f8:a2:fd:ea:fb:80, -0.598, 0.357, -0.052, -140.686, 30.823, 56.274, 131.55, 27.01, -136.181, -17.060, -21.953, 56.420, 31.07, 0.08728, -0.43839, 0.79373, 0.41238
2025-06-14 21:02:27.096000,f8:a2:fd:ea:fb:80, -0.42, 0.831, -0.129, -250.671, -48.096, 104.614, 109.039, 18.655, -141.207, -18.507, -39.793, 57.293, 31.07, 0.08728, -0.43839, 0.79373, 0.41238
2025-06-14 21:02:27.186000,f8:a2:fd:ea:fb:80, -0.489, 1.322, -1.165, -240.845, 48.523, 69.58, 82.892, 10.717, -144.772, -18.507, -39.793, 57.293, 31.07, -0.17316, -0.26486, 0.60004, 0.73465
2025-06-14 21:02:27.305000,f8:a2:fd:ea:fb:80, -0.579, 0.744, -1.255, 43.823, -24.536, 7.141, 73.098, 7.657, -142.097, -18.507, -39.793, 57.293, 31.07, -0.17316, -0.26486, 0.60004, 0.73465
2025-06-14 21:02:27.425000,f8:a2:fd:ea:fb:80, 0.01, 1.085, 0.094, 68.97, 68.176, -11.353, 82.897, 12.36, -132.621, -28.200, -55.407, 39.800, 31.07, -0.17316, -0.26486, 0.60004, 0.73465
2025-06-14 21:02:27.519000,f8:a2:fd:ea:fb:80, -0.125, 1.02, -0.064, 62.561, 10.193, -0.366, 91.379, 12.777, -129.391, -28.200, -55.407, 39.800, 31.07, -0.22388, -0.37531, 0.61145, 0.65958
2025-06-14 21:02:27.605000,f8:a2:fd:ea:fb:80, -0.147, 0.987, -0.217, 39.978, -4.761, -10.742, 96.74, 13.31, -128.974, -28.200, -55.407, 39.800, 31.07, -0.22388, -0.37531, 0.61145, 0.65958
2025-06-14 21:02:27.756000,f8:a2:fd:ea:fb:80, -0.221, 0.989, -0.238, 41.321, -28.992, -6.775, 100.437, 14.101, -130.485, -28.653, -44.213, 51.087, 31.07, -0.22388, -0.37531, 0.61145, 0.65958
2025-06-14 21:02:27.786000,f8:a2:fd:ea:fb:80, -0.241, 0.963, -0.267, 44.189, -5.981, -21.179, 104.354, 15.348, -132.957, -28.653, -44.213, 51.087, 31.07, -0.14432, -0.38806, 0.686, 0.59821
2025-06-14 21:02:27.905000,f8:a2:fd:ea:fb:80, -0.22, 1.12, -0.178, 97.473, 6.104, -40.833, 111.231, 17.721, -131.155, -28.653, -44.213, 51.087, 31.07, -0.14432, -0.38806, 0.686, 0.59821
2025-06-14 21:02:27.994000,f8:a2:fd:ea:fb:80, -0.061, 1.425, -0.042, 159.546, -73.608, -58.289, 123.217, 23.714, -133.522, -15.513, -21.040, 58.920, 31.07, -0.14432, -0.38806, 0.686, 0.59821
2025-06-14 21:02:28.114000,f8:a2:fd:ea:fb:80, -0.079, 0.731, -0.419, 93.567, -27.405, -35.461, 135.78, 30.207, -134.742, -15.513, -21.040, 58.920, 31.07, 0.08951, -0.43408, 0.79044, 0.42267
2025-06-14 21:02:28.205000,f8:a2:fd:ea:fb:80, -0.337, 0.46, 0.023, -106.812, 19.958, 46.387, 130.963, 28.202, -136.906, -15.513, -21.040, 58.920, 31.07, 0.08951, -0.43408, 0.79044, 0.42267
2025-06-14 21:02:28.325000,f8:a2:fd:ea:fb:80, -0.447, 0.773, -0.024, -238.77, -23.499, 115.051, 109.243, 19.858, -142.438, -15.513, -21.040, 58.920, 31.07, 0.08951, -0.43408, 0.79044, 0.42267
2025-06-14 21:02:28.415000,f8:a2:fd:ea:fb:80, -0.562, 1.271, -1.125, -248.657, 4.883, 92.102, 82.991, 10.607, -146.81, -17.887, -43.087, 55.947, 31.07, 0.08951, -0.43408, 0.79044, 0.42267
2025-06-14 21:02:28.535000,f8:a2:fd:ea:fb:80, -0.449, 0.742, -1.595, 14.832, 42.786, -6.226, 74.685, 9.575, -142.718, -17.887, -43.087, 55.947, 31.07, -0.20364, -0.24902, 0.55109, 0.76987
2025-06-14 21:02:28.595000,f8:a2:fd:ea:fb:80, -0.138, 1.156, -0.373, 62.744, 70.496, -9.399, 85.309, 13.837, -135.89, -17.887, -43.087, 55.947, 31.07, -0.20364, -0.24902, 0.55109, 0.76987
2025-06-14 21:02:28.687000,f8:a2:fd:ea:fb:80, -0.17, 1.007, -0.116, 53.894, 36.499, -3.235, 93.093, 14.15, -131.671, -28.707, -52.320, 45.980, 31.07, -0.20364, -0.24902, 0.55109, 0.76987
2025-06-14 21:02:28.805000,f8:a2:fd:ea:fb:80, -0.17, 0.979, -0.195, 30.334, -5.371, -7.324, 97.652, 14.535, -130.237, -28.707, -52.320, 45.980, 31.07, -0.19067, -0.38873, 0.63962, 0.63507
2025-06-14 21:02:28.895000,f8:a2:fd:ea:fb:80, -0.195, 0.969, -0.216, 35.461, -5.92, -9.033, 100.695, 15.167, -131.061, -28.707, -52.320, 45.980, 31.07, -0.19067, -0.38873, 0.63962, 0.63507
2025-06-14 21:02:28.985000,f8:a2:fd:ea:fb:80, -0.281, 0.961, -0.257, 46.082, -13.489, -12.634, 104.425, 15.842, -132.006, -26.127, -40.487, 52.053, 31.07, -0.19067, -0.38873, 0.63962, 0.63507
2025-06-14 21:02:29.104000,f8:a2:fd:ea:fb:80, -0.106, 1.183, -0.184, 98.389, 2.014, -36.56, 110.885, 17.759, -131.77, -26.127, -40.487, 52.053, 31.07, -0.08066, -0.42062, 0.7254, 0.53876
2025-06-14 21:02:29.196000,f8:a2:fd:ea:fb:80, -0.064, 1.472, 0.028, 140.93, -53.162, -64.026, 122.014, 23.763, -134.703, -26.127, -40.487, 52.053, 31.07, -0.08066, -0.42062, 0.7254, 0.53876
2025-06-14 21:02:29.286000,f8:a2:fd:ea:fb:80, 0.033, 0.585, -0.464, 101.013, -58.594, -46.021, 135.319, 29.377, -132.177, -13.693, -18.407, 60.027, 31.07, -0.08066, -0.42062, 0.7254, 0.53876
2025-06-14 21:02:29.435000,f8:a2:fd:ea:fb:80, -0.432, 0.427, 0.072, -114.319, 10.742, 50.72, 130.638, 28.922, -135.665, -13.693, -18.407, 60.027, 31.07, 0.05002, -0.42465, 0.77286, 0.46878
2025-06-14 21:02:29.525000,f8:a2:fd:ea:fb:80, -0.458, 0.855, -0.112, -244.385, -35.034, 117.432, 108.567, 20.27, -140.949, -13.693, -18.407, 60.027, 31.07, 0.05002, -0.42465, 0.77286, 0.46878
2025-06-14 21:02:29.585000,f8:a2:fd:ea:fb:80, -0.55, 1.326, -0.92, -256.409, 20.874, 101.868, 82.491, 10.228, -145.107, -22.573, -54.073, 43.100, 31.07, 0.05002, -0.42465, 0.77286, 0.46878
2025-06-14 21:02:29.734000,f8:a2:fd:ea:fb:80, 0.02, 0.739, -1.193, 10.986, -30.701, 13.184, 72.263, 5.208, -146.008, -22.573, -54.073, 43.100, 31.07, -0.20877, -0.21017, 0.55634, 0.77631
2025-06-14 21:02:29.825000,f8:a2:fd:ea:fb:80, -0.203, 1.013, -0.862, 74.28, 61.523, -24.963, 81.541, 10.53, -139.576, -22.573, -54.073, 43.100, 31.07, -0.20877, -0.21017, 0.55634, 0.77631
2025-06-14 21:02:29.916000,f8:a2:fd:ea:fb:80, -0.221, 1.033, -0.121, 69.153, 41.87, -7.019, 90.906, 12.316, -134.687, -28.887, -50.333, 47.280, 31.07, -0.20877, -0.21017, 0.55634, 0.77631
2025-06-14 21:02:30.035000,f8:a2:fd:ea:fb:80, -0.152, 0.997, -0.162, 33.875, 11.108, -10.254, 96.976, 12.958, -132.198, -28.887, -50.333, 47.280, 31.07, -0.18341, -0.37317, 0.65634, 0.62946
2025-06-14 21:02:30.126000,f8:a2:fd:ea:fb:80, -0.21, 0.976, -0.227, 41.504, -6.348, -9.644, 100.827, 13.722, -132.572, -28.887, -50.333, 47.280, 31.07, -0.18341, -0.37317, 0.65634, 0.62946
2025-06-14 21:02:30.301000,f8:a2:fd:ea:fb:80, -0.226, 0.935, -0.278, 41.87, -4.028, -15.503, 104.661, 14.744, -133.33, -26.373, -36.560, 53.373, 31.07, -0.18341, -0.37317, 0.65634, 0.62946
2025-06-14 21:02:30.337000,f8:a2:fd:ea:fb:80, -0.196, 1.084, -0.207, 80.872, 10.803, -35.4, 110.759, 16.837, -132.643, -26.373, -36.560, 53.373, 31.07, -0.06143, -0.41125, 0.74255, 0.52496
2025-06-14 21:02:30.425000,f8:a2:fd:ea:fb:80, 0.009, 1.796, 0.128, 181.519, -98.328, -55.115, 122.783, 23.044, -136.461, -26.373, -36.560, 53.373, 31.07, -0.06143, -0.41125, 0.74255, 0.52496
2025-06-14 21:02:30.516000,f8:a2:fd:ea:fb:80, -0.166, 0.816, -0.204, 126.404, -54.26, -40.588, 136.489, 29.894, -137.554, -26.373, -36.560, 53.373, 31.07, -0.06143, -0.41125, 0.74255, 0.52496
2025-06-14 21:02:30.639000,f8:a2:fd:ea:fb:80, -0.498, 0.408, -0.089, -136.108, 28.687, 50.72, 131.699, 27.751, -138.867, -13.560, -19.093, 62.613, 31.07, -0.06143, -0.41125, 0.74255, 0.52496
2025-06-14 21:02:30.726000,f8:a2:fd:ea:fb:80, -0.469, 0.819, -0.161, -246.033, -15.259, 110.657, 109.951, 19.276, -143.448, -13.560, -19.093, 62.613, 31.07, -0.07019, -0.32544, 0.7171, 0.61221
2025-06-14 21:02:30.815000,f8:a2:fd:ea:fb:80, -0.413, 1.163, -1.203, -222.9, 35.095, 72.083, 84.617, 10.503, -145.937, -13.560, -19.093, 62.613, 31.07, -0.07019, -0.32544, 0.7171, 0.61221
2025-06-14 21:02:30.937000,f8:a2:fd:ea:fb:80, -0.253, 0.771, -1.125, 24.963, 13.794, 1.77, 75.811, 8.344, -142.147, -23.907, -56.247, 39.807, 31.07, -0.20999, -0.32108, 0.58585, 0.71378
2025-06-14 21:02:31.027000,f8:a2:fd:ea:fb:80, -0.22, 1.196, -0.634, 61.279, 98.206, -10.803, 84.683, 12.656, -135.137, -23.907, -56.247, 39.807, 31.07, -0.20999, -0.32108, 0.58585, 0.71378
2025-06-14 21:02:31.176000,f8:a2:fd:ea:fb:80, -0.118, 0.994, -0.218, 55.42, -38.513, 6.165, 92.401, 13.173, -134.594, -23.907, -56.247, 39.807, 31.07, -0.20999, -0.32108, 0.58585, 0.71378
2025-06-14 21:02:31.237000,f8:a2:fd:ea:fb:80, -0.133, 1.005, -0.207, 24.536, -10.01, -8.789, 96.372, 13.563, -137.021, -26.560, -46.600, 53.180, 31.07, -0.20999, -0.32108, 0.58585, 0.71378
2025-06-14 21:02:31.356000,f8:a2:fd:ea:fb:80, -0.18, 0.938, -0.198, 14.343, 1.526, -10.803, 98.405, 14.431, -137.549, -26.560, -46.600, 53.180, 31.07, -0.14377, -0.3494, 0.67212, 0.63669
2025-06-14 21:02:31.415000,f8:a2:fd:ea:fb:80, -0.194, 0.99, -0.201, 36.072, 7.263, -12.512, 101.069, 15.068, -137.466, -26.560, -46.600, 53.180, 31.07, -0.14377, -0.3494, 0.67212, 0.63669
2025-06-14 21:02:31.536000,f8:a2:fd:ea:fb:80, -0.266, 1.067, -0.126, 80.627, 8.667, -31.738, 106.573, 16.474, -135.791, -22.973, -34.860, 53.693, 31.07, -0.14377, -0.3494, 0.67212, 0.63669
2025-06-14 21:02:31.625000,f8:a2:fd:ea:fb:80, -0.072, 1.604, 0.271, 165.283, -57.556, -55.603, 118.136, 20.852, -136.412, -22.973, -34.860, 53.693, 31.07, -0.02475, -0.40015, 0.75705, 0.51581
2025-06-14 21:02:31.717000,f8:a2:fd:ea:fb:80, -0.104, 1.268, -0.303, 114.38, 24.536, -78.125, 132.742, 26.884, -133.901, -22.973, -34.860, 53.693, 31.07, -0.02475, -0.40015, 0.75705, 0.51581
2025-06-14 21:02:31.836000,f8:a2:fd:ea:fb:80, -0.194, 0.418, 0.082, -67.81, 2.197, 14.526, 133.561, 27.576, -133.27, -15.780, -20.027, 59.487, 31.07, -0.02475, -0.40015, 0.75705, 0.51581
2025-06-14 21:02:31.930000,f8:a2:fd:ea:fb:80, -0.266, 0.694, -0.015, -233.276, 8.972, 86.182, 114.785, 21.456, -136.06, -15.780, -20.027, 59.487, 31.07, -0.07208, -0.39001, 0.71677, 0.57343
2025-06-14 21:02:32.076000,f8:a2:fd:ea:fb:80, -0.393, 1.442, -0.985, -267.273, -40.649, 98.877, 87.045, 12.892, -143.091, -15.780, -20.027, 59.487, 31.07, -0.07208, -0.39001, 0.71677, 0.57343
2025-06-14 21:02:32.138000,f8:a2:fd:ea:fb:80, -0.439, 0.776, -1.483, -39.734, -47.546, 29.541, 72.345, 7.872, -141.586, -25.213, -57.040, 37.160, 31.07, -0.07208, -0.39001, 0.71677, 0.57343
2025-06-14 21:02:32.256000,f8:a2:fd:ea:fb:80, -0.166, 1.071, -0.778, 62.378, 140.747, -30.701, 82.43, 11.673, -135.912, -25.213, -57.040, 37.160, 31.07, -0.21982, -0.32663, 0.58218, 0.71127
2025-06-14 21:02:32.316000,f8:a2:fd:ea:fb:80, -0.259, 1.055, -0.156, 63.354, 48.218, -2.686, 92.175, 12.969, -130.38, -25.213, -57.040, 37.160, 31.07, -0.21982, -0.32663, 0.58218, 0.71127
2025-06-14 21:02:32.436000,f8:a2:fd:ea:fb:80, -0.131, 0.993, -0.181, 32.898, -9.521, -7.08, 97.855, 13.398, -128.287, -31.580, -48.647, 46.353, 31.07, -0.18823, -0.39633, 0.65616, 0.61386
2025-06-14 21:02:32.555000,f8:a2:fd:ea:fb:80, -0.221, 0.938, -0.255, 34.18, -15.381, -5.188, 101.025, 13.947, -129.562, -31.580, -48.647, 46.353, 31.07, -0.18823, -0.39633, 0.65616, 0.61386
2025-06-14 21:02:32.618000,f8:a2:fd:ea:fb:80, -0.29, 0.997, -0.224, 47.974, -5.005, -15.869, 104.634, 14.716, -131.473, -31.580, -48.647, 46.353, 31.07, -0.18823, -0.39633, 0.65616, 0.61386
2025-06-14 21:02:32.737000,f8:a2:fd:ea:fb:80, -0.088, 1.146, -0.103, 118.958, -5.005, -45.41, 111.813, 17.001, -130.084, -26.573, -36.120, 51.287, 31.07, -0.0762, -0.43054, 0.73044, 0.52457
2025-06-14 21:02:32.827000,f8:a2:fd:ea:fb:80, -0.069, 1.396, -0.608, 180.237, -60.364, -75.5, 124.673, 24.906, -134.588, -26.573, -36.120, 51.287, 31.07, -0.0762, -0.43054, 0.73044, 0.52457
2025-06-14 21:02:32.946000,f8:a2:fd:ea:fb:80, -0.162, 0.706, -0.062, 48.462, -15.076, -11.658, 136.675, 29.789, -134.478, -13.747, -17.113, 61.027, 31.07, -0.0762, -0.43054, 0.73044, 0.52457
2025-06-14 21:02:33.037000,f8:a2:fd:ea:fb:80, -0.611, 0.481, -0.045, -161.926, 43.701, 68.481, 127.766, 26.071, -137.851, -13.747, -17.113, 61.027, 31.07, 0.01617, -0.40109, 0.77344, 0.49045
2025-06-14 21:02:33.130000,f8:a2:fd:ea:fb:80, -0.707, 1.057, -0.402, -254.333, -88.379, 97.412, 102.266, 17.177, -143.245, -13.747, -17.113, 61.027, 31.07, 0.01617, -0.40109, 0.77344, 0.49045
2025-06-14 21:02:33.218000,f8:a2:fd:ea:fb:80, -0.283, 1.163, -1.394, -203.186, 21.851, 44.617, 77.075, 10.118, -142.921, -22.573, -54.647, 42.000, 31.07, 0.01617, -0.40109, 0.77344, 0.49045
2025-06-14 21:02:33.336000,f8:a2:fd:ea:fb:80, -0.038, 1.076, 0.027, 101.257, -47.729, -14.648, 76.893, 10.865, -140.647, -22.573, -54.647, 42.000, 31.07, -0.21393, -0.27319, 0.54758, 0.76135
2025-06-14 21:02:33.425000,f8:a2:fd:ea:fb:80, -0.158, 0.9, -0.036, 70.74, 12.085, 9.033, 86.918, 13.442, -134.517, -22.573, -54.647, 42.000, 31.07, -0.21393, -0.27319, 0.54758, 0.76135
2025-06-14 21:02:33.517000,f8:a2:fd:ea:fb:80, -0.113, 1.034, -0.153, 42.236, -1.709, -0.854, 93.604, 13.266, -132.281, -28.720, -50.600, 47.960, 31.07, -0.21393, -0.27319, 0.54758, 0.76135
2025-06-14 21:02:33.666000,f8:a2:fd:ea:fb:80, -0.128, 0.979, -0.215, 25.513, 0.488, -9.094, 96.976, 13.612, -132.913, -28.720, -50.600, 47.960, 31.07, -0.18439, -0.36765, 0.64728, 0.64169
2025-06-14 21:02:33.728000,f8:a2:fd:ea:fb:80, -0.173, 0.955, -0.211, 27.283, -6.348, -10.498, 99.695, 14.321, -133.555, -28.720, -50.600, 47.960, 31.07, -0.18439, -0.36765, 0.64728, 0.64169
2025-06-14 21:02:33.817000,f8:a2:fd:ea:fb:80, -0.308, 0.988, -0.153, 58.289, -1.709, -22.888, 103.618, 15.562, -134.984, -24.733, -39.920, 53.100, 31.07, -0.11743, -0.3905, 0.70322, 0.58231
2025-06-14 21:02:33.966000,f8:a2:fd:ea:fb:80, -0.104, 1.35, -0.118, 126.038, -13.794, -52.795, 113.582, 18.995, -133.742, -24.733, -39.920, 53.100, 31.07, -0.11743, -0.3905, 0.70322, 0.58231
2025-06-14 21:02:34.056000,f8:a2:fd:ea:fb:80, -0.21, 1.502, -0.673, 166.504, -40.894, -84.106, 127.26, 27.213, -136.494, -24.733, -39.920, 53.100, 31.07, -0.11743, -0.3905, 0.70322, 0.58231
2025-06-14 21:02:34.146000,f8:a2:fd:ea:fb:80, -0.093, 0.722, 0.047, 17.761, 7.996, -16.174, 136.549, 29.185, -133.792, -13.407, -17.000, 59.887, 31.07, -0.11743, -0.3905, 0.70322, 0.58231
2025-06-14 21:02:34.267000,f8:a2:fd:ea:fb:80, -0.403, 0.474, -0.061, -177.979, 36.804, 61.157, 123.997, 24.071, -135.566, -13.407, -17.000, 59.887, 31.07, 0.02579, -0.42612, 0.77481, 0.46619
2025-06-14 21:02:34.357000,f8:a2:fd:ea:fb:80, -0.576, 1.292, -0.897, -266.479, -81.177, 110.535, 96.021, 15.48, -143.13, -13.407, -17.000, 59.887, 31.07, 0.02579, -0.42612, 0.77481, 0.46619
2025-06-14 21:02:34.446000,f8:a2:fd:ea:fb:80, -0.122, 0.871, -1.473, -96.436, -15.503, 34.79, 74.778, 8.146, -142.053, -24.747, -56.240, 38.027, 31.07, 0.02579, -0.42612, 0.77481, 0.46619
2025-06-14 21:02:34.569000,f8:a2:fd:ea:fb:80, -0.07, 1.049, 0.175, 46.57, 128.845, -29.846, 79.014, 10.234, -139.79, -24.747, -56.240, 38.027, 31.07, -0.21255, -0.28873, 0.57153, 0.73804
2025-06-14 21:02:34.655000,f8:a2:fd:ea:fb:80, -0.135, 1.145, -0.135, 74.768, -9.033, -0.793, 88.748, 13.167, -132.33, -24.747, -56.240, 38.027, 31.08, -0.21255, -0.28873, 0.57153, 0.73804
2025-06-14 21:02:34.746000,f8:a2:fd:ea:fb:80, -0.167, 1.073, -0.171, 37.17, 14.587, -6.836, 95.219, 13.596, -127.535, -24.747, -56.240, 38.027, 31.08, -0.21255, -0.28873, 0.57153, 0.73804
2025-06-14 21:02:34.866000,f8:a2:fd:ea:fb:80, -0.145, 0.911, -0.183, 20.569, -2.686, -3.418, 98.24, 13.733, -127.304, -32.100, -47.500, 46.213, 31.08, -0.18851, -0.40042, 0.65649, 0.61075
2025-06-14 21:02:34.956000,f8:a2:fd:ea:fb:80, -0.347, 1.008, -0.171, 43.152, -13.55, -7.141, 101.25, 14.046, -128.969, -32.100, -47.500, 46.213, 31.08, -0.18851, -0.40042, 0.65649, 0.61075
2025-06-14 21:02:35.045000,f8:a2:fd:ea:fb:80, -0.206, 1.087, -0.134, 94.36, 13.977, -42.175, 107.309, 15.732, -129.375, -32.100, -47.500, 46.213, 31.08, -0.18851, -0.40042, 0.65649, 0.61075
2025-06-14 21:02:35.166000,f8:a2:fd:ea:fb:80, 0.162, 1.625, 0.362, 186.096, -105.408, -57.556, 119.91, 21.357, -131.375, -21.233, -27.960, 55.960, 31.08, 0.05499, -0.43704, 0.78073, 0.44308
2025-06-14 21:02:35.256000,f8:a2:fd:ea:fb:80, -0.165, 0.908, -0.371, 115.54, -0.977, -31.433, 134.061, 28.389, -133.967, -21.233, -27.960, 55.960, 31.08, 0.05499, -0.43704, 0.78073, 0.44308
2025-06-14 21:02:35.346000,f8:a2:fd:ea:fb:80, -0.564, 0.393, 0.056, -96.863, 26.611, 29.297, 131.512, 26.614, -135.582, -21.233, -27.960, 55.960, 31.08, 0.05499, -0.43704, 0.78073, 0.44308
2025-06-14 21:02:35.467000,f8:a2:fd:ea:fb:80, -0.375, 0.689, -0.092, -243.286, -18.005, 85.388, 110.511, 18.556, -137.477, -20.993, -34.613, 57.760, 31.08, -0.15253, -0.27634, 0.6265, 0.71259
2025-06-14 21:02:35.557000,f8:a2:fd:ea:fb:80, -0.312, 1.352, -0.756, -266.907, 26.611, 89.661, 83.908, 10.865, -144.426, -20.993, -34.613, 57.760, 31.08, -0.15253, -0.27634, 0.6265, 0.71259
2025-06-14 21:02:35.677000,f8:a2:fd:ea:fb:80, -0.385, 0.79, -1.349, 16.418, -24.353, 15.93, 72.609, 7.652, -140.762, -20.993, -34.613, 57.760, 31.08, -0.15253, -0.27634, 0.6265, 0.71259
2025-06-14 21:02:35.796000,f8:a2:fd:ea:fb:80, 0.079, 0.714, -0.455, 59.692, 162.659, -39.612, 82.776, 12.755, -132.621, -27.187, -54.440, 39.960, 31.08, -0.15253, -0.27634, 0.6265, 0.71259
2025-06-14 21:02:35.916000,f8:a2:fd:ea:fb:80, -0.123, 1.183, -0.105, 59.387, 37.537, 3.784, 91.324, 13.288, -129.249, -27.187, -54.440, 39.960, 31.08, -0.22238, -0.37228, 0.60242, 0.67001
2025-06-14 21:02:35.978000,f8:a2:fd:ea:fb:80, -0.159, 1.014, -0.245, 28.564, 19.592, -8.423, 96.993, 13.683, -126.486, -27.187, -54.440, 39.960, 31.08, -0.22238, -0.37228, 0.60242, 0.67001
2025-06-14 21:02:36.068000,f8:a2:fd:ea:fb:80, -0.164, 0.979, -0.246, 24.475, -8.911, -5.127, 99.597, 14.024, -126.931, -32.713, -44.173, 47.207, 31.08, -0.22238, -0.37228, 0.60242, 0.67001
2025-06-14 21:02:36.157000,f8:a2:fd:ea:fb:80, -0.319, 0.952, -0.215, 47.485, -12.207, -11.475, 102.618, 14.59, -128.535, -32.713, -44.173, 47.207, 31.08, -0.17548, -0.40829, 0.66663, 0.59833
2025-06-14 21:02:36.247000,f8:a2:fd:ea:fb:80, -0.031, 1.208, -0.125, 120.178, -7.69, -34.424, 110.171, 16.326, -128.265, -32.713, -44.173, 47.207, 31.08, -0.17548, -0.40829, 0.66663, 0.59833
2025-06-14 21:02:36.367000,f8:a2:fd:ea:fb:80, 0.087, 1.477, -0.455, 186.89, -97.229, -58.96, 123.212, 22.511, -132.006, -22.673, -25.733, 55.900, 31.08, 0.0607, -0.43643, 0.78568, 0.43408
2025-06-14 21:02:36.457000,f8:a2:fd:ea:fb:80, -0.183, 0.514, -0.354, 61.34, 1.282, -19.958, 136.005, 28.806, -134.11, -22.673, -25.733, 55.900, 31.08, 0.0607, -0.43643, 0.78568, 0.43408
2025-06-14 21:02:36.578000,f8:a2:fd:ea:fb:80, -0.614, 0.409, -0.003, -139.16, 46.753, 45.776, 130.468, 25.208, -135.203, -22.673, -25.733, 55.900, 31.08, 0.0607, -0.43643, 0.78568, 0.43408
2025-06-14 21:02:36.667000,f8:a2:fd:ea:fb:80, -0.525, 0.854, -0.143, -251.099, -61.34, 75.256, 107.413, 17.979, -137.939, -22.387, -34.307, 57.087, 31.08, 0.0607, -0.43643, 0.78568, 0.43408
2025-06-14 21:02:36.787000,f8:a2:fd:ea:fb:80, -0.879, 1.207, -1.124, -236.023, 24.536, 67.81, 81.381, 11.497, -142.471, -22.387, -34.307, 57.087, 31.08, -0.15732, -0.29068, 0.61664, 0.71442
2025-06-14 21:02:36.847000,f8:a2:fd:ea:fb:80, -0.382, 0.822, -1.311, 88.501, 6.348, -18.738, 75.569, 10.651, -139.889, -22.387, -34.307, 57.087, 31.08, -0.15732, -0.29068, 0.61664, 0.71442
2025-06-14 21:02:36.997000,f8:a2:fd:ea:fb:80, -0.03, 0.907, 0.024, 79.712, 12.024, -6.592, 86.979, 14.579, -132.264, -26.820, -53.727, 42.180, 31.08, -0.15732, -0.29068, 0.61664, 0.71442
2025-06-14 21:02:37.058000,f8:a2:fd:ea:fb:80, -0.18, 0.999, -0.177, 52.002, 39.062, -1.953, 95.169, 14.348, -127.82, -26.820, -53.727, 42.180, 31.08, -0.21085, -0.39056, 0.61569, 0.651
2025-06-14 21:02:37.147000,f8:a2:fd:ea:fb:80, -0.126, 0.999, -0.234, 24.963, -8.667, -2.075, 99.212, 14.299, -126.562, -26.820, -53.727, 42.180, 31.08, -0.21085, -0.39056, 0.61569, 0.651
2025-06-14 21:02:37.268000,f8:a2:fd:ea:fb:80, -0.124, 0.938, -0.227, 27.893, -21.606, -3.052, 101.245, 14.502, -127.98, -31.753, -42.887, 48.240, 31.08, -0.21085, -0.39056, 0.61569, 0.651
2025-06-14 21:02:37.387000,f8:a2:fd:ea:fb:80, -0.37, 0.978, -0.221, 61.584, -11.292, -15.198, 105.194, 15.331, -129.996, -31.753, -42.887, 48.240, 31.08, -0.14618, -0.41284, 0.68985, 0.57635
2025-06-14 21:02:37.447000,f8:a2:fd:ea:fb:80, -0.162, 1.289, -0.094, 135.01, -15.137, -42.419, 114.648, 17.726, -129.133, -31.753, -42.887, 48.240, 31.08, -0.14618, -0.41284, 0.68985, 0.57635
2025-06-14 21:02:37.567000,f8:a2:fd:ea:fb:80, -0.036, 1.579, -0.721, 149.841, 11.108, -83.862, 128.617, 24.406, -130.259, -31.753, -42.887, 48.240, 31.08, -0.14618, -0.41284, 0.68985, 0.57635
2025-06-14 21:02:37.657000,f8:a2:fd:ea:fb:80, -0.14, 0.536, -0.289, 13.367, -4.639, -20.447, 137.681, 28.867, -129.012, -18.060, -19.980, 59.933, 31.08, -0.14618, -0.41284, 0.68985, 0.57635
2025-06-14 21:02:37.752000,f8:a2:fd:ea:fb:80, -0.684, 0.456, -0.107, -170.41, 13, 61.279, 124.173, 25.477, -132.99, -18.060, -19.980, 59.933, 31.08, 0.00696, -0.44305, 0.75409, 0.48465
2025-06-14 21:02:37.867000,f8:a2:fd:ea:fb:80, -0.652, 1.034, -0.414, -260.681, -96.741, 104.492, 96.784, 16.891, -141.279, -18.060, -19.980, 59.933, 31.08, 0.00696, -0.44305, 0.75409, 0.48465
2025-06-14 21:02:37.960000,f8:a2:fd:ea:fb:80, -0.34, 1.142, -1.503, -163.025, 11.719, 39.307, 74.663, 10.607, -141.801, -21.613, -56.780, 38.820, 31.08, 0.00696, -0.44305, 0.75409, 0.48465
2025-06-14 21:02:38.077000,f8:a2:fd:ea:fb:80, -0.115, 0.833, -0.123, 53.65, 123.23, -27.893, 80.508, 13.189, -138.131, -21.613, -56.780, 38.820, 31.08, -0.20108, -0.30219, 0.56509, 0.74081
2025-06-14 21:02:38.197000,f8:a2:fd:ea:fb:80, -0.187, 1.072, -0.097, 52.002, 50.781, 2.93, 90.099, 14.799, -131.627, -21.613, -56.780, 38.820, 31.08, -0.20108, -0.30219, 0.56509, 0.74081
2025-06-14 21:02:38.317000,f8:a2:fd:ea:fb:80, -0.169, 1.051, -0.216, 36.621, 10.803, -4.456, 96.372, 14.656, -128.029, -30.607, -49.367, 47.033, 31.08, -0.20108, -0.30219, 0.56509, 0.74081
2025-06-14 21:02:38.376000,f8:a2:fd:ea:fb:80, -0.165, 0.995, -0.221, 28.076, -7.08, -4.822, 99.619, 14.793, -127.881, -30.607, -49.367, 47.033, 31.08, -0.18338, -0.40714, 0.65311, 0.61151
2025-06-14 21:02:38.499000,f8:a2:fd:ea:fb:80, -0.263, 0.996, -0.25, 40.466, -5.31, -8.118, 102.805, 15.244, -128.842, -30.607, -49.367, 47.033, 31.08, -0.18338, -0.40714, 0.65311, 0.61151
2025-06-14 21:02:38.588000,f8:a2:fd:ea:fb:80, -0.25, 1.051, -0.191, 80.811, 6.47, -27.527, 108.506, 16.529, -129.348, -30.607, -49.367, 47.033, 31.08, -0.18338, -0.40714, 0.65311, 0.61151
2025-06-14 21:02:38.677000,f8:a2:fd:ea:fb:80, 0.053, 1.679, 0.228, 160.522, -84.778, -52.917, 119.103, 20.797, -130.611, -25.387, -32.893, 53.647, 31.08, 0.01901, -0.44678, 0.76492, 0.46347
2025-06-14 21:02:38.798000,f8:a2:fd:ea:fb:80, -0.195, 1.187, -0.217, 139.221, -46.265, -49.011, 132.913, 27.944, -132.248, -25.387, -32.893, 53.647, 31.08, 0.01901, -0.44678, 0.76492, 0.46347
2025-06-14 21:02:38.888000,f8:a2:fd:ea:fb:80, -0.299, 0.416, 0.148, -71.289, 7.507, 31.86, 134.236, 28.63, -134.33, -16.353, -25.173, 61.113, 31.08, 0.01901, -0.44678, 0.76492, 0.46347
2025-06-14 21:02:39.008000,f8:a2:fd:ea:fb:80, -0.339, 0.616, -0.054, -221.619, -4.639, 92.712, 115.664, 21.764, -138.203, -16.353, -25.173, 61.113, 31.08, -0.08307, -0.34665, 0.70087, 0.61774
2025-06-14 21:02:39.098000,f8:a2:fd:ea:fb:80, -0.362, 1.285, -1.012, -256.165, -9.094, 77.087, 89.225, 14.15, -144.602, -16.353, -25.173, 61.113, 31.08, -0.08307, -0.34665, 0.70087, 0.61774
2025-06-14 21:02:39.190000,f8:a2:fd:ea:fb:80, -0.475, 0.896, -1.149, -54.26, -41.504, 33.508, 74.355, 9.525, -142.927, -23.407, -57.660, 38.420, 31.08, -0.08307, -0.34665, 0.70087, 0.61774
2025-06-14 21:02:39.277000,f8:a2:fd:ea:fb:80, -0.163, 0.781, -0.137, 67.566, 106.689, -28.381, 82.315, 13.085, -136.324, -23.407, -57.660, 38.420, 31.08, -0.21075, -0.33301, 0.57733, 0.71503
2025-06-14 21:02:39.397000,f8:a2:fd:ea:fb:80, -0.246, 1.057, -0.093, 54.504, 50.781, 0.366, 91.752, 14.194, -129.771, -23.407, -57.660, 38.420, 31.08, -0.21075, -0.33301, 0.57733, 0.71503
2025-06-14 21:02:39.488000,f8:a2:fd:ea:fb:80, -0.198, 0.994, -0.204, 40.283, 13, -9.949, 97.685, 14.524, -127.112, -23.407, -57.660, 38.420, 31.08, -0.21075, -0.33301, 0.57733, 0.71503
2025-06-14 21:02:39.578000,f8:a2:fd:ea:fb:80, -0.178, 1, -0.217, 28.748, -4.333, -6.226, 101.102, 14.963, -126.936, -31.187, -48.987, 46.760, 31.08, -0.17978, -0.42029, 0.66037, 0.59567
2025-06-14 21:02:39.698000,f8:a2:fd:ea:fb:80, -0.258, 0.98, -0.244, 44.189, 14.343, -8.911, 104.897, 15.331, -126.782, -31.187, -48.987, 46.760, 31.08, -0.17978, -0.42029, 0.66037, 0.59567
2025-06-14 21:02:39.788000,f8:a2:fd:ea:fb:80, -0.135, 1.017, -0.275, 73.792, -7.935, -21.423, 110.995, 16.441, -126.502, -26.140, -32.227, 51.807, 31.08, -0.17978, -0.42029, 0.66037, 0.59567
2025-06-14 21:02:39.878000,f8:a2:fd:ea:fb:80, -0.378, 1.555, 0.274, 147.583, -63.782, -44.128, 120.449, 20.308, -128.337, -26.140, -32.227, 51.807, 31.08, -0.17978, -0.42029, 0.66037, 0.59567
2025-06-14 21:02:39.997000,f8:a2:fd:ea:fb:80, 0, 1.084, 0.153, 139.709, -70.129, -47.791, 134.775, 26.142, -128.562, -26.140, -32.227, 51.807, 31.08, -0.17978, -0.42029, 0.66037, 0.59567
2025-06-14 21:02:40.087000,f8:a2:fd:ea:fb:80, -0.397, 0.436, 0.056, -96.619, 21.851, 42.236, 134.67, 28.751, -133.198, -16.273, -21.467, 60.787, 31.08, -0.17978, -0.42029, 0.66037, 0.59567
2025-06-14 21:02:40.177000,f8:a2:fd:ea:fb:80, -0.29, 0.652, -0.046, -235.84, -14.587, 94.971, 115.214, 21.264, -136.967, -16.273, -21.467, 60.787, 31.08, -0.08539, -0.36359, 0.70438, 0.60355
2025-06-14 21:02:40.297000,f8:a2:fd:ea:fb:80, -0.417, 1.333, -1.056, -263.062, -1.221, 77.637, 87.902, 14.013, -143.009, -16.273, -21.467, 60.787, 31.08, -0.08539, -0.36359, 0.70438, 0.60355
2025-06-14 21:02:40.388000,f8:a2:fd:ea:fb:80, -0.531, 0.816, -1.176, -10.925, -57.495, 22.095, 74.009, 9.108, -142.96, -23.333, -57.707, 37.840, 31.08, -0.08539, -0.36359, 0.70438, 0.60355
2025-06-14 21:02:40.477000,f8:a2:fd:ea:fb:80, -0.052, 0.724, -0.459, 59.875, 106.506, -25.879, 82.123, 12.821, -136.912, -23.333, -57.707, 37.840, 31.08, -0.20798, -0.32336, 0.57697, 0.72052
2025-06-14 21:02:40.597000,f8:a2:fd:ea:fb:80, -0.071, 1.054, -0.089, 58.411, 44.128, -3.357, 91.73, 13.793, -131.797, -23.333, -57.707, 37.840, 31.08, -0.20798, -0.32336, 0.57697, 0.72052
2025-06-14 21:02:40.687000,f8:a2:fd:ea:fb:80, -0.182, 1.013, -0.185, 34.058, 4.028, -3.418, 97.531, 13.848, -129.062, -30.467, -49.267, 47.513, 31.08, -0.20798, -0.32336, 0.57697, 0.72052
2025-06-14 21:02:40.776000,f8:a2:fd:ea:fb:80, -0.134, 0.953, -0.232, 34.485, -18.86, -6.714, 100.723, 14.271, -129.765, -30.467, -49.267, 47.513, 31.08, -0.17453, -0.39578, 0.66458, 0.60919
2025-06-14 21:02:40.928000,f8:a2:fd:ea:fb:80, -0.302, 1.04, -0.208, 50.72, -8.545, -15.564, 104.535, 15.189, -130.765, -30.467, -49.267, 47.513, 31.08, -0.17453, -0.39578, 0.66458, 0.60919
2025-06-14 21:02:40.988000,f8:a2:fd:ea:fb:80, 0.223, 1.186, -0.108, 101.868, -0.122, -36.56, 111.995, 17.413, -130.353, -22.393, -30.860, 55.787, 31.08, -0.17453, -0.39578, 0.66458, 0.60919
2025-06-14 21:02:41.078000,f8:a2:fd:ea:fb:80, -0.047, 1.416, -0.163, 161.316, -67.688, -61.279, 124.036, 24.164, -134.341, -22.393, -30.860, 55.787, 31.08, 0.01749, -0.43839, 0.76685, 0.46835
2025-06-14 21:02:41.197000,f8:a2:fd:ea:fb:80, -0.147, 0.521, -0.396, 68.115, -6.287, -34.668, 136.681, 29.317, -132.188, -22.393, -30.860, 55.787, 31.08, 0.01749, -0.43839, 0.76685, 0.46835
2025-06-14 21:02:41.318000,f8:a2:fd:ea:fb:80, -0.563, 0.339, 0.056, -150.085, 33.63, 45.471, 127.573, 26.658, -134.467, -16.527, -30.967, 59.793, 31.08, 0.01749, -0.43839, 0.76685, 0.46835
2025-06-14 21:02:41.378000,f8:a2:fd:ea:fb:80, -0.611, 0.922, -0.225, -246.399, -49.622, 102.844, 102.816, 18.688, -140.482, -16.527, -30.967, 59.793, 31.08, -0.14108, -0.29871, 0.63123, 0.70166
2025-06-14 21:02:41.498000,f8:a2:fd:ea:fb:80, -0.569, 1.207, -0.896, -232.117, 23.56, 79.346, 78.646, 10.459, -141.603, -16.527, -30.967, 59.793, 31.08, -0.14108, -0.29871, 0.63123, 0.70166
2025-06-14 21:02:41.588000,f8:a2:fd:ea:fb:80, -0.431, 0.713, -1.055, 37.415, 12.024, -0.366, 74.081, 8.031, -141.553, -25.240, -57.260, 37.813, 31.08, -0.14108, -0.29871, 0.63123, 0.70166
2025-06-14 21:02:41.682000,f8:a2:fd:ea:fb:80, -0.125, 0.873, 0.188, 72.571, 51.331, -13.672, 84.144, 12.376, -133.176, -25.240, -57.260, 37.813, 31.08, -0.2254, -0.35159, 0.58884, 0.69189
2025-06-14 21:02:41.798000,f8:a2:fd:ea:fb:80, -0.248, 1.075, -0.148, 57.617, 31.372, -6.042, 92.84, 13.019, -129.803, -25.240, -57.260, 37.813, 31.08, -0.2254, -0.35159, 0.58884, 0.69189
2025-06-14 21:02:41.888000,f8:a2:fd:ea:fb:80, -0.099, 0.952, -0.188, 31.86, -10.559, -6.592, 97.696, 13.546, -129.144, -30.700, -47.727, 48.620, 31.08, -0.2254, -0.35159, 0.58884, 0.69189
2025-06-14 21:02:42.008000,f8:a2:fd:ea:fb:80, -0.17, 0.972, -0.256, 35.461, 2.136, -10.254, 101.151, 14.255, -130.001, -30.700, -47.727, 48.620, 31.08, -0.17627, -0.39706, 0.66486, 0.60757
2025-06-14 21:02:42.099000,f8:a2:fd:ea:fb:80, -0.368, 1.052, -0.186, 67.322, -10.498, -18.86, 105.403, 15.057, -130.534, -30.700, -47.727, 48.620, 31.08, -0.17627, -0.39706, 0.66486, 0.60757
2025-06-14 21:02:42.188000,f8:a2:fd:ea:fb:80, -0.254, 1.356, 0.06, 131.592, -47.668, -38.757, 114.258, 18.04, -131.506, -30.700, -47.727, 48.620, 31.08, -0.17627, -0.39706, 0.66486, 0.60757
2025-06-14 21:02:42.277000,f8:a2:fd:ea:fb:80, -0.267, 1.592, -0.887, 148.254, 25.269, -90.027, 128.079, 24.423, -132.539, -20.600, -26.300, 57.653, 31.08, 0.03461, -0.45654, 0.7796, 0.42715
2025-06-14 21:02:42.427000,f8:a2:fd:ea:fb:80, -0.135, 0.483, 0.149, -17.273, -26.794, -0.854, 136.082, 27.416, -130.831, -20.600, -26.300, 57.653, 31.08, 0.03461, -0.45654, 0.7796, 0.42715
2025-06-14 21:02:42.518000,f8:a2:fd:ea:fb:80, -0.459, 0.467, -0.105, -212.952, 15.747, 64.331, 121.262, 23.676, -133.319, -20.087, -36.433, 57.020, 31.08, 0.03461, -0.45654, 0.7796, 0.42715
2025-06-14 21:02:42.611000,f8:a2:fd:ea:fb:80, -0.355, 1.32, -0.748, -262.634, -62.683, 85.449, 93.598, 16.512, -141.081, -20.087, -36.433, 57.020, 31.08, -0.18289, -0.29926, 0.57959, 0.7355
2025-06-14 21:02:42.729000,f8:a2:fd:ea:fb:80, -0.036, 1.084, -1.271, -102.905, -56.213, 38.94, 73.856, 11.096, -140.845, -20.087, -36.433, 57.020, 31.08, -0.18289, -0.29926, 0.57959, 0.7355
2025-06-14 21:02:42.878000,f8:a2:fd:ea:fb:80, -0.128, 1.453, 0.613, 77.759, 37.476, -23.132, 79.816, 12.041, -140.323, -26.127, -57.213, 40.767, 31.08, -0.18289, -0.29926, 0.57959, 0.7355
2025-06-14 21:02:42.909000,f8:a2:fd:ea:fb:80, -0.13, 1.101, -0.078, 59.814, 3.906, 3.357, 88.775, 14.112, -133.286, -26.127, -57.213, 40.767, 31.08, -0.18289, -0.29926, 0.57959, 0.7355
2025-06-14 21:02:43.028000,f8:a2:fd:ea:fb:80, -0.149, 1.035, -0.127, 52.856, 16.479, -6.165, 95.065, 13.991, -130.342, -26.127, -57.213, 40.767, 31.08, -0.19916, -0.38312, 0.63132, 0.6441
2025-06-14 21:02:43.148000,f8:a2:fd:ea:fb:80, -0.218, 0.962, -0.197, 33.997, -11.414, -3.479, 99.135, 14.255, -130.314, -26.127, -57.213, 40.767, 31.08, -0.19916, -0.38312, 0.63132, 0.6441
2025-06-14 21:02:43.269000,f8:a2:fd:ea:fb:80, -0.103, 0.988, -0.238, 38.086, -5.188, -8.24, 102.618, 14.744, -132.319, -26.093, -42.613, 52.433, 31.08, -0.19916, -0.38312, 0.63132, 0.6441
2025-06-14 21:02:43.358000,f8:a2:fd:ea:fb:80, -0.354, 1.053, -0.169, 80.2, 6.165, -26.978, 108.188, 16.216, -132.572, -26.093, -42.613, 52.433, 31.08, -0.112, -0.40765, 0.7149, 0.55682
2025-06-14 21:02:43.417000,f8:a2:fd:ea:fb:80, -0.115, 1.575, 0.125, 147.034, -35.645, -51.27, 119.844, 20.034, -132.556, -26.093, -42.613, 52.433, 31.08, -0.112, -0.40765, 0.7149, 0.55682
2025-06-14 21:02:43.509000,f8:a2:fd:ea:fb:80, -0.168, 1.466, -0.605, 148.499, 17.761, -74.829, 134.176, 25.576, -130.545, -26.093, -42.613, 52.433, 31.08, -0.112, -0.40765, 0.7149, 0.55682
2025-06-14 21:02:43.627000,f8:a2:fd:ea:fb:80, -0.329, 0.441, 0.149, -97.473, -8.301, 20.508, 134.346, 27.614, -131.99, -15.800, -18.927, 59.847, 31.08, -0.00281, -0.42633, 0.7554, 0.49747
2025-06-14 21:02:43.718000,f8:a2:fd:ea:fb:80, -0.313, 0.779, -0.127, -242.615, -29.053, 99.365, 113.758, 21.72, -136.796, -15.800, -18.927, 59.847, 31.08, -0.00281, -0.42633, 0.7554, 0.49747
2025-06-14 21:02:43.808000,f8:a2:fd:ea:fb:80, -0.247, 1.401, -0.998, -262.695, -5.554, 79.895, 86.127, 13.035, -142.971, -23.107, -56.607, 38.667, 31.08, -0.00281, -0.42633, 0.7554, 0.49747
2025-06-14 21:02:43.928000,f8:a2:fd:ea:fb:80, -0.344, 0.818, -0.905, -23.865, -42.542, 27.222, 71.334, 7.839, -142.075, -23.107, -56.607, 38.667, 31.08, -0.22604, -0.24237, 0.5368, 0.77582
2025-06-14 21:02:44.017000,f8:a2:fd:ea:fb:80, -0.279, 1.257, -0.244, 35.217, 165.894, -30.518, 78.734, 10.503, -137.856, -23.107, -56.607, 38.667, 31.08, -0.22604, -0.24237, 0.5368, 0.77582
2025-06-14 21:02:44.138000,f8:a2:fd:ea:fb:80, -0.107, 1.086, 0, 75.867, 41.687, -5.981, 89.473, 13.711, -127.617, -30.207, -54.753, 39.893, 31.08, -0.22604, -0.24237, 0.5368, 0.77582
2025-06-14 21:02:44.229000,f8:a2:fd:ea:fb:80, -0.182, 1.026, -0.225, 49.5, -0.671, -5.92, 96.68, 13.876, -124.211, -30.207, -54.753, 39.893, 31.08, -0.22998, -0.41736, 0.61649, 0.62668
2025-06-14 21:02:44.318000,f8:a2:fd:ea:fb:80, -0.133, 0.979, -0.234, 32.959, -8.911, -2.93, 100.673, 14.095, -124.525, -30.207, -54.753, 39.893, 31.08, -0.22998, -0.41736, 0.61649, 0.62668
2025-06-14 21:02:44.440000,f8:a2:fd:ea:fb:80, -0.266, 1.018, -0.234, 39.124, -17.273, -5.859, 103.755, 14.425, -126.458, -30.127, -43.560, 49.000, 31.08, -0.22998, -0.41736, 0.61649, 0.62668
2025-06-14 21:02:44.587000,f8:a2:fd:ea:fb:80, -0.251, 1.075, -0.229, 84.656, -9.766, -27.893, 109.561, 16.084, -128.463, -30.127, -43.560, 49.000, 31.08, -0.1478, -0.42346, 0.69165, 0.56598
2025-06-14 21:02:44.619000,f8:a2:fd:ea:fb:80, -0.063, 1.707, 0.292, 160.645, -59.143, -57.678, 120.531, 20.945, -130.518, -30.127, -43.560, 49.000, 31.08, -0.1478, -0.42346, 0.69165, 0.56598
2025-06-14 21:02:44.709000,f8:a2:fd:ea:fb:80, -0.039, 1.22, -0.071, 135.62, -26.611, -47.241, 135.154, 27.158, -130.155, -16.773, -20.027, 59.753, 31.08, -0.1478, -0.42346, 0.69165, 0.56598
2025-06-14 21:02:44.829000,f8:a2:fd:ea:fb:80, -0.389, 0.371, 0.057, -87.402, 20.264, 38.635, 134.127, 27.9, -133.473, -16.773, -20.027, 59.753, 31.08, 0.05801, -0.44073, 0.78479, 0.4317
2025-06-14 21:02:44.919000,f8:a2:fd:ea:fb:80, -0.38, 0.669, 0.05, -240.662, -19.958, 111.511, 112.83, 19.808, -138.329, -16.773, -20.027, 59.753, 31.08, 0.05801, -0.44073, 0.78479, 0.4317
2025-06-14 21:02:45.009000,f8:a2:fd:ea:fb:80, -0.471, 1.309, -1.065, -274.292, 24.841, 97.412, 85.325, 10.97, -145.767, -20.760, -51.107, 46.740, 31.08, 0.05801, -0.44073, 0.78479, 0.4317
2025-06-14 21:02:45.129000,f8:a2:fd:ea:fb:80, -0.811, 0.78, -1.384, -7.263, -24.17, 20.02, 73.949, 7.377, -143.696, -20.760, -51.107, 46.740, 31.08, -0.21085, -0.24606, 0.56067, 0.76193
2025-06-14 21:02:45.218000,f8:a2:fd:ea:fb:80, -0.006, 0.792, -0.423, 70.374, 107.422, -33.386, 83.276, 12.101, -136.17, -20.760, -51.107, 46.740, 31.08, -0.21085, -0.24606, 0.56067, 0.76193
2025-06-14 21:02:45.341000,f8:a2:fd:ea:fb:80, -0.252, 1.025, -0.113, 51.636, 27.344, 2.441, 91.252, 12.376, -134.385, -20.760, -51.107, 46.740, 31.08, -0.21085, -0.24606, 0.56067, 0.76193
2025-06-14 21:02:45.429000,f8:a2:fd:ea:fb:80, -0.144, 0.983, -0.183, 27.832, -2.502, -6.104, 96.235, 12.816, -132.902, -28.160, -51.527, 46.153, 31.08, -0.21085, -0.24606, 0.56067, 0.76193
2025-06-14 21:02:45.548000,f8:a2:fd:ea:fb:80, -0.203, 0.961, -0.194, 28.015, -20.142, -6.592, 98.871, 13.37, -134.055, -28.160, -51.527, 46.153, 31.08, -0.17477, -0.36484, 0.66165, 0.63123
2025-06-14 21:02:45.608000,f8:a2:fd:ea:fb:80, -0.193, 1.018, -0.188, 40.894, -1.77, -17.09, 101.975, 14.293, -136.143, -28.160, -51.527, 46.153, 31.08, -0.17477, -0.36484, 0.66165, 0.63123
2025-06-14 21:02:45.730000,f8:a2:fd:ea:fb:80, -0.061, 1.233, -0.108, 110.596, 7.874, -42.603, 108.792, 16.545, -134.714, -24.573, -35.540, 54.773, 31.08, -0.17477, -0.36484, 0.66165, 0.63123
2025-06-14 21:02:45.819000,f8:a2:fd:ea:fb:80, 0.226, 1.441, -0.251, 184.448, -67.505, -76.477, 122.563, 23.137, -137.543, -24.573, -35.540, 54.773, 31.08, 0.03494, -0.41013, 0.78049, 0.4704
2025-06-14 21:02:45.908000,f8:a2:fd:ea:fb:80, -0.132, 0.577, -0.478, 58.289, 43.335, -52.002, 136.851, 28.724, -134.335, -24.573, -35.540, 54.773, 31.08, 0.03494, -0.41013, 0.78049, 0.4704
2025-06-14 21:02:46.089000,f8:a2:fd:ea:fb:80, -0.455, 0.36, 0.013, -145.813, 11.597, 26.55, 130.743, 26.235, -133.176, -16.153, -24.800, 60.900, 31.08, 0.03494, -0.41013, 0.78049, 0.4704
2025-06-14 21:02:46.117000,f8:a2:fd:ea:fb:80, -0.515, 0.902, -0.354, -247.864, -48.279, 98.206, 107.023, 19.226, -137.571, -16.153, -24.800, 60.900, 31.08, -0.09204, -0.3739, 0.69836, 0.60324
2025-06-14 21:02:46.208000,f8:a2:fd:ea:fb:80, -0.538, 1.193, -1.082, -210.938, -2.686, 80.566, 82.282, 10.085, -144.212, -16.153, -24.800, 60.900, 31.08, -0.09204, -0.3739, 0.69836, 0.60324
2025-06-14 21:02:46.328000,f8:a2:fd:ea:fb:80, -0.153, 0.743, -0.989, 30.151, 7.996, -1.099, 75.756, 9.02, -140.361, -16.153, -24.800, 60.900, 31.08, -0.09204, -0.3739, 0.69836, 0.60324
2025-06-14 21:02:46.449000,f8:a2:fd:ea:fb:80, -0.051, 1.095, -0.573, 66.772, 78.857, -10.62, 85.04, 13.145, -132.435, -27.427, -56.453, 39.340, 31.08, -0.09204, -0.3739, 0.69836, 0.60324
2025-06-14 21:02:46.508000,f8:a2:fd:ea:fb:80, -0.163, 1.04, -0.188, 52.734, 35.645, 1.465, 92.944, 13.53, -128.221, -27.427, -56.453, 39.340, 31.08, -0.22159, -0.38412, 0.60965, 0.65695
2025-06-14 21:02:46.657000,f8:a2:fd:ea:fb:80, -0.165, 1.014, -0.224, 35.4, 6.409, -10.254, 98.179, 13.848, -126.942, -27.427, -56.453, 39.340, 31.08, -0.22159, -0.38412, 0.60965, 0.65695
2025-06-14 21:02:46.748000,f8:a2:fd:ea:fb:80, -0.221, 0.937, -0.248, 28.076, -11.963, -6.714, 101.135, 14.469, -127.744, -29.333, -45.353, 49.300, 31.08, -0.22159, -0.38412, 0.60965, 0.65695
2025-06-14 21:02:46.868000,f8:a2:fd:ea:fb:80, -0.404, 0.982, -0.225, 42.297, -11.047, -12.817, 104.376, 15.222, -128.859, -29.333, -45.353, 49.300, 31.08, -0.1478, -0.41721, 0.6853, 0.57819
2025-06-14 21:02:46.957000,f8:a2:fd:ea:fb:80, -0.05, 1.259, -0.06, 124.268, -29.907, -37.537, 112.451, 18.007, -129.935, -29.333, -45.353, 49.300, 31.08, -0.1478, -0.41721, 0.6853, 0.57819
2025-06-14 21:02:47.049000,f8:a2:fd:ea:fb:80, 0.025, 1.489, -0.623, 174.744, -27.405, -76.172, 126.848, 25.4, -133.121, -14.473, -19.420, 60.373, 31.08, -0.1478, -0.41721, 0.6853, 0.57819
2025-06-14 21:02:47.139000,f8:a2:fd:ea:fb:80, -0.053, 0.448, -0.319, 39.49, 4.517, -16.235, 137.06, 29.855, -133.412, -14.473, -19.420, 60.373, 31.08, 0.06909, -0.42886, 0.7886, 0.43503
2025-06-14 21:02:47.259000,f8:a2:fd:ea:fb:80, -0.427, 0.539, -0.114, -182.983, 33.813, 82.153, 125.969, 25.054, -137.197, -14.473, -19.420, 60.373, 31.08, 0.06909, -0.42886, 0.7886, 0.43503
2025-06-14 21:02:47.349000,f8:a2:fd:ea:fb:80, -0.577, 1.173, -0.613, -235.718, -105.408, 102.417, 100.618, 16.073, -144.536, -19.380, -45.033, 54.073, 31.08, 0.06909, -0.42886, 0.7886, 0.43503
2025-06-14 21:02:47.440000,f8:a2:fd:ea:fb:80, -0.302, 1.068, -1.161, -148.987, 19.104, 39.185, 78.739, 8.882, -144.882, -19.380, -45.033, 54.073, 31.08, -0.19583, -0.2467, 0.57199, 0.75729
2025-06-14 21:02:47.618000,f8:a2:fd:ea:fb:80, -0.015, 2.047, 0.589, 92.773, 14.221, -35.156, 79.497, 10.349, -140.949, -19.380, -45.033, 54.073, 31.08, -0.19583, -0.2467, 0.57199, 0.75729
2025-06-14 21:02:47.650000,f8:a2:fd:ea:fb:80, -0.141, 1.143, -0.223, 74.646, -20.386, 9.338, 89.28, 13.37, -135.379, -19.380, -45.033, 54.073, 31.08, -0.19583, -0.2467, 0.57199, 0.75729
2025-06-14 21:02:47.741000,f8:a2:fd:ea:fb:80, -0.126, 1.069, -0.216, 40.1, 8.728, -8.057, 95.361, 13.574, -133.017, -29.027, -49.720, 48.320, 31.08, -0.1778, -0.37411, 0.65338, 0.63358
2025-06-14 21:02:47.888000,f8:a2:fd:ea:fb:80, -0.148, 0.976, -0.19, 26.611, -8.301, -5.798, 98.789, 14.134, -132.874, -29.027, -49.720, 48.320, 31.08, -0.1778, -0.37411, 0.65338, 0.63358
2025-06-14 21:02:47.949000,f8:a2:fd:ea:fb:80, -0.178, 0.953, -0.254, 32.227, -4.761, -8.667, 101.536, 14.623, -134.182, -26.060, -39.360, 52.467, 31.08, -0.1778, -0.37411, 0.65338, 0.63358
2025-06-14 21:02:48.037000,f8:a2:fd:ea:fb:80, -0.319, 0.997, -0.179, 69.275, 25.391, -29.114, 106.177, 15.837, -134.022, -26.060, -39.360, 52.467, 31.08, -0.11987, -0.40137, 0.70819, 0.56824
2025-06-14 21:02:48.159000,f8:a2:fd:ea:fb:80, -0.326, 1.65, -0.007, 142.639, -19.47, -48.523, 117.202, 18.677, -131.825, -26.060, -39.360, 52.467, 31.08, -0.11987, -0.40137, 0.70819, 0.56824
2025-06-14 21:02:48.338000,f8:a2:fd:ea:fb:80, -0.199, 1.374, -0.601, 159.302, -24.109, -75.989, 131.765, 25.593, -132.506, -16.840, -18.547, 58.693, 31.08, -0.11987, -0.40137, 0.70819, 0.56824
2025-06-14 21:02:48.338000,f8:a2:fd:ea:fb:80, -0.094, 0.505, 0.086, -33.264, -5.005, 15.808, 136.483, 28.548, -133.912, -16.840, -18.547, 58.693, 31.08, -0.11987, -0.40137, 0.70819, 0.56824
2025-06-14 21:02:48.489000,f8:a2:fd:ea:fb:80, -0.284, 0.645, -0.083, -206.36, 12.756, 93.75, 120.064, 23.082, -138.642, -16.840, -18.547, 58.693, 31.08, 0.06656, -0.43372, 0.79144, 0.42538
2025-06-14 21:02:48.549000,f8:a2:fd:ea:fb:80, -0.523, 1.249, -0.892, -242.432, -64.209, 108.765, 93.598, 14.332, -147.909, -16.840, -18.547, 58.693, 31.08, 0.06656, -0.43372, 0.79144, 0.42538
2025-06-14 21:02:48.639000,f8:a2:fd:ea:fb:80, 0.031, 0.996, -1.392, -100.403, -14.954, 28.687, 75.58, 8.597, -145.058, -22.073, -55.127, 42.860, 31.08, -0.19653, -0.26978, 0.57437, 0.74738
2025-06-14 21:02:48.760000,f8:a2:fd:ea:fb:80, -0.152, 1.637, 0.565, 67.566, 25.574, -25.146, 82.117, 11.981, -140.334, -22.073, -55.127, 42.860, 31.08, -0.19653, -0.26978, 0.57437, 0.74738
2025-06-14 21:02:48.849000,f8:a2:fd:ea:fb:80, -0.281, 1.136, -0.169, 67.81, 24.719, 1.587, 91.527, 13.947, -132.924, -29.340, -51.513, 46.400, 31.08, -0.19653, -0.26978, 0.57437, 0.74738
2025-06-14 21:02:48.939000,f8:a2:fd:ea:fb:80, -0.159, 0.998, -0.228, 35.339, 13.184, -6.897, 97.625, 14.106, -129.161, -29.340, -51.513, 46.400, 31.08, -0.19437, -0.39743, 0.6441, 0.62393
2025-06-14 21:02:49.058000,f8:a2:fd:ea:fb:80, -0.144, 0.962, -0.206, 21.667, -4.395, -4.15, 100.173, 14.387, -129.15, -29.340, -51.513, 46.400, 31.08, -0.19437, -0.39743, 0.6441, 0.62393
2025-06-14 21:02:49.150000,f8:a2:fd:ea:fb:80, -0.253, 0.985, -0.229, 46.753, -9.827, -12.207, 103.293, 14.93, -130.446, -29.340, -51.513, 46.400, 31.08, -0.19437, -0.39743, 0.6441, 0.62393
2025-06-14 21:02:49.239000,f8:a2:fd:ea:fb:80, -0.214, 1.089, -0.163, 76.05, 21.057, -35.278, 109.083, 16.633, -130.062, -26.387, -39.753, 51.147, 31.08, -0.10568, -0.43509, 0.71442, 0.5376
2025-06-14 21:02:49.359000,f8:a2:fd:ea:fb:80, 0.002, 1.621, 0.225, 166.565, -90.576, -53.955, 119.57, 20.973, -130.408, -26.387, -39.753, 51.147, 31.08, -0.10568, -0.43509, 0.71442, 0.5376
2025-06-14 21:02:49.448000,f8:a2:fd:ea:fb:80, -0.12, 1.211, -0.286, 136.841, -39.734, -45.288, 133.841, 29.383, -134.121, -12.873, -16.733, 60.193, 31.08, -0.10568, -0.43509, 0.71442, 0.5376
2025-06-14 21:02:49.540000,f8:a2:fd:ea:fb:80, -0.225, 0.42, 0.093, -74.707, 26.184, 36.804, 136.198, 29.888, -136.148, -12.873, -16.733, 60.193, 31.08, -0.10568, -0.43509, 0.71442, 0.5376
2025-06-14 21:02:49.689000,f8:a2:fd:ea:fb:80, -0.376, 0.715, 0.036, -239.624, 8.972, 109.497, 117.147, 21.758, -140.213, -12.873, -16.733, 60.193, 31.08, 0.06293, -0.41577, 0.79001, 0.44601
2025-06-14 21:02:49.750000,f8:a2:fd:ea:fb:80, -0.309, 1.324, -1.098, -258.911, 4.639, 105.957, 89.852, 12.623, -148.683, -12.873, -16.733, 60.193, 31.08, 0.06293, -0.41577, 0.79001, 0.44601
2025-06-14 21:02:49.840000,f8:a2:fd:ea:fb:80, -0.276, 0.901, -1.297, -40.466, 18.25, 20.63, 75.081, 8.35, -143.591, -22.413, -54.707, 42.487, 31.08, -0.20996, -0.27621, 0.56897, 0.74548
2025-06-14 21:02:49.963000,f8:a2:fd:ea:fb:80, -0.146, 1.015, -0.433, 20.02, 226.074, -27.649, 82.7, 13.348, -133.835, -22.413, -54.707, 42.487, 31.08, -0.20996, -0.27621, 0.56897, 0.74548
2025-06-14 21:02:50.050000,f8:a2:fd:ea:fb:80, -0.248, 1.053, -0.141, 53.65, 68.665, -1.465, 92.521, 14.573, -126.101, -22.413, -54.707, 42.487, 31.08, -0.20996, -0.27621, 0.56897, 0.74548
2025-06-14 21:02:50.141000,f8:a2:fd:ea:fb:80, -0.124, 1.001, -0.206, 31.616, 11.169, -6.897, 98.229, 14.694, -122.629, -33.840, -49.267, 42.400, 31.08, -0.20996, -0.27621, 0.56897, 0.74548
2025-06-14 21:02:50.260000,f8:a2:fd:ea:fb:80, -0.163, 0.961, -0.217, 29.053, -15.93, -0.183, 100.981, 14.766, -123.536, -33.840, -49.267, 42.400, 31.08, -0.21396, -0.43472, 0.63232, 0.60437
2025-06-14 21:02:50.349000,f8:a2:fd:ea:fb:80, -0.267, 0.957, -0.205, 52.917, -5.615, -8.667, 104.518, 15.029, -124.942, -33.840, -49.267, 42.400, 31.08, -0.21396, -0.43472, 0.63232, 0.60437
2025-06-14 21:02:50.439000,f8:a2:fd:ea:fb:80, -0.161, 1.362, 0.007, 145.63, -36.804, -25.513, 113.676, 17.04, -125.689, -33.840, -49.267, 42.400, 31.1, -0.21396, -0.43472, 0.63232, 0.60437
2025-06-14 21:02:50.559000,f8:a2:fd:ea:fb:80, -0.216, 1.583, -0.934, 198.364, -103.638, -41.077, 129.529, 24.23, -131.765, -33.840, -49.267, 42.400, 31.1, -0.21396, -0.43472, 0.63232, 0.60437
2025-06-14 21:02:50.649000,f8:a2:fd:ea:fb:80, -0.524, 0.589, 0.253, -8.911, 1.465, 25.146, 135.45, 26.488, -136.95, -18.187, -16.220, 60.513, 31.1, -0.21396, -0.43472, 0.63232, 0.60437
2025-06-14 21:02:50.739000,f8:a2:fd:ea:fb:80, -0.333, 0.516, -0.047, -210.693, 23.193, 64.941, 118.927, 18.929, -137.164, -18.187, -16.220, 60.513, 31.1, -0.06937, -0.37451, 0.74347, 0.54959
2025-06-14 21:02:50.890000,f8:a2:fd:ea:fb:80, -0.335, 1.19, -0.705, -247.253, -98.45, 85.693, 92.241, 13.799, -147.162, -18.187, -16.220, 60.513, 31.1, -0.06937, -0.37451, 0.74347, 0.54959
2025-06-14 21:02:50.981000,f8:a2:fd:ea:fb:80, -0.102, 0.912, -1.228, -74.646, 12.939, 9.827, 74.691, 10.981, -142.575, -18.187, -16.220, 60.513, 31.1, -0.06937, -0.37451, 0.74347, 0.54959
2025-06-14 21:02:51.070000,f8:a2:fd:ea:fb:80, -0.006, 1.297, 0.337, 66.772, 52.429, -20.447, 80.359, 13.211, -140.378, -23.173, -58.227, 38.093, 31.1, -0.06937, -0.37451, 0.74347, 0.54959
2025-06-14 21:02:51.220000,f8:a2:fd:ea:fb:80, -0.187, 1.124, -0.103, 54.138, 16.113, 4.333, 89.231, 14.645, -135.363, -23.173, -58.227, 38.093, 31.1, -0.18677, -0.34485, 0.60193, 0.69553
2025-06-14 21:02:51.281000,f8:a2:fd:ea:fb:80, -0.184, 1.024, -0.164, 34.973, 17.212, -6.836, 95.026, 14.546, -131.896, -23.173, -58.227, 38.093, 31.1, -0.18677, -0.34485, 0.60193, 0.69553
2025-06-14 21:02:51.369000,f8:a2:fd:ea:fb:80, -0.129, 0.952, -0.2, 27.466, -9.766, -4.639, 98.344, 14.711, -131.748, -27.707, -48.153, 50.260, 31.1, -0.16229, -0.38239, 0.66452, 0.62109
2025-06-14 21:02:51.489000,f8:a2:fd:ea:fb:80, -0.193, 0.995, -0.216, 40.1, -1.526, -11.536, 101.426, 15.2, -132.891, -27.707, -48.153, 50.260, 31.1, -0.16229, -0.38239, 0.66452, 0.62109
2025-06-14 21:02:51.579000,f8:a2:fd:ea:fb:80, -0.178, 1.095, -0.192, 77.087, 26.428, -33.447, 107.144, 16.65, -132.144, -21.653, -31.787, 53.653, 31.1, -0.16229, -0.38239, 0.66452, 0.62109
2025-06-14 21:02:51.700000,f8:a2:fd:ea:fb:80, 0.008, 1.802, 0.226, 168.701, -49.133, -54.077, 118.625, 20.808, -132.325, -21.653, -31.787, 53.653, 31.1, -0.00073, -0.42743, 0.76071, 0.48837
2025-06-14 21:02:51.790000,f8:a2:fd:ea:fb:80, -0.049, 1.335, -0.626, 129.639, -7.141, -65.002, 133.325, 28.229, -133.088, -21.653, -31.787, 53.653, 31.1, -0.00073, -0.42743, 0.76071, 0.48837
2025-06-14 21:02:51.880000,f8:a2:fd:ea:fb:80, -0.196, 0.414, 0.079, -73.242, 21.301, 19.47, 135.242, 28.63, -132.578, -16.980, -25.327, 59.427, 31.1, -0.00073, -0.42743, 0.76071, 0.48837
2025-06-14 21:02:51.969000,f8:a2:fd:ea:fb:80, -0.235, 0.625, -0.095, -234.68, -4.517, 94.116, 115.856, 21.764, -135.687, -16.980, -25.327, 59.427, 31.1, -0.09094, -0.36127, 0.6972, 0.6124
2025-06-14 21:02:52.091000,f8:a2:fd:ea:fb:80, -0.326, 1.41, -1.096, -257.812, -37.72, 104.309, 87.605, 13.184, -145.547, -16.980, -25.327, 59.427, 31.1, -0.09094, -0.36127, 0.6972, 0.6124
2025-06-14 21:02:52.180000,f8:a2:fd:ea:fb:80, -0.629, 0.896, -1.333, -40.466, -11.719, 23.682, 73.218, 9.157, -141.152, -26.240, -57.533, 37.547, 31.1, -0.09094, -0.36127, 0.6972, 0.6124
2025-06-14 21:02:52.270000,f8:a2:fd:ea:fb:80, -0.074, 0.701, -0.607, 33.691, 147.583, -29.785, 81.42, 13.134, -133.462, -26.240, -57.533, 37.547, 31.1, -0.23059, -0.35974, 0.57465, 0.69791
2025-06-14 21:02:52.419000,f8:a2:fd:ea:fb:80, -0.205, 1.045, -0.129, 51.697, 41.443, 1.953, 89.962, 13.343, -130.507, -26.240, -57.533, 37.547, 31.1, -0.23059, -0.35974, 0.57465, 0.69791
2025-06-14 21:02:52.511000,f8:a2:fd:ea:fb:80, -0.149, 1.019, -0.19, 37.292, 24.841, -9.216, 95.647, 13.64, -127.359, -31.233, -48.467, 46.120, 31.1, -0.23059, -0.35974, 0.57465, 0.69791
2025-06-14 21:02:52.599000,f8:a2:fd:ea:fb:80, -0.196, 0.973, -0.199, 35.522, -9.583, -6.592, 99.069, 14.079, -127.991, -31.233, -48.467, 46.120, 31.1, -0.18912, -0.40399, 0.65308, 0.61188
2025-06-14 21:02:52.690000,f8:a2:fd:ea:fb:80, -0.299, 1.016, -0.223, 57.068, -11.902, -13.611, 103.596, 14.854, -129.012, -31.233, -48.467, 46.120, 31.1, -0.18912, -0.40399, 0.65308, 0.61188
2025-06-14 21:02:52.781000,f8:a2:fd:ea:fb:80, -0.111, 1.217, -0.144, 112.976, -3.662, -36.865, 111.16, 16.826, -128.408, -25.027, -32.860, 51.980, 31.1, -0.18912, -0.40399, 0.65308, 0.61188
2025-06-14 21:02:52.869000,f8:a2:fd:ea:fb:80, 0.087, 1.368, -0.48, 181.519, -80.261, -68.237, 124.052, 23.791, -133.209, -25.027, -32.860, 51.980, 31.1, -0.00784, -0.43185, 0.75729, 0.48972
2025-06-14 21:02:52.990000,f8:a2:fd:ea:fb:80, -0.077, 0.535, -0.288, 57.068, -12.756, -16.174, 136.692, 28.976, -133.643, -25.027, -32.860, 51.980, 31.1, -0.00784, -0.43185, 0.75729, 0.48972
2025-06-14 21:02:53.080000,f8:a2:fd:ea:fb:80, -0.617, 0.441, -0.083, -143.005, 16.968, 61.89, 129.622, 26.125, -136.566, -16.413, -23.447, 60.693, 31.1, -0.00784, -0.43185, 0.75729, 0.48972
2025-06-14 21:02:53.200000,f8:a2:fd:ea:fb:80, -0.656, 0.968, -0.249, -236.389, -100.403, 100.586, 105.71, 17.836, -142.668, -16.413, -23.447, 60.693, 31.1, -0.07669, -0.33405, 0.71149, 0.61334
2025-06-14 21:02:53.290000,f8:a2:fd:ea:fb:80, -0.6, 1.2, -1.062, -220.52, 42.297, 67.383, 80.953, 9.635, -146.827, -16.413, -23.447, 60.693, 31.1, -0.07669, -0.33405, 0.71149, 0.61334
2025-06-14 21:02:53.412000,f8:a2:fd:ea:fb:80, -0.493, 0.712, -1.111, 70.801, 7.019, -10.925, 75.668, 9.146, -142.949, -24.527, -57.347, 40.347, 31.1, -0.07669, -0.33405, 0.71149, 0.61334
2025-06-14 21:02:53.470000,f8:a2:fd:ea:fb:80, -0.137, 1.07, 0.019, 73.914, 36.133, -9.766, 85.496, 13.271, -135.802, -24.527, -57.347, 40.347, 31.1, -0.20169, -0.33224, 0.59274, 0.70532
2025-06-14 21:02:53.590000,f8:a2:fd:ea:fb:80, -0.158, 1.019, -0.128, 42.175, 32.593, -3.662, 93.109, 13.541, -133.022, -24.527, -57.347, 40.347, 31.1, -0.20169, -0.33224, 0.59274, 0.70532
2025-06-14 21:02:53.711000,f8:a2:fd:ea:fb:80, -0.173, 0.996, -0.181, 30.029, 0.366, -9.705, 97.564, 13.975, -131.572, -28.927, -48.060, 49.740, 31.1, -0.20169, -0.33224, 0.59274, 0.70532
2025-06-14 21:02:53.771000,f8:a2:fd:ea:fb:80, -0.17, 0.962, -0.241, 36.316, -10.254, -10.132, 100.789, 14.727, -132.517, -28.927, -48.060, 49.740, 31.1, -0.16409, -0.38239, 0.66653, 0.61844
2025-06-14 21:02:53.889000,f8:a2:fd:ea:fb:80, -0.274, 0.987, -0.209, 50.293, -5.188, -19.531, 104.854, 15.815, -132.984, -28.927, -48.060, 49.740, 31.1, -0.16409, -0.38239, 0.66653, 0.61844
2025-06-14 21:02:54.010000,f8:a2:fd:ea:fb:80, -0.154, 1.19, -0.153, 107.483, 5.31, -45.288, 112.906, 18.276, -130.93, -22.580, -31.460, 52.840, 31.1, -0.16409, -0.38239, 0.66653, 0.61844
2025-06-14 21:02:54.070000,f8:a2:fd:ea:fb:80, -0.078, 1.312, -0.55, 190.002, -125.244, -59.692, 125.068, 25.845, -135.78, -22.580, -31.460, 52.840, 31.1, 0.00595, -0.42242, 0.75949, 0.49457
2025-06-14 21:02:54.190000,f8:a2:fd:ea:fb:80, -0.081, 0.718, -0.059, 56.946, 0, -6.592, 136.714, 30.048, -136.373, -22.580, -31.460, 52.840, 31.1, 0.00595, -0.42242, 0.75949, 0.49457
2025-06-14 21:02:54.312000,f8:a2:fd:ea:fb:80, -0.442, 0.467, -0.075, -144.897, 43.762, 71.289, 127.227, 24.988, -139.444, -15.713, -21.967, 61.160, 31.1, 0.00595, -0.42242, 0.75949, 0.49457
2025-06-14 21:02:54.370000,f8:a2:fd:ea:fb:80, -0.697, 1.009, -0.284, -234.375, -91.248, 104.431, 102.316, 16.117, -146.217, -15.713, -21.967, 61.160, 31.1, -0.07288, -0.31467, 0.71704, 0.61755
2025-06-14 21:02:54.492000,f8:a2:fd:ea:fb:80, -0.563, 1.229, -1.114, -238.525, 59.143, 53.528, 77.525, 8.119, -145.717, -15.713, -21.967, 61.160, 31.1, -0.07288, -0.31467, 0.71704, 0.61755
2025-06-14 21:02:54.580000,f8:a2:fd:ea:fb:80, -0.298, 1.035, -1.02, 97.473, -24.597, -18.738, 76.091, 9.558, -141.114, -25.207, -56.340, 40.127, 31.1, -0.07288, -0.31467, 0.71704, 0.61755
2025-06-14 21:02:54.671000,f8:a2:fd:ea:fb:80, -0.156, 0.969, 0.128, 85.327, 5.127, -5.676, 85.836, 13.398, -133.132, -25.207, -56.340, 40.127, 31.1, -0.21097, -0.35489, 0.59879, 0.68622
2025-06-14 21:02:54.789000,f8:a2:fd:ea:fb:80, -0.168, 1.023, -0.226, 38.635, 16.174, -4.578, 93.318, 13.574, -130.616, -25.207, -56.340, 40.127, 31.1, -0.21097, -0.35489, 0.59879, 0.68622
2025-06-14 21:02:54.881000,f8:a2:fd:ea:fb:80, -0.111, 0.966, -0.168, 23.621, -10.742, -4.7, 96.943, 13.854, -130.243, -25.207, -56.340, 40.127, 31.1, -0.21097, -0.35489, 0.59879, 0.68622
2025-06-14 21:02:55.002000,f8:a2:fd:ea:fb:80, -0.21, 0.943, -0.201, 31.738, -3.906, -8.24, 99.437, 14.299, -131.776, -29.933, -47.033, 48.720, 31.1, -0.21097, -0.35489, 0.59879, 0.68622
2025-06-14 21:02:55.150000,f8:a2:fd:ea:fb:80, -0.353, 0.983, -0.149, 60.669, -0.061, -21.667, 103.398, 15.249, -132.484, -29.933, -47.033, 48.720, 31.1, -0.16629, -0.38501, 0.66711, 0.6156
2025-06-14 21:02:55.212000,f8:a2:fd:ea:fb:80, -0.095, 1.423, -0.143, 136.78, -25.391, -45.898, 113.181, 18.007, -131.429, -29.933, -47.033, 48.720, 31.1, -0.16629, -0.38501, 0.66711, 0.6156
2025-06-14 21:02:55.331000,f8:a2:fd:ea:fb:80, -0.157, 1.505, -0.823, 177.063, -45.593, -84.717, 127.359, 26.873, -136.615, -15.587, -21.553, 57.847, 31.1, -0.16629, -0.38501, 0.66711, 0.6156
2025-06-14 21:02:55.420000,f8:a2:fd:ea:fb:80, -0.112, 0.645, -0.027, 16.052, -11.841, -2.563, 137.428, 29.487, -134.962, -15.587, -21.553, 57.847, 31.1, 0.08536, -0.42853, 0.79755, 0.41577
2025-06-14 21:02:55.510000,f8:a2:fd:ea:fb:80, -0.612, 0.492, -0.151, -176.941, 13.184, 67.627, 125.843, 24.944, -137.659, -15.587, -21.553, 57.847, 31.1, 0.08536, -0.42853, 0.79755, 0.41577
2025-06-14 21:02:55.601000,f8:a2:fd:ea:fb:80, -0.621, 1.144, -0.594, -243.347, -106.445, 104.37, 98.915, 16.606, -146.085, -18.640, -44.920, 54.720, 31.1, 0.08536, -0.42853, 0.79755, 0.41577
2025-06-14 21:02:55.719000,f8:a2:fd:ea:fb:80, -0.059, 0.985, -1.435, -144.104, 4.15, 34.058, 78.041, 10.355, -143.267, -18.640, -44.920, 54.720, 31.1, -0.19278, -0.26358, 0.56888, 0.75473
2025-06-14 21:02:55.810000,f8:a2:fd:ea:fb:80, -0.066, 1.307, 0.367, 66.589, 75.134, -23.682, 83.221, 13.162, -138.076, -18.640, -44.920, 54.720, 31.1, -0.19278, -0.26358, 0.56888, 0.75473
2025-06-14 21:02:55.930000,f8:a2:fd:ea:fb:80, -0.24, 1.174, -0.205, 73.914, 26.917, 5.249, 93.175, 14.837, -131.144, -29.567, -52.020, 45.920, 31.1, -0.19278, -0.26358, 0.56888, 0.75473
2025-06-14 21:02:56.019000,f8:a2:fd:ea:fb:80, -0.143, 1.024, -0.265, 34.363, 16.663, -6.775, 100.069, 14.821, -126.865, -29.567, -52.020, 45.920, 31.1, -0.19604, -0.41449, 0.64343, 0.61288
2025-06-14 21:02:56.110000,f8:a2:fd:ea:fb:80, -0.145, 0.968, -0.235, 18.921, -15.137, -4.395, 102.442, 15.117, -127.557, -29.567, -52.020, 45.920, 31.1, -0.19604, -0.41449, 0.64343, 0.61288
2025-06-14 21:02:56.201000,f8:a2:fd:ea:fb:80, -0.261, 0.929, -0.258, 43.03, -2.014, -11.597, 105.573, 15.815, -129.161, -26.873, -39.147, 51.020, 31.1, -0.19604, -0.41449, 0.64343, 0.61288
2025-06-14 21:02:56.320000,f8:a2:fd:ea:fb:80, -0.311, 1.011, -0.252, 73.975, 16.602, -30.151, 111.588, 17.254, -128.474, -26.873, -39.147, 51.020, 31.1, -0.12979, -0.4313, 0.69974, 0.55441
2025-06-14 21:02:56.410000,f8:a2:fd:ea:fb:80, -0.139, 1.686, 0.216, 169.067, -110.229, -46.143, 122.305, 22.291, -131.342, -26.873, -39.147, 51.020, 31.1, -0.12979, -0.4313, 0.69974, 0.55441
2025-06-14 21:02:56.531000,f8:a2:fd:ea:fb:80, -0.048, 0.701, -0.398, 88.44, -3.357, -34.424, 135.577, 29.152, -133.638, -14.267, -17.153, 58.887, 31.1, -0.12979, -0.4313, 0.69974, 0.55441
2025-06-14 21:02:56.621000,f8:a2:fd:ea:fb:80, -0.554, 0.436, 0.054, -119.019, 23.499, 47.668, 132.231, 27.334, -135.599, -14.267, -17.153, 58.887, 31.1, 0.05136, -0.42426, 0.78644, 0.44586
2025-06-14 21:02:56.710000,f8:a2:fd:ea:fb:80, -0.59, 0.79, -0.129, -247.925, -67.81, 116.638, 109.902, 19.534, -141.493, -14.267, -17.153, 58.887, 31.1, 0.05136, -0.42426, 0.78644, 0.44586
2025-06-14 21:02:56.801000,f8:a2:fd:ea:fb:80, -0.63, 1.236, -1.208, -245.605, 47.119, 83.74, 82.996, 10.074, -149.376, -20.687, -52.593, 47.120, 31.1, 0.05136, -0.42426, 0.78644, 0.44586
2025-06-14 21:02:56.921000,f8:a2:fd:ea:fb:80, -0.569, 0.609, -1.257, 60.303, 22.461, -2.93, 74.504, 8.597, -143.564, -20.687, -52.593, 47.120, 31.1, -0.20172, -0.26144, 0.56631, 0.75507
2025-06-14 21:02:57.011000,f8:a2:fd:ea:fb:80, -0.101, 0.787, 0.045, 86.609, 54.138, -20.996, 85.067, 13.777, -133.561, -20.687, -52.593, 47.120, 31.1, -0.20172, -0.26144, 0.56631, 0.75507
2025-06-14 21:02:57.102000,f8:a2:fd:ea:fb:80, -0.187, 1.009, -0.153, 54.199, 44.067, -6.531, 94.598, 14.326, -128.881, -30.687, -50.513, 46.207, 31.1, -0.20172, -0.26144, 0.56631, 0.75507
2025-06-14 21:02:57.220000,f8:a2:fd:ea:fb:80, -0.19, 1.006, -0.263, 30.457, 0.61, -7.446, 99.426, 14.727, -126.953, -30.687, -50.513, 46.207, 31.1, -0.19955, -0.41153, 0.63907, 0.61829
2025-06-14 21:02:57.311000,f8:a2:fd:ea:fb:80, -0.168, 0.931, -0.28, 31.189, -18.86, -5.005, 102.321, 15.145, -127.985, -30.687, -50.513, 46.207, 31.1, -0.19955, -0.41153, 0.63907, 0.61829
2025-06-14 21:02:57.400000,f8:a2:fd:ea:fb:80, -0.339, 0.921, -0.241, 44.006, -7.141, -18.372, 105.441, 16.139, -129.875, -26.893, -38.020, 50.893, 31.1, -0.19955, -0.41153, 0.63907, 0.61829
2025-06-14 21:02:57.521000,f8:a2:fd:ea:fb:80, -0.193, 1.16, -0.124, 115.112, -30.273, -37.659, 113.06, 18.688, -129.287, -26.893, -38.020, 50.893, 31.1, -0.11456, -0.43271, 0.70325, 0.55228
2025-06-14 21:02:57.609000,f8:a2:fd:ea:fb:80, 0.012, 1.502, -0.652, 170.715, -34.119, -65.308, 126.024, 24.917, -132.583, -26.893, -38.020, 50.893, 31.1, -0.11456, -0.43271, 0.70325, 0.55228
2025-06-14 21:02:57.701000,f8:a2:fd:ea:fb:80, -0.184, 0.679, -0.329, 32.959, -0.061, -10.254, 136.631, 29.784, -133.616, -14.533, -17.127, 59.847, 31.1, -0.11456, -0.43271, 0.70325, 0.55228
2025-06-14 21:02:57.820000,f8:a2:fd:ea:fb:80, -0.605, 0.451, -0.118, -155.884, 28.503, 66.772, 126.447, 25.302, -136.544, -14.533, -17.127, 59.847, 31.1, 0.02963, -0.41827, 0.7767, 0.46991
2025-06-14 21:02:57.946000,f8:a2:fd:ea:fb:80, -0.508, 0.951, -0.327, -247.925, -78.125, 98.755, 101.091, 16.902, -143.877, -14.533, -17.127, 59.847, 31.1, 0.02963, -0.41827, 0.7767, 0.46991
2025-06-14 21:02:58.000000,f8:a2:fd:ea:fb:80, -0.541, 1.111, -1.062, -195.496, 32.471, 55.908, 78.58, 10.311, -143.778, -14.533, -17.127, 59.847, 31.1, 0.02963, -0.41827, 0.7767, 0.46991
2025-06-14 21:02:58.121000,f8:a2:fd:ea:fb:80, -0.268, 0.659, -1.035, 78.43, 4.333, -5.859, 78.629, 10.761, -139.845, -23.413, -55.900, 40.507, 31.1, -0.21146, -0.3349, 0.57693, 0.71426
2025-06-14 21:02:58.211000,f8:a2:fd:ea:fb:80, -0.13, 0.72, 0.008, 86.243, 14.709, -7.263, 88.857, 14.952, -129.512, -23.413, -55.900, 40.507, 31.1, -0.21146, -0.3349, 0.57693, 0.71426
2025-06-14 21:02:58.301000,f8:a2:fd:ea:fb:80, -0.161, 1.048, -0.177, 48.218, 12.207, -4.333, 96.125, 14.42, -126.612, -32.200, -49.073, 45.380, 31.1, -0.21146, -0.3349, 0.57693, 0.71426
2025-06-14 21:02:58.420000,f8:a2:fd:ea:fb:80, -0.17, 1.009, -0.262, 28.564, -10.193, -3.235, 100.25, 14.634, -126.129, -32.200, -49.073, 45.380, 31.1, -0.19818, -0.41745, 0.64435, 0.60922
2025-06-14 21:02:58.510000,f8:a2:fd:ea:fb:80, -0.224, 0.917, -0.269, 27.161, -19.287, -7.874, 102.733, 15.007, -127.529, -32.200, -49.073, 45.380, 31.1, -0.19818, -0.41745, 0.64435, 0.60922
2025-06-14 21:02:58.603000,f8:a2:fd:ea:fb:80, -0.486, 1.002, -0.226, 63.599, 4.517, -24.475, 106.331, 16.254, -129.227, -28.000, -38.113, 49.833, 31.1, -0.19818, -0.41745, 0.64435, 0.60922
2025-06-14 21:02:58.751000,f8:a2:fd:ea:fb:80, -0.123, 1.723, 0.041, 151.855, -90.149, -44.495, 115.746, 19.671, -129.633, -28.000, -38.113, 49.833, 31.1, -0.1084, -0.43704, 0.70822, 0.54364
2025-06-14 21:02:58.810000,f8:a2:fd:ea:fb:80, -0.135, 1.44, -0.59, 160.706, -20.447, -63.721, 130.122, 27.032, -133.187, -28.000, -38.113, 49.833, 31.1, -0.1084, -0.43704, 0.70822, 0.54364
2025-06-14 21:02:58.901000,f8:a2:fd:ea:fb:80, -0.162, 0.472, 0.006, -38.391, 18.005, 25.452, 134.951, 29.218, -135.297, -14.360, -17.100, 60.120, 31.1, 0.03821, -0.41382, 0.7793, 0.4689
2025-06-14 21:02:59.022000,f8:a2:fd:ea:fb:80, -0.355, 0.571, -0.085, -209.229, 24.597, 83.862, 119.592, 23.132, -138.664, -14.360, -17.100, 60.120, 31.1, 0.03821, -0.41382, 0.7793, 0.4689
2025-06-14 21:02:59.112000,f8:a2:fd:ea:fb:80, -0.524, 1.27, -0.88, -248.169, -68.481, 101.624, 92.955, 14.474, -146.695, -19.980, -49.660, 49.880, 31.1, 0.03821, -0.41382, 0.7793, 0.4689
2025-06-14 21:02:59.313000,f8:a2:fd:ea:fb:80, 0.208, 1.025, -1.408, -86.304, 13.184, 21.851, 74.399, 8.569, -144.283, -19.980, -49.660, 49.880, 31.1, -0.20703, -0.24554, 0.54965, 0.77112
2025-06-14 21:02:59.351000,f8:a2:fd:ea:fb:80, -0.246, 2.035, 0.724, 61.34, 5.371, -6.531, 80.25, 11.327, -140.153, -19.980, -49.660, 49.880, 31.1, -0.20703, -0.24554, 0.54965, 0.77112
2025-06-14 21:02:59.442000,f8:a2:fd:ea:fb:80, -0.205, 1.149, -0.03, 70.862, 19.348, 1.221, 89.769, 13.931, -131.929, -29.440, -51.147, 46.113, 31.1, -0.20703, -0.24554, 0.54965, 0.77112
2025-06-14 21:02:59.530000,f8:a2:fd:ea:fb:80, -0.143, 0.999, -0.225, 46.692, 0.244, -6.836, 96.768, 14.068, -129.435, -29.440, -51.147, 46.113, 31.1, -0.19501, -0.39206, 0.64066, 0.63065
2025-06-14 21:02:59.651000,f8:a2:fd:ea:fb:80, -0.206, 0.977, -0.231, 25.024, -7.507, -3.357, 99.871, 14.326, -130.117, -29.440, -51.147, 46.113, 31.1, -0.19501, -0.39206, 0.64066, 0.63065
2025-06-14 21:02:59.774000,f8:a2:fd:ea:fb:80, -0.148, 1.002, -0.24, 29.968, -10.071, -8.911, 102.53, 14.777, -131.44, -29.440, -51.147, 46.113, 31.1, -0.19501, -0.39206, 0.64066, 0.63065
2025-06-14 21:02:59.831000,f8:a2:fd:ea:fb:80, -0.185, 1.12, -0.217, 65.979, 21.057, -30.396, 107.523, 16.364, -130.748, -26.873, -39.040, 51.587, 31.1, -0.19501, -0.39206, 0.64066, 0.63065
2025-06-14 21:02:59.950000,f8:a2:fd:ea:fb:80, -0.351, 1.546, 0.033, 138.123, -48.035, -50.415, 117.938, 20.55, -130.864, -26.873, -39.040, 51.587, 31.1, -0.0264, -0.43338, 0.7471, 0.5032
2025-06-14 21:03:00.040000,f8:a2:fd:ea:fb:80, -0.055, 1.595, -0.811, 171.997, -29.602, -77.698, 132.319, 28.586, -133.473, -26.873, -39.040, 51.587, 31.1, -0.0264, -0.43338, 0.7471, 0.5032
2025-06-14 21:03:00.162000,f8:a2:fd:ea:fb:80, -0.232, 0.546, 0.004, -24.719, 5.676, 18.127, 136.566, 29.614, -134.165, -14.580, -18.447, 60.573, 31.1, -0.0264, -0.43338, 0.7471, 0.5032
2025-06-14 21:03:00.250000,f8:a2:fd:ea:fb:80, -0.388, 0.621, 0.014, -232.544, -2.625, 107.788, 118.916, 22.648, -138.483, -14.580, -18.447, 60.573, 31.1, -0.02487, -0.38828, 0.75073, 0.53378
2025-06-14 21:03:00.341000,f8:a2:fd:ea:fb:80, -0.369, 1.305, -1.007, -260.864, -16.602, 112.061, 91.159, 13.315, -148.821, -14.580, -18.447, 60.573, 31.1, -0.02487, -0.38828, 0.75073, 0.53378
2025-06-14 21:03:00.462000,f8:a2:fd:ea:fb:80, -0.409, 0.866, -1.294, -50.964, -19.409, 34.851, 73.757, 7.234, -145.047, -23.253, -56.160, 40.120, 31.1, -0.02487, -0.38828, 0.75073, 0.53378
2025-06-14 21:03:00.581000,f8:a2:fd:ea:fb:80, -0.056, 0.735, -0.498, 32.776, 166.87, -34.363, 79.838, 10.629, -138.571, -23.253, -56.160, 40.120, 31.1, -0.21445, -0.29242, 0.57251, 0.73526
2025-06-14 21:03:00.640000,f8:a2:fd:ea:fb:80, -0.113, 1.177, -0.113, 74.28, 4.883, -3.296, 89.769, 12.936, -132.407, -23.253, -56.160, 40.120, 31.1, -0.21445, -0.29242, 0.57251, 0.73526
2025-06-14 21:03:00.730000,f8:a2:fd:ea:fb:80, -0.189, 1.012, -0.23, 35.583, 10.254, -11.047, 96.064, 13.689, -129.21, -31.220, -48.507, 47.133, 31.1, -0.21445, -0.29242, 0.57251, 0.73526
2025-06-14 21:03:00.854000,f8:a2:fd:ea:fb:80, -0.187, 0.968, -0.199, 27.466, -13.977, -7.996, 99.003, 14.337, -129.694, -31.220, -48.507, 47.133, 31.1, -0.18088, -0.39337, 0.6539, 0.62036
2025-06-14 21:03:00.942000,f8:a2:fd:ea:fb:80, -0.337, 0.978, -0.219, 44.556, -12.085, -15.869, 102.123, 15.282, -131.342, -31.220, -48.507, 47.133, 31.1, -0.18088, -0.39337, 0.6539, 0.62036
2025-06-14 21:03:01.032000,f8:a2:fd:ea:fb:80, -0.257, 1.139, -0.116, 112.427, 11.719, -41.626, 109.539, 17.408, -130.133, -25.827, -34.613, 53.567, 31.1, -0.18088, -0.39337, 0.6539, 0.62036
2025-06-14 21:03:01.151000,f8:a2:fd:ea:fb:80, 0.008, 1.427, -0.138, 188.354, -99.304, -65.125, 122.844, 24.395, -134.352, -25.827, -34.613, 53.567, 31.1, -0.01031, -0.42606, 0.75192, 0.50287
2025-06-14 21:03:01.244000,f8:a2:fd:ea:fb:80, -0.087, 0.69, -0.259, 56.519, 23.682, -35.339, 135.972, 28.608, -131.83, -25.827, -34.613, 53.567, 31.1, -0.01031, -0.42606, 0.75192, 0.50287
2025-06-14 21:03:01.332000,f8:a2:fd:ea:fb:80, -0.476, 0.471, -0.049, -138.55, 26.489, 43.64, 128.798, 25.159, -132.55, -19.547, -24.293, 59.767, 31.1, -0.01031, -0.42606, 0.75192, 0.50287
2025-06-14 21:03:01.451000,f8:a2:fd:ea:fb:80, -0.717, 0.944, -0.26, -221.619, -109.314, 94.116, 105.183, 18.232, -139.471, -19.547, -24.293, 59.767, 31.1, -0.0871, -0.36862, 0.70633, 0.59793
2025-06-14 21:03:01.542000,f8:a2:fd:ea:fb:80, -0.448, 1.079, -0.922, -215.576, 27.527, 66.711, 81.991, 10.168, -142.581, -19.547, -24.293, 59.767, 31.1, -0.0871, -0.36862, 0.70633, 0.59793
2025-06-14 21:03:01.631000,f8:a2:fd:ea:fb:80, -0.212, 0.628, -1.105, 52.185, 11.597, -3.357, 79.074, 10.541, -138.818, -26.040, -54.473, 42.133, 31.1, -0.0871, -0.36862, 0.70633, 0.59793
2025-06-14 21:03:01.751000,f8:a2:fd:ea:fb:80, -0.102, 0.815, -0.378, 58.716, 78.125, -14.832, 88.61, 14.035, -130.924, -26.040, -54.473, 42.133, 31.1, -0.21646, -0.37576, 0.60361, 0.66895
2025-06-14 21:03:01.901000,f8:a2:fd:ea:fb:80, -0.251, 1.019, -0.207, 50.72, 49.072, -3.418, 96.29, 13.694, -126.892, -26.040, -54.473, 42.133, 31.1, -0.21646, -0.37576, 0.60361, 0.66895
2025-06-14 21:03:01.935000,f8:a2:fd:ea:fb:80, -0.063, 0.985, -0.259, 23.682, -11.23, -3.357, 100.338, 14.008, -126.134, -26.040, -54.473, 42.133, 31.1, -0.21646, -0.37576, 0.60361, 0.66895
2025-06-14 21:03:02.051000,f8:a2:fd:ea:fb:80, -0.138, 0.964, -0.272, 30.457, -13.062, -4.578, 102.541, 14.37, -128.232, -31.500, -44.280, 48.233, 31.1, -0.17389, -0.40768, 0.67142, 0.59384
2025-06-14 21:03:02.141000,f8:a2:fd:ea:fb:80, -0.338, 0.996, -0.2, 55.603, -15.259, -14.709, 105.919, 14.947, -129.749, -31.500, -44.280, 48.233, 31.1, -0.17389, -0.40768, 0.67142, 0.59384
2025-06-14 21:03:02.232000,f8:a2:fd:ea:fb:80, -0.148, 1.202, -0.089, 118.042, -19.043, -36.621, 113.544, 17.194, -129.787, -23.747, -28.473, 52.820, 31.1, -0.17389, -0.40768, 0.67142, 0.59384
2025-06-14 21:03:02.381000,f8:a2:fd:ea:fb:80, 0.026, 1.421, -0.787, 152.039, 8.667, -73.486, 126.156, 23.61, -133.363, -23.747, -28.473, 52.820, 31.1, 0.02997, -0.44708, 0.7818, 0.43344
2025-06-14 21:03:02.441000,f8:a2:fd:ea:fb:80, -0.172, 0.591, -0.342, 18.677, 15.015, -13.55, 137.955, 28.01, -132.385, -23.747, -28.473, 52.820, 31.1, 0.02997, -0.44708, 0.7818, 0.43344
2025-06-14 21:03:02.532000,f8:a2:fd:ea:fb:80, -0.676, 0.485, -0.055, -174.683, 12.939, 56.824, 127.491, 24.401, -134.703, -19.353, -26.740, 59.307, 31.1, 0.02997, -0.44708, 0.7818, 0.43344
2025-06-14 21:03:02.682000,f8:a2:fd:ea:fb:80, -0.606, 1.052, -0.429, -265.32, -99.731, 96.008, 100.031, 17.419, -143.152, -19.353, -26.740, 59.307, 31.1, -0.10052, -0.31165, 0.67062, 0.66553
2025-06-14 21:03:02.742000,f8:a2:fd:ea:fb:80, -0.031, 1.099, -1.614, -163.147, 31.067, 38.391, 76.388, 10.893, -143.481, -19.353, -26.740, 59.307, 31.1, -0.10052, -0.31165, 0.67062, 0.66553
2025-06-14 21:03:02.861000,f8:a2:fd:ea:fb:80, -0.198, 1.907, 0.631, 47.485, 79.041, -20.874, 79.766, 12.338, -140.883, -24.467, -57.707, 41.760, 31.1, -0.10052, -0.31165, 0.67062, 0.66553
2025-06-14 21:03:02.952000,f8:a2:fd:ea:fb:80, -0.182, 1.184, -0.184, 61.951, 13.184, 3.296, 89.149, 14.81, -133.929, -24.467, -57.707, 41.760, 31.1, -0.19305, -0.37, 0.61798, 0.66623
2025-06-14 21:03:03.042000,f8:a2:fd:ea:fb:80, -0.144, 1.006, -0.171, 45.715, 14.832, -6.348, 95.372, 14.788, -130.886, -24.467, -57.707, 41.760, 31.1, -0.19305, -0.37, 0.61798, 0.66623
2025-06-14 21:03:03.132000,f8:a2:fd:ea:fb:80, -0.195, 1.011, -0.197, 35.706, -7.935, -6.897, 99.454, 15.2, -130.512, -26.907, -44.987, 51.140, 31.1, -0.19305, -0.37, 0.61798, 0.66623
2025-06-14 21:03:03.251000,f8:a2:fd:ea:fb:80, -0.266, 0.954, -0.289, 41.077, -7.812, -11.414, 103.228, 15.881, -131.918, -26.907, -44.987, 51.140, 31.1, -0.14743, -0.39505, 0.67734, 0.60272
2025-06-14 21:03:03.341000,f8:a2:fd:ea:fb:80, -0.126, 1.06, -0.205, 78.674, 20.569, -35.645, 109.006, 17.622, -131.671, -26.907, -44.987, 51.140, 31.1, -0.14743, -0.39505, 0.67734, 0.60272
2025-06-14 21:03:03.432000,f8:a2:fd:ea:fb:80, 0.113, 1.745, 0.195, 150.269, -44.189, -54.077, 120.229, 22.061, -131.567, -19.133, -26.920, 54.453, 31.1, -0.14743, -0.39505, 0.67734, 0.60272
2025-06-14 21:03:03.586000,f8:a2:fd:ea:fb:80, -0.307, 1.258, -0.176, 147.766, -46.387, -49.133, 134.039, 29.284, -133.467, -19.133, -26.920, 54.453, 31.1, 0.07474, -0.44128, 0.78171, 0.43414
2025-06-14 21:03:03.672000,f8:a2:fd:ea:fb:80, -0.305, 0.375, 0.119, -79.651, 30.823, 33.691, 133.138, 29.103, -135.917, -19.133, -26.920, 54.453, 31.1, 0.07474, -0.44128, 0.78171, 0.43414
2025-06-14 21:03:03.763000,f8:a2:fd:ea:fb:80, -0.394, 0.649, -0.041, -234.07, -9.338, 110.168, 112.478, 20.874, -140.977, -16.853, -36.307, 58.933, 31.1, 0.07474, -0.44128, 0.78171, 0.43414
2025-06-14 21:03:03.882000,f8:a2:fd:ea:fb:80, -0.541, 1.329, -1.13, -261.292, 5.981, 102.844, 85.287, 11.118, -147.491, -16.853, -36.307, 58.933, 31.1, -0.19855, -0.23474, 0.56204, 0.76776
2025-06-14 21:03:03.972000,f8:a2:fd:ea:fb:80, -0.33, 0.721, -1.073, 22.522, 27.161, 2.014, 74.833, 8.13, -143.69, -16.853, -36.307, 58.933, 31.1, -0.19855, -0.23474, 0.56204, 0.76776
2025-06-14 21:03:04.061000,f8:a2:fd:ea:fb:80, -0.048, 1.128, -0.674, 95.398, 42.725, -16.907, 83.21, 12.404, -135.093, -16.853, -36.307, 58.933, 31.1, -0.19855, -0.23474, 0.56204, 0.76776
2025-06-14 21:03:04.182000,f8:a2:fd:ea:fb:80, -0.238, 1.035, -0.229, 62.378, 37.354, -2.502, 92.851, 13.667, -129.331, -31.873, -49.740, 44.787, 31.1, -0.19855, -0.23474, 0.56204, 0.76776
2025-06-14 21:03:04.271000,f8:a2:fd:ea:fb:80, -0.138, 0.964, -0.26, 30.701, 5.249, -9.888, 98.718, 14.073, -126.716, -31.873, -49.740, 44.787, 31.1, -0.20331, -0.4119, 0.64081, 0.61502
2025-06-14 21:03:04.361000,f8:a2:fd:ea:fb:80, -0.187, 0.949, -0.268, 28.381, -10.437, -8.484, 101.684, 14.766, -126.436, -31.873, -49.740, 44.787, 31.1, -0.20331, -0.4119, 0.64081, 0.61502
2025-06-14 21:03:04.482000,f8:a2:fd:ea:fb:80, -0.239, 0.976, -0.233, 37.964, -16.174, -8.972, 104.48, 15.441, -127.809, -29.200, -40.367, 48.507, 31.1, -0.20331, -0.4119, 0.64081, 0.61502
2025-06-14 21:03:04.578000,f8:a2:fd:ea:fb:80, -0.222, 1.075, -0.121, 101.685, -13.428, -29.663, 110.473, 17.199, -128.908, -29.200, -40.367, 48.507, 31.1, -0.11618, -0.43161, 0.70691, 0.5481
2025-06-14 21:03:04.661000,f8:a2:fd:ea:fb:80, -0.108, 1.516, 0.158, 163.391, -86.304, -46.448, 122.173, 22.385, -131.973, -29.200, -40.367, 48.507, 31.1, -0.11618, -0.43161, 0.70691, 0.5481
2025-06-14 21:03:04.781000,f8:a2:fd:ea:fb:80, -0.08, 0.712, -0.345, 123.23, -80.444, -34.79, 135.681, 28.9, -133.934, -15.220, -17.547, 59.153, 31.1, 0.07437, -0.40717, 0.79388, 0.44531
2025-06-14 21:03:04.872000,f8:a2:fd:ea:fb:80, -0.688, 0.394, 0.1, -106.812, 33.386, 56.091, 131.116, 28.032, -138.889, -15.220, -17.547, 59.153, 31.1, 0.07437, -0.40717, 0.79388, 0.44531
2025-06-14 21:03:04.962000,f8:a2:fd:ea:fb:80, -0.531, 0.793, 0.014, -254.333, -41.321, 115.906, 108.386, 18.21, -143.421, -15.220, -17.547, 59.153, 31.1, 0.07437, -0.40717, 0.79388, 0.44531
2025-06-14 21:03:05.082000,f8:a2:fd:ea:fb:80, -0.498, 1.286, -1.017, -250.549, 57.739, 90.027, 82.09, 8.91, -149.606, -20.493, -50.167, 49.193, 31.1, -0.20575, -0.22916, 0.54926, 0.77676
2025-06-14 21:03:05.172000,f8:a2:fd:ea:fb:80, -0.28, 0.734, -1.395, 32.837, -4.944, 3.662, 73.477, 7.657, -144.553, -20.493, -50.167, 49.193, 31.1, -0.20575, -0.22916, 0.54926, 0.77676
2025-06-14 21:03:05.261000,f8:a2:fd:ea:fb:80, -0.069, 1.326, -0.793, 68.542, 62.683, 1.16, 83.057, 12.53, -136.23, -20.493, -50.167, 49.193, 31.1, -0.20575, -0.22916, 0.54926, 0.77676
2025-06-14 21:03:05.385000,f8:a2:fd:ea:fb:80, -0.231, 0.969, -0.169, 65.613, 27.832, -2.014, 91.884, 12.947, -133.248, -29.447, -49.893, 47.333, 31.1, -0.20575, -0.22916, 0.54926, 0.77676
2025-06-14 21:03:05.472000,f8:a2:fd:ea:fb:80, -0.161, 1.007, -0.194, 31.677, 9.155, -9.033, 97.196, 13.513, -131.616, -29.447, -49.893, 47.333, 31.1, -0.1861, -0.37744, 0.65027, 0.63239
2025-06-14 21:03:05.562000,f8:a2:fd:ea:fb:80, -0.164, 1.008, -0.231, 26.672, -4.089, -9.705, 100.217, 14.139, -131.913, -29.447, -49.893, 47.333, 31.1, -0.1861, -0.37744, 0.65027, 0.63239
2025-06-14 21:03:05.711000,f8:a2:fd:ea:fb:80, -0.436, 0.978, -0.213, 52.429, -11.963, -17.395, 103.975, 15.282, -133.055, -27.033, -38.393, 51.847, 31.1, -0.11102, -0.41037, 0.71204, 0.55872
2025-06-14 21:03:05.773000,f8:a2:fd:ea:fb:80, -0.243, 1.383, -0.054, 147.461, -35.522, -43.457, 113.516, 18.138, -132.149, -27.033, -38.393, 51.847, 31.1, -0.11102, -0.41037, 0.71204, 0.55872
2025-06-14 21:03:05.862000,f8:a2:fd:ea:fb:80, -0.132, 1.577, -0.609, 169.312, -28.931, -70.435, 128.271, 25.714, -135.549, -27.033, -38.393, 51.847, 31.07, -0.11102, -0.41037, 0.71204, 0.55872
2025-06-14 21:03:05.982000,f8:a2:fd:ea:fb:80, -0.104, 0.482, 0.032, -27.832, 10.925, 8.423, 136.5, 29.366, -136.181, -27.033, -38.393, 51.847, 31.07, -0.11102, -0.41037, 0.71204, 0.55872
2025-06-14 21:03:06.074000,f8:a2:fd:ea:fb:80, -0.416, 0.534, -0.129, -202.209, 19.165, 73.669, 123.085, 23.78, -137.637, -17.953, -27.740, 59.987, 31.07, -0.11102, -0.41037, 0.71204, 0.55872
2025-06-14 21:03:06.163000,f8:a2:fd:ea:fb:80, -0.655, 1.215, -0.694, -246.582, -73.181, 95.886, 96.916, 15.612, -145.228, -17.953, -27.740, 59.987, 31.07, -0.09924, -0.30753, 0.68073, 0.65732
2025-06-14 21:03:06.283000,f8:a2:fd:ea:fb:80, -0.801, 1.017, -1.14, -139.099, 2.808, 41.809, 76.108, 8.915, -143.481, -17.953, -27.740, 59.987, 31.07, -0.09924, -0.30753, 0.68073, 0.65732
2025-06-14 21:03:06.372000,f8:a2:fd:ea:fb:80, 0.008, 1.04, 0.219, 72.205, 28.992, -36.438, 78.118, 10.404, -140.982, -24.647, -56.520, 40.293, 31.07, -0.09924, -0.30753, 0.68073, 0.65732
2025-06-14 21:03:06.461000,f8:a2:fd:ea:fb:80, -0.092, 1.019, -0.043, 57.373, -6.042, 5.371, 86.88, 13.244, -136.357, -24.647, -56.520, 40.293, 31.07, -0.1944, -0.3316, 0.60294, 0.69901
2025-06-14 21:03:06.582000,f8:a2:fd:ea:fb:80, -0.182, 1.027, -0.131, 53.589, 48.279, -12.573, 93.516, 13.513, -133.396, -24.647, -56.520, 40.293, 31.07, -0.1944, -0.3316, 0.60294, 0.69901
2025-06-14 21:03:06.672000,f8:a2:fd:ea:fb:80, -0.107, 0.964, -0.228, 28.625, -6.714, -5.737, 98.245, 14.139, -131.402, -28.927, -45.967, 50.287, 31.07, -0.1944, -0.3316, 0.60294, 0.69901
2025-06-14 21:03:06.761000,f8:a2:fd:ea:fb:80, -0.23, 0.971, -0.21, 35.645, -7.751, -7.935, 100.931, 14.628, -132.528, -28.927, -45.967, 50.287, 31.07, -0.1597, -0.38428, 0.6731, 0.61127
2025-06-14 21:03:06.881000,f8:a2:fd:ea:fb:80, -0.282, 1.014, -0.188, 61.829, 17.456, -22.156, 105.705, 15.375, -132.001, -28.927, -45.967, 50.287, 31.07, -0.1597, -0.38428, 0.6731, 0.61127
2025-06-14 21:03:06.972000,f8:a2:fd:ea:fb:80, -0.053, 1.595, -0.084, 123.962, -21.79, -40.649, 114.983, 17.935, -130.298, -23.533, -30.240, 53.540, 31.07, -0.1597, -0.38428, 0.6731, 0.61127
2025-06-14 21:03:07.061000,f8:a2:fd:ea:fb:80, -0.172, 1.599, -0.655, 167.786, -21.912, -77.209, 129.089, 26.131, -134.352, -23.533, -30.240, 53.540, 31.07, 0.0206, -0.42938, 0.771, 0.46973
2025-06-14 21:03:07.184000,f8:a2:fd:ea:fb:80, -0.059, 0.556, 0.198, 6.531, -40.039, 13.855, 135.203, 29.152, -136.258, -23.533, -30.240, 53.540, 31.07, 0.0206, -0.42938, 0.771, 0.46973
2025-06-14 21:03:07.272000,f8:a2:fd:ea:fb:80, -0.479, 0.547, -0.073, -202.515, 28.381, 84.045, 119.075, 23.456, -140.202, -16.253, -28.107, 60.620, 31.07, 0.0206, -0.42938, 0.771, 0.46973
2025-06-14 21:03:07.362000,f8:a2:fd:ea:fb:80, -0.556, 1.244, -0.84, -256.531, -114.99, 106.873, 90.417, 13.607, -148.184, -16.253, -28.107, 60.620, 31.07, -0.10797, -0.28082, 0.66058, 0.68774
2025-06-14 21:03:07.485000,f8:a2:fd:ea:fb:80, -0.224, 0.954, -1.364, -90.515, 8.362, 30.09, 72.729, 7.91, -145.646, -16.253, -28.107, 60.620, 31.07, -0.10797, -0.28082, 0.66058, 0.68774
2025-06-14 21:03:07.634000,f8:a2:fd:ea:fb:80, -0.164, 1.104, -1.004, 65.43, 130.127, -12.39, 80.804, 12.986, -136.906, -25.860, -56.240, 40.820, 31.07, -0.10797, -0.28082, 0.66058, 0.68774
2025-06-14 21:03:07.663000,f8:a2:fd:ea:fb:80, -0.153, 0.981, -0.164, 54.565, 51.331, -2.014, 90.747, 14.42, -130.666, -25.860, -56.240, 40.820, 31.07, -0.21078, -0.38351, 0.6098, 0.66068
2025-06-14 21:03:07.812000,f8:a2:fd:ea:fb:80, -0.151, 1.021, -0.242, 31.25, 2.747, -3.662, 96.564, 14.678, -126.991, -25.860, -56.240, 40.820, 31.07, -0.21078, -0.38351, 0.6098, 0.66068
2025-06-14 21:03:07.932000,f8:a2:fd:ea:fb:80, -0.153, 0.969, -0.215, 31.677, -19.775, -1.831, 99.619, 14.749, -128.205, -29.907, -44.600, 48.833, 31.07, -0.21078, -0.38351, 0.6098, 0.66068
2025-06-14 21:03:07.993000,f8:a2:fd:ea:fb:80, -0.302, 0.98, -0.209, 54.077, -11.047, -14.771, 103.173, 15.397, -130.193, -29.907, -44.600, 48.833, 31.07, -0.15735, -0.40402, 0.67468, 0.59726
2025-06-14 21:03:08.142000,f8:a2:fd:ea:fb:80, -0.122, 1.163, -0.137, 109.741, -5.554, -34.912, 110.88, 17.496, -129.952, -29.907, -44.600, 48.833, 31.07, -0.15735, -0.40402, 0.67468, 0.59726
2025-06-14 21:03:08.232000,f8:a2:fd:ea:fb:80, -0.025, 1.478, -0.442, 170.898, -74.158, -59.631, 123.239, 24.225, -134.517, -29.907, -44.600, 48.833, 31.07, -0.15735, -0.40402, 0.67468, 0.59726
2025-06-14 21:03:08.352000,f8:a2:fd:ea:fb:80, -0.153, 0.595, -0.163, 67.81, -38.147, -5.798, 134.517, 29.905, -137.862, -14.487, -18.553, 60.080, 31.07, -0.15735, -0.40402, 0.67468, 0.59726
2025-06-14 21:03:08.413000,f8:a2:fd:ea:fb:80, -0.606, 0.471, -0.048, -140.259, 46.692, 66.772, 127.299, 26.043, -141.471, -14.487, -18.553, 60.080, 31.07, 0.04242, -0.3808, 0.78934, 0.47961
2025-06-14 21:03:08.502000,f8:a2:fd:ea:fb:80, -0.563, 0.925, -0.249, -246.338, -50.72, 91.187, 104.128, 16.859, -145.459, -14.487, -18.553, 60.080, 31.07, 0.04242, -0.3808, 0.78934, 0.47961
2025-06-14 21:03:08.592000,f8:a2:fd:ea:fb:80, -0.41, 1.115, -0.933, -221.13, 49.866, 49.011, 80.283, 10.794, -142.707, -23.660, -56.213, 40.567, 31.07, 0.04242, -0.3808, 0.78934, 0.47961
2025-06-14 21:03:08.715000,f8:a2:fd:ea:fb:80, -0.245, 0.705, -1.199, 43.03, -0.793, -1.465, 75.657, 9.564, -142.679, -23.660, -56.213, 40.567, 31.07, -0.19818, -0.27841, 0.57071, 0.74658
2025-06-14 21:03:08.802000,f8:a2:fd:ea:fb:80, -0.132, 1.056, -0.108, 72.51, 68.665, -8.606, 85.573, 13.535, -134.006, -23.660, -56.213, 40.567, 31.07, -0.19818, -0.27841, 0.57071, 0.74658
2025-06-14 21:03:08.892000,f8:a2:fd:ea:fb:80, -0.161, 1.01, -0.127, 58.044, 14.709, 2.93, 93.68, 13.513, -129.897, -30.580, -50.247, 45.767, 31.07, -0.19818, -0.27841, 0.57071, 0.74658
2025-06-14 21:03:09.013000,f8:a2:fd:ea:fb:80, -0.194, 1.015, -0.215, 31.738, -1.526, -6.958, 98.036, 13.689, -129.765, -30.580, -50.247, 45.767, 31.07, -0.18915, -0.38947, 0.65109, 0.62332
2025-06-14 21:03:09.132000,f8:a2:fd:ea:fb:80, -0.142, 0.974, -0.215, 30.945, -16.541, -6.897, 100.942, 14.227, -131.061, -30.580, -50.247, 45.767, 31.07, -0.18915, -0.38947, 0.65109, 0.62332
2025-06-14 21:03:09.192000,f8:a2:fd:ea:fb:80, -0.347, 0.961, -0.244, 43.213, -8.301, -12.024, 104.392, 15.09, -131.902, -25.420, -35.460, 50.693, 31.07, -0.18915, -0.38947, 0.65109, 0.62332
2025-06-14 21:03:09.314000,f8:a2:fd:ea:fb:80, 0.17, 1.207, -0.084, 115.173, -1.587, -36.926, 111.978, 17.001, -130.941, -25.420, -35.460, 50.693, 31.07, -0.0976, -0.42276, 0.72476, 0.53513
2025-06-14 21:03:09.402000,f8:a2:fd:ea:fb:80, 0.296, 1.475, -0.644, 164.429, -28.015, -62.805, 124.601, 22.72, -133.281, -25.420, -35.460, 50.693, 31.07, -0.0976, -0.42276, 0.72476, 0.53513
2025-06-14 21:03:09.492000,f8:a2:fd:ea:fb:80, -0.098, 0.464, -0.381, 53.284, -18.066, -15.93, 137.516, 28.218, -133.149, -15.367, -16.513, 58.613, 31.07, -0.0976, -0.42276, 0.72476, 0.53513
2025-06-14 21:03:09.643000,f8:a2:fd:ea:fb:80, -0.744, 0.414, -0.035, -184.753, 24.475, 66.528, 127.727, 25.395, -136.456, -15.367, -16.513, 58.613, 31.07, -0.00626, -0.40182, 0.7623, 0.50723
2025-06-14 21:03:09.733000,f8:a2:fd:ea:fb:80, -0.761, 1.086, -0.474, -274.475, -86.304, 114.075, 99.822, 16.403, -143.745, -15.367, -16.513, 58.613, 31.07, -0.00626, -0.40182, 0.7623, 0.50723
2025-06-14 21:03:09.793000,f8:a2:fd:ea:fb:80, -0.019, 1.083, -1.381, -157.837, 0.244, 46.875, 75.932, 8.877, -144.014, -24.487, -57.367, 38.400, 31.07, -0.00626, -0.40182, 0.7623, 0.50723
2025-06-14 21:03:09.912000,f8:a2:fd:ea:fb:80, -0.291, 1.851, 0.781, 104.919, -8.362, -20.996, 78.53, 10.574, -140.85, -24.487, -57.367, 38.400, 31.07, -0.20117, -0.29892, 0.58029, 0.73029
2025-06-14 21:03:10.003000,f8:a2:fd:ea:fb:80, -0.13, 1.106, -0.171, 68.604, 6.531, 3.906, 88.693, 13.53, -133.489, -24.487, -57.367, 38.400, 31.07, -0.20117, -0.29892, 0.58029, 0.73029
2025-06-14 21:03:10.094000,f8:a2:fd:ea:fb:80, -0.142, 1.017, -0.191, 52.49, 14.038, -10.01, 95.79, 13.694, -130.408, -29.833, -49.973, 47.427, 31.07, -0.20117, -0.29892, 0.58029, 0.73029
2025-06-14 21:03:10.212000,f8:a2:fd:ea:fb:80, -0.099, 1.023, -0.211, 34.912, -20.935, -8.972, 99.965, 14.496, -131.056, -29.833, -49.973, 47.427, 31.07, -0.17911, -0.38885, 0.6557, 0.62183
2025-06-14 21:03:10.304000,f8:a2:fd:ea:fb:80, -0.246, 0.925, -0.274, 39.368, -11.23, -10.01, 103.184, 15.524, -133.929, -29.833, -49.973, 47.427, 31.07, -0.17911, -0.38885, 0.6557, 0.62183
2025-06-14 21:03:10.394000,f8:a2:fd:ea:fb:80, -0.367, 0.946, -0.247, 53.04, 6.775, -22.949, 107.474, 16.595, -134.451, -22.947, -35.167, 53.520, 31.07, -0.17911, -0.38885, 0.6557, 0.62183
2025-06-14 21:03:10.517000,f8:a2:fd:ea:fb:80, -0.417, 1.415, 0.046, 135.681, -47.974, -39.978, 116.301, 19.523, -134.132, -22.947, -35.167, 53.520, 31.07, -0.07965, -0.4082, 0.73096, 0.54095
2025-06-14 21:03:10.633000,f8:a2:fd:ea:fb:80, -0.094, 1.523, -0.818, 151.55, -8.423, -88.135, 130.045, 27.471, -136.461, -22.947, -35.167, 53.520, 31.07, -0.07965, -0.4082, 0.73096, 0.54095
2025-06-14 21:03:10.693000,f8:a2:fd:ea:fb:80, 0.06, 0.415, -0.013, -36.865, 23.254, -2.319, 135.604, 29.46, -135.258, -13.100, -19.560, 60.953, 31.07, -0.07965, -0.4082, 0.73096, 0.54095
2025-06-14 21:03:10.812000,f8:a2:fd:ea:fb:80, -0.287, 0.625, -0.06, -196.35, 29.297, 78.552, 119.586, 23.643, -138.153, -13.100, -19.560, 60.953, 31.07, -0.034, -0.38892, 0.7421, 0.54474
2025-06-14 21:03:10.903000,f8:a2:fd:ea:fb:80, -0.641, 1.305, -0.745, -244.202, -79.468, 108.521, 92.983, 13.508, -144.981, -13.100, -19.560, 60.953, 31.07, -0.034, -0.38892, 0.7421, 0.54474
2025-06-14 21:03:10.997000,f8:a2:fd:ea:fb:80, 0.162, 1.091, -1.045, -140.015, -32.166, 60.608, 73.092, 5.339, -142.284, -25.620, -54.873, 38.827, 31.07, -0.034, -0.38892, 0.7421, 0.54474
2025-06-14 21:03:11.113000,f8:a2:fd:ea:fb:80, -0.15, 1.815, 0.62, 67.444, 68.42, -27.344, 77.009, 7.147, -139.466, -25.620, -54.873, 38.827, 31.07, -0.2341, -0.27454, 0.57013, 0.73801
2025-06-14 21:03:11.206000,f8:a2:fd:ea:fb:80, -0.127, 1.206, -0.232, 70.984, 9.094, -5.493, 87.089, 10.64, -132.918, -25.620, -54.873, 38.827, 31.07, -0.2341, -0.27454, 0.57013, 0.73801
2025-06-14 21:03:11.323000,f8:a2:fd:ea:fb:80, -0.175, 1.016, -0.147, 49.133, 23.071, -13.977, 94.037, 11.464, -129.567, -32.800, -47.933, 45.560, 31.07, -0.2341, -0.27454, 0.57013, 0.73801
2025-06-14 21:03:11.414000,f8:a2:fd:ea:fb:80, -0.153, 0.959, -0.244, 35.034, -12.695, -9.766, 98.707, 12.448, -128.985, -32.800, -47.933, 45.560, 31.07, -0.1933, -0.38895, 0.65912, 0.61383
2025-06-14 21:03:11.504000,f8:a2:fd:ea:fb:80, -0.176, 0.967, -0.258, 36.926, -12.573, -9.949, 101.865, 13.392, -130.71, -32.800, -47.933, 45.560, 31.07, -0.1933, -0.38895, 0.65912, 0.61383
2025-06-14 21:03:11.592000,f8:a2:fd:ea:fb:80, -0.368, 1.035, -0.193, 76.355, 14.465, -27.161, 106.93, 14.837, -131.688, -32.800, -47.933, 45.560, 31.07, -0.1933, -0.38895, 0.65912, 0.61383
2025-06-14 21:03:11.712000,f8:a2:fd:ea:fb:80, 0.003, 1.848, 0.22, 172.913, -102.234, -42.786, 117.856, 18.704, -133.022, -26.360, -32.360, 52.567, 31.07, -0.1933, -0.38895, 0.65912, 0.61383
2025-06-14 21:03:11.832000,f8:a2:fd:ea:fb:80, -0.135, 1.32, -0.509, 141.296, -28.564, -59.082, 132.599, 26.812, -136.478, -26.360, -32.360, 52.567, 31.07, -0.01086, -0.40576, 0.76755, 0.496
2025-06-14 21:03:12.012000,f8:a2:fd:ea:fb:80, -0.247, 0.355, 0.074, -67.81, 21.24, 20.386, 135.115, 27.153, -136.961, -26.360, -32.360, 52.567, 31.07, -0.01086, -0.40576, 0.76755, 0.496
2025-06-14 21:03:12.044000,f8:a2:fd:ea:fb:80, -0.396, 0.574, -0.066, -222.412, 1.282, 85.999, 117.636, 21.055, -140.246, -26.360, -32.360, 52.567, 31.07, -0.01086, -0.40576, 0.76755, 0.496
2025-06-14 21:03:12.163000,f8:a2:fd:ea:fb:80, -0.339, 1.282, -0.942, -249.512, -60.73, 96.924, 90.319, 13.162, -148.837, -17.360, -42.247, 56.320, 31.07, -0.01086, -0.40576, 0.76755, 0.496
2025-06-14 21:03:12.223000,f8:a2:fd:ea:fb:80, -0.501, 0.875, -1.309, -46.021, 7.874, 7.751, 74.976, 10.107, -144.08, -17.360, -42.247, 56.320, 31.07, -0.19052, -0.25092, 0.55768, 0.76788
2025-06-14 21:03:12.343000,f8:a2:fd:ea:fb:80, -0.135, 1.007, -0.53, 59.814, 88.196, -32.227, 83.611, 13.513, -139.065, -17.360, -42.247, 56.320, 31.07, -0.19052, -0.25092, 0.55768, 0.76788
2025-06-14 21:03:12.434000,f8:a2:fd:ea:fb:80, -0.232, 1.075, -0.111, 62.805, 13.489, 4.272, 91.697, 14.518, -133.962, -27.820, -52.233, 47.500, 31.07, -0.19052, -0.25092, 0.55768, 0.76788
2025-06-14 21:03:12.523000,f8:a2:fd:ea:fb:80, -0.145, 1.038, -0.231, 39.734, -2.441, -6.226, 97.872, 14.733, -131.66, -27.820, -52.233, 47.500, 31.07, -0.17633, -0.38361, 0.65036, 0.63138
2025-06-14 21:03:12.643000,f8:a2:fd:ea:fb:80, -0.166, 0.937, -0.235, 25.146, -14.282, -4.639, 100.486, 15.194, -133.05, -27.820, -52.233, 47.500, 31.07, -0.17633, -0.38361, 0.65036, 0.63138
2025-06-14 21:03:12.733000,f8:a2:fd:ea:fb:80, -0.217, 0.983, -0.228, 40.894, -13.245, -9.827, 103.656, 15.804, -134.643, -23.167, -38.247, 53.653, 31.07, -0.17633, -0.38361, 0.65036, 0.63138
2025-06-14 21:03:12.857000,f8:a2:fd:ea:fb:80, -0.25, 1.128, -0.148, 77.82, 29.236, -38.635, 109.622, 17.578, -132.918, -23.167, -38.247, 53.653, 31.07, -0.08899, -0.41992, 0.72104, 0.54379
2025-06-14 21:03:12.943000,f8:a2:fd:ea:fb:80, -0.017, 1.612, 0.013, 183.411, -76.477, -76.721, 122.3, 22.896, -132.715, -23.167, -38.247, 53.653, 31.07, -0.08899, -0.41992, 0.72104, 0.54379
2025-06-14 21:03:13.032000,f8:a2:fd:ea:fb:80, -0.155, 0.6, -0.624, 52.49, 59.998, -39.673, 136.544, 29.114, -131.089, -15.193, -18.827, 58.747, 31.07, -0.08899, -0.41992, 0.72104, 0.54379
2025-06-14 21:03:13.123000,f8:a2:fd:ea:fb:80, -0.473, 0.251, 0.004, -133.545, 41.016, 42.053, 132.676, 26.494, -130.869, -15.193, -18.827, 58.747, 31.07, -0.01288, -0.44037, 0.75702, 0.48239
2025-06-14 21:03:13.242000,f8:a2:fd:ea:fb:80, -0.542, 0.721, -0.075, -242.676, -42.297, 92.712, 111.33, 19.742, -135.736, -15.193, -18.827, 58.747, 31.07, -0.01288, -0.44037, 0.75702, 0.48239
2025-06-14 21:03:13.334000,f8:a2:fd:ea:fb:80, -0.423, 1.273, -1.073, -228.577, -11.78, 81.97, 85.029, 12.244, -142.3, -23.973, -53.500, 43.387, 31.07, -0.01288, -0.44037, 0.75702, 0.48239
2025-06-14 21:03:13.424000,f8:a2:fd:ea:fb:80, -0.198, 0.762, -1.147, 11.108, -4.089, 14.099, 74.855, 8.289, -141.07, -23.973, -53.500, 43.387, 31.07, -0.22321, -0.25861, 0.55399, 0.75912
2025-06-14 21:03:13.574000,f8:a2:fd:ea:fb:80, -0.18, 1.171, -0.595, 62.927, 88.806, -6.165, 84.183, 12.195, -134.132, -23.973, -53.500, 43.387, 31.07, -0.22321, -0.25861, 0.55399, 0.75912
2025-06-14 21:03:13.664000,f8:a2:fd:ea:fb:80, -0.229, 1.016, -0.179, 54.81, 52.246, -6.653, 92.543, 13.068, -129.633, -31.733, -49.447, 45.253, 31.07, -0.22321, -0.25861, 0.55399, 0.75912
2025-06-14 21:03:13.725000,f8:a2:fd:ea:fb:80, -0.135, 0.981, -0.197, 34.424, -1.343, -8.911, 98.284, 13.716, -127.068, -31.733, -49.447, 45.253, 31.07, -0.22321, -0.25861, 0.55399, 0.75912
2025-06-14 21:03:13.844000,f8:a2:fd:ea:fb:80, -0.173, 0.974, -0.232, 38.086, -18.921, -4.456, 101.47, 14.211, -128.205, -31.733, -49.447, 45.253, 31.07, -0.19647, -0.40735, 0.64917, 0.61151
2025-06-14 21:03:13.936000,f8:a2:fd:ea:fb:80, -0.269, 0.911, -0.235, 62.744, -20.996, -11.902, 105.82, 14.903, -130.056, -31.733, -49.447, 45.253, 31.07, -0.19647, -0.40735, 0.64917, 0.61151
2025-06-14 21:03:14.024000,f8:a2:fd:ea:fb:80, -0.089, 1.387, -0.112, 126.953, -18.25, -32.593, 114.593, 17.172, -130.023, -24.767, -30.300, 52.813, 31.07, -0.19647, -0.40735, 0.64917, 0.61151
2025-06-14 21:03:14.144000,f8:a2:fd:ea:fb:80, -0.248, 1.477, -0.864, 176.453, -35.461, -71.472, 129.1, 24.269, -133.511, -24.767, -30.300, 52.813, 31.07, 0.03497, -0.4353, 0.78568, 0.43808
2025-06-14 21:03:14.233000,f8:a2:fd:ea:fb:80, -0.123, 0.446, 0.008, 5.31, -8.179, 7.874, 137.379, 27.68, -134.764, -24.767, -30.300, 52.813, 31.07, 0.03497, -0.4353, 0.78568, 0.43808
2025-06-14 21:03:14.323000,f8:a2:fd:ea:fb:80, -0.617, 0.469, -0.157, -177.917, 36.072, 58.838, 124.673, 22.538, -136.642, -20.613, -29.133, 58.527, 31.07, 0.03497, -0.4353, 0.78568, 0.43808
2025-06-14 21:03:14.444000,f8:a2:fd:ea:fb:80, -0.515, 0.979, -0.245, -249.146, -84.656, 77.393, 98.844, 15.963, -143.668, -20.613, -29.133, 58.527, 31.07, -0.11179, -0.2973, 0.66345, 0.67737
2025-06-14 21:03:14.534000,f8:a2:fd:ea:fb:80, -0.034, 1.225, -1.178, -186.035, 0.061, 55.603, 75.921, 10.305, -143.762, -20.613, -29.133, 58.527, 31.07, -0.11179, -0.2973, 0.66345, 0.67737
2025-06-14 21:03:14.687000,f8:a2:fd:ea:fb:80, -0.139, 1.806, 0.525, 106.506, -10.498, -21.545, 80.244, 10.607, -144.338, -24.567, -56.700, 42.973, 31.07, -0.11179, -0.2973, 0.66345, 0.67737
2025-06-14 21:03:14.773000,f8:a2:fd:ea:fb:80, -0.206, 1.11, -0.073, 63.904, 1.404, 3.967, 89.319, 13.453, -136.719, -24.567, -56.700, 42.973, 31.07, -0.18539, -0.33304, 0.61386, 0.69119
2025-06-14 21:03:14.833000,f8:a2:fd:ea:fb:80, -0.128, 1.02, -0.162, 47.424, 4.517, -12.817, 96.042, 13.887, -134.258, -24.567, -56.700, 42.973, 31.07, -0.18539, -0.33304, 0.61386, 0.69119
2025-06-14 21:03:14.925000,f8:a2:fd:ea:fb:80, -0.178, 0.971, -0.215, 38.696, -18.127, -8.911, 99.976, 14.892, -134.808, -25.260, -43.460, 53.760, 31.07, -0.18539, -0.33304, 0.61386, 0.69119
2025-06-14 21:03:15.044000,f8:a2:fd:ea:fb:80, -0.263, 0.955, -0.266, 44.739, -2.808, -12.573, 103.969, 15.699, -135.978, -25.260, -43.460, 53.760, 31.07, -0.12549, -0.3714, 0.69537, 0.60223
2025-06-14 21:03:15.134000,f8:a2:fd:ea:fb:80, -0.267, 1.114, -0.181, 76.599, 22.583, -40.955, 109.715, 17.452, -135.143, -25.260, -43.460, 53.760, 31.07, -0.12549, -0.3714, 0.69537, 0.60223
2025-06-14 21:03:15.224000,f8:a2:fd:ea:fb:80, -0.285, 1.783, 0.319, 170.837, -75.134, -71.411, 121.097, 22.868, -135.824, -16.227, -24.807, 56.853, 31.07, -0.12549, -0.3714, 0.69537, 0.60223
2025-06-14 21:03:15.343000,f8:a2:fd:ea:fb:80, -0.131, 0.86, -0.18, 96.619, 7.202, -56.885, 136.121, 29.268, -133.193, -16.227, -24.807, 56.853, 31.07, 0.06351, -0.4397, 0.78323, 0.43484
2025-06-14 21:03:15.434000,f8:a2:fd:ea:fb:80, -0.388, 0.27, 0.038, -127.502, 62.134, 19.043, 133.912, 27.598, -131.94, -16.227, -24.807, 56.853, 31.07, 0.06351, -0.4397, 0.78323, 0.43484
2025-06-14 21:03:15.524000,f8:a2:fd:ea:fb:80, -0.325, 0.697, -0.01, -263.306, 11.597, 70.312, 112.764, 20.995, -133.226, -21.180, -36.147, 55.880, 31.07, 0.06351, -0.4397, 0.78323, 0.43484
2025-06-14 21:03:15.644000,f8:a2:fd:ea:fb:80, -0.202, 1.292, -1.109, -256.836, -4.761, 77.393, 85.276, 14.381, -137.126, -21.180, -36.147, 55.880, 31.07, -0.17053, -0.34335, 0.61102, 0.6925
2025-06-14 21:03:15.734000,f8:a2:fd:ea:fb:80, -0.354, 0.814, -1.352, 6.836, -46.265, 18.372, 73.938, 9.668, -138.571, -21.180, -36.147, 55.880, 31.07, -0.17053, -0.34335, 0.61102, 0.6925
2025-06-14 21:03:15.825000,f8:a2:fd:ea:fb:80, -0.185, 0.955, -0.795, 69.397, 118.896, -23.56, 83.925, 13.865, -131.023, -27.913, -56.933, 37.713, 31.07, -0.17053, -0.34335, 0.61102, 0.6925
2025-06-14 21:03:15.974000,f8:a2:fd:ea:fb:80, -0.148, 1.017, -0.107, 61.523, 44.067, 0.793, 93.235, 14.293, -125.041, -27.913, -56.933, 37.713, 31.07, -0.23413, -0.40063, 0.59433, 0.65677
2025-06-14 21:03:16.125000,f8:a2:fd:ea:fb:80, -0.169, 1.022, -0.232, 34.607, 7.568, -4.333, 98.915, 14.348, -122.943, -27.913, -56.933, 37.713, 31.07, -0.23413, -0.40063, 0.59433, 0.65677
2025-06-14 21:03:16.154000,f8:a2:fd:ea:fb:80, -0.137, 0.958, -0.255, 30.64, -11.414, -3.784, 102.03, 14.54, -123.398, -32.700, -47.713, 44.993, 31.07, -0.23413, -0.40063, 0.59433, 0.65677
2025-06-14 21:03:16.274000,f8:a2:fd:ea:fb:80, -0.365, 0.961, -0.252, 46.997, -9.277, -9.216, 105.474, 15.002, -124.887, -32.700, -47.713, 44.993, 31.07, -0.17325, -0.43948, 0.67404, 0.56781
2025-06-14 21:03:16.365000,f8:a2:fd:ea:fb:80, 0.092, 1.179, -0.158, 105.347, -4.761, -25.879, 113.093, 16.556, -125.228, -32.700, -47.713, 44.993, 31.07, -0.17325, -0.43948, 0.67404, 0.56781
2025-06-14 21:03:16.454000,f8:a2:fd:ea:fb:80, 0.116, 1.532, -0.392, 183.96, -91.492, -52.612, 126.161, 22.736, -129.166, -20.520, -21.467, 56.873, 31.07, -0.17325, -0.43948, 0.67404, 0.56781
2025-06-14 21:03:16.604000,f8:a2:fd:ea:fb:80, -0.15, 0.367, -0.634, 90.271, -41.931, -24.475, 137.763, 27.62, -129.754, -20.520, -21.467, 56.873, 31.07, 0.05695, -0.45526, 0.78534, 0.4155
2025-06-14 21:03:16.664000,f8:a2:fd:ea:fb:80, -0.673, 0.427, -0.042, -174.5, 32.166, 54.565, 129.084, 25.34, -132.462, -20.520, -21.467, 56.873, 31.07, 0.05695, -0.45526, 0.78534, 0.4155
2025-06-14 21:03:16.757000,f8:a2:fd:ea:fb:80, -0.543, 0.99, -0.313, -253.601, -110.718, 101.257, 102.854, 18.605, -140.257, -20.160, -48.520, 50.667, 31.07, 0.05695, -0.45526, 0.78534, 0.4155
2025-06-14 21:03:16.874000,f8:a2:fd:ea:fb:80, -0.789, 1.137, -1.257, -173.218, 19.714, 42.969, 78.805, 11.843, -143.498, -20.160, -48.520, 50.667, 31.07, -0.19925, -0.26965, 0.548, 0.76627
2025-06-14 21:03:16.964000,f8:a2:fd:ea:fb:80, -0.01, 1.46, 0.225, 92.957, 21.362, -28.198, 78.206, 12.36, -139.581, -20.160, -48.520, 50.667, 31.07, -0.19925, -0.26965, 0.548, 0.76627
2025-06-14 21:03:17.053000,f8:a2:fd:ea:fb:80, -0.106, 1.046, -0.14, 90.576, -12.024, 18.066, 89.017, 15.535, -130.589, -29.413, -53.120, 44.120, 31.07, -0.19925, -0.26965, 0.548, 0.76627
2025-06-14 21:03:17.174000,f8:a2:fd:ea:fb:80, -0.203, 1.027, -0.198, 48.218, 3.967, -2.502, 96.652, 14.865, -127.249, -29.413, -53.120, 44.120, 31.07, -0.20279, -0.41019, 0.63205, 0.62531
2025-06-14 21:03:17.265000,f8:a2:fd:ea:fb:80, -0.138, 0.983, -0.238, 26.978, -1.099, -4.211, 100.338, 14.985, -126.727, -29.413, -53.120, 44.120, 31.07, -0.20279, -0.41019, 0.63205, 0.62531
2025-06-14 21:03:17.354000,f8:a2:fd:ea:fb:80, -0.208, 0.956, -0.254, 40.771, 0.427, -9.521, 103.661, 15.37, -127.359, -28.233, -42.407, 49.620, 31.07, -0.20279, -0.41019, 0.63205, 0.62531
2025-06-14 21:03:17.474000,f8:a2:fd:ea:fb:80, -0.396, 1, -0.253, 67.139, 5.493, -20.935, 108.743, 16.199, -127.617, -28.233, -42.407, 49.620, 31.07, -0.1517, -0.42877, 0.68585, 0.56802
2025-06-14 21:03:17.564000,f8:a2:fd:ea:fb:80, -0.298, 1.414, 0.095, 150.452, -64.636, -42.48, 118.273, 19.111, -127.82, -28.233, -42.407, 49.620, 31.07, -0.1517, -0.42877, 0.68585, 0.56802
2025-06-14 21:03:17.654000,f8:a2:fd:ea:fb:80, -0.229, 1.458, -0.949, 153.931, 12.451, -82.214, 133.022, 27.175, -129.468, -16.440, -19.700, 57.253, 31.07, -0.1517, -0.42877, 0.68585, 0.56802
2025-06-14 21:03:17.774000,f8:a2:fd:ea:fb:80, -0.162, 0.5, 0.085, -27.405, 1.648, 5.615, 138.713, 27.817, -128.386, -16.440, -19.700, 57.253, 31.07, 0.05356, -0.47168, 0.78085, 0.40598
2025-06-14 21:03:17.864000,f8:a2:fd:ea:fb:80, -0.497, 0.503, -0.105, -200.439, 2.38, 72.876, 123.074, 23.67, -132.094, -16.440, -19.700, 57.253, 31.07, 0.05356, -0.47168, 0.78085, 0.40598
2025-06-14 21:03:17.954000,f8:a2:fd:ea:fb:80, -0.559, 1.024, -0.694, -249.329, -96.619, 98.877, 95.62, 16.441, -142.35, -20.173, -47.607, 51.400, 31.07, 0.05356, -0.47168, 0.78085, 0.40598
2025-06-14 21:03:18.073000,f8:a2:fd:ea:fb:80, 0.009, 1.03, -1.37, -115.479, -41.809, 44.25, 76.251, 10.162, -142.696, -20.173, -47.607, 51.400, 31.07, -0.1969, -0.26465, 0.56308, 0.75766
2025-06-14 21:03:18.163000,f8:a2:fd:ea:fb:80, -0.003, 1.95, 0.584, 86.121, 51.941, -19.897, 81.513, 12.843, -137.637, -20.173, -47.607, 51.400, 31.07, -0.1969, -0.26465, 0.56308, 0.75766
2025-06-14 21:03:18.285000,f8:a2:fd:ea:fb:80, -0.161, 1.118, -0.234, 63.049, 15.381, 7.324, 90.791, 14.332, -131.907, -28.540, -54.613, 43.873, 31.07, -0.1969, -0.26465, 0.56308, 0.75766
2025-06-14 21:03:18.373000,f8:a2:fd:ea:fb:80, -0.188, 1.054, -0.16, 37.476, 22.583, -8.911, 97.042, 14.491, -127.974, -28.540, -54.613, 43.873, 31.07, -0.20346, -0.39987, 0.63043, 0.63333
2025-06-14 21:03:18.465000,f8:a2:fd:ea:fb:80, -0.141, 0.955, -0.221, 28.259, -5.676, -7.141, 100.283, 15.057, -127.925, -28.540, -54.613, 43.873, 31.07, -0.20346, -0.39987, 0.63043, 0.63333
2025-06-14 21:03:18.556000,f8:a2:fd:ea:fb:80, -0.238, 0.982, -0.207, 45.288, 1.343, -12.512, 103.744, 15.776, -128.76, -26.613, -42.713, 50.640, 31.07, -0.20346, -0.39987, 0.63043, 0.63333
2025-06-14 21:03:18.673000,f8:a2:fd:ea:fb:80, -0.318, 1.153, -0.196, 93.567, 8.972, -28.259, 110.182, 17.089, -128.551, -26.613, -42.713, 50.640, 31.07, -0.13995, -0.42624, 0.69022, 0.56763
2025-06-14 21:03:18.794000,f8:a2:fd:ea:fb:80, -0.155, 1.679, 0.209, 166.809, -37.964, -67.139, 122.618, 21.682, -130.369, -26.613, -42.713, 50.640, 31.07, -0.13995, -0.42624, 0.69022, 0.56763
2025-06-14 21:03:18.856000,f8:a2:fd:ea:fb:80, -0.138, 0.86, -0.164, 108.398, -41.321, -45.532, 136.802, 27.576, -128.826, -16.527, -19.447, 58.520, 31.07, -0.13995, -0.42624, 0.69022, 0.56763
2025-06-14 21:03:18.974000,f8:a2:fd:ea:fb:80, -0.475, 0.29, 0.057, -121.094, 21.179, 33.447, 133.726, 26.96, -130.419, -16.527, -19.447, 58.520, 31.07, 0.01724, -0.45203, 0.76639, 0.45596
2025-06-14 21:03:19.065000,f8:a2:fd:ea:fb:80, -0.599, 0.694, -0.048, -248.657, -47.058, 109.314, 111.341, 20.555, -136.675, -16.527, -19.447, 58.520, 31.07, 0.01724, -0.45203, 0.76639, 0.45596
2025-06-14 21:03:19.155000,f8:a2:fd:ea:fb:80, -0.469, 1.08, -1.197, -209.9, -12.756, 77.881, 85.32, 12.629, -145.036, -16.527, -19.447, 58.520, 31.07, 0.01724, -0.45203, 0.76639, 0.45596
2025-06-14 21:03:19.275000,f8:a2:fd:ea:fb:80, -0.422, 0.77, -1.282, 18.127, 4.822, 4.7, 76.932, 10.245, -142.795, -22.273, -55.167, 43.460, 31.07, -0.19257, -0.28854, 0.57944, 0.73743
2025-06-14 21:03:19.364000,f8:a2:fd:ea:fb:80, -0.071, 1.03, -0.325, 58.594, 69.458, -8.362, 85.479, 14.244, -134.412, -22.273, -55.167, 43.460, 31.07, -0.19257, -0.28854, 0.57944, 0.73743
2025-06-14 21:03:19.454000,f8:a2:fd:ea:fb:80, -0.21, 1, -0.164, 41.077, 46.936, -5.615, 92.977, 14.513, -130.281, -29.547, -51.380, 46.060, 31.07, -0.19257, -0.28854, 0.57944, 0.73743
2025-06-14 21:03:19.574000,f8:a2:fd:ea:fb:80, -0.129, 0.975, -0.206, 32.471, 3.174, -7.446, 97.734, 15.024, -128.287, -29.547, -51.380, 46.060, 31.07, -0.19348, -0.40424, 0.63705, 0.62708
2025-06-14 21:03:19.663000,f8:a2:fd:ea:fb:80, -0.184, 0.995, -0.249, 35.522, 0.061, -8.362, 101.135, 15.474, -128.557, -29.547, -51.380, 46.060, 31.07, -0.19348, -0.40424, 0.63705, 0.62708
2025-06-14 21:03:19.754000,f8:a2:fd:ea:fb:80, -0.34, 0.954, -0.244, 44.556, 3.479, -15.503, 105.057, 16.15, -128.507, -26.760, -40.053, 49.747, 31.07, -0.19348, -0.40424, 0.63705, 0.62708
2025-06-14 21:03:19.905000,f8:a2:fd:ea:fb:80, -0.027, 1.24, -0.1, 119.324, -2.869, -34.668, 113.198, 18.171, -128.09, -26.760, -40.053, 49.747, 31.07, -0.12872, -0.43527, 0.69629, 0.55594
2025-06-14 21:03:19.966000,f8:a2:fd:ea:fb:80, -0.15, 1.403, -0.627, 175.903, -47.607, -71.045, 127.062, 25.851, -132.166, -26.760, -40.053, 49.747, 31.07, -0.12872, -0.43527, 0.69629, 0.55594
2025-06-14 21:03:20.054000,f8:a2:fd:ea:fb:80, -0.095, 0.54, -0.167, 40.588, -6.47, -12.085, 137.428, 28.68, -130.792, -15.980, -19.333, 57.593, 31.07, 0.04855, -0.44757, 0.78159, 0.43167
2025-06-14 21:03:20.203000,f8:a2:fd:ea:fb:80, -0.579, 0.472, -0.065, -140.808, 24.902, 59.814, 127.507, 24.593, -133.72, -15.980, -19.333, 57.593, 31.07, 0.04855, -0.44757, 0.78159, 0.43167
2025-06-14 21:03:20.294000,f8:a2:fd:ea:fb:80, -0.574, 0.894, -0.164, -229.065, -99.487, 98.45, 102.788, 16.99, -141.729, -20.973, -44.253, 53.840, 31.07, 0.04855, -0.44757, 0.78159, 0.43167
2025-06-14 21:03:20.383000,f8:a2:fd:ea:fb:80, -0.524, 1.205, -1.243, -187.317, 4.822, 61.279, 78.651, 8.421, -145.887, -20.973, -44.253, 53.840, 31.07, -0.19662, -0.23361, 0.56876, 0.76364
2025-06-14 21:03:20.505000,f8:a2:fd:ea:fb:80, -0.146, 2.05, 1.258, 95.093, 3.54, -44.739, 78.322, 9.201, -142.405, -20.973, -44.253, 53.840, 31.07, -0.19662, -0.23361, 0.56876, 0.76364
2025-06-14 21:03:20.594000,f8:a2:fd:ea:fb:80, -0.114, 1.112, -0.124, 77.271, -16.724, 1.648, 88.264, 12.953, -135.472, -28.887, -51.093, 46.013, 31.07, -0.19662, -0.23361, 0.56876, 0.76364
2025-06-14 21:03:20.686000,f8:a2:fd:ea:fb:80, -0.167, 1.048, -0.189, 51.941, 17.883, -8.911, 95.493, 13.282, -131.385, -28.887, -51.093, 46.013, 31.07, -0.19293, -0.38364, 0.64725, 0.62973
2025-06-14 21:03:20.843000,f8:a2:fd:ea:fb:80, -0.155, 1.013, -0.207, 25.635, 0.305, -7.874, 99.745, 13.826, -130.474, -28.887, -51.093, 46.013, 31.07, -0.19293, -0.38364, 0.64725, 0.62973
2025-06-14 21:03:20.895000,f8:a2:fd:ea:fb:80, -0.251, 1.012, -0.2, 39.612, -13, -7.019, 102.59, 14.42, -131.446, -27.253, -37.727, 51.187, 31.07, -0.19293, -0.38364, 0.64725, 0.62973
2025-06-14 21:03:20.985000,f8:a2:fd:ea:fb:80, -0.356, 1.009, -0.303, 72.388, 8.24, -21.667, 108.276, 15.491, -131.929, -27.253, -37.727, 51.187, 31.07, -0.12134, -0.40982, 0.71423, 0.55414
2025-06-14 21:03:21.105000,f8:a2:fd:ea:fb:80, -0.126, 1.676, -0.071, 135.132, -59.875, -37.476, 117.191, 18.402, -132.358, -27.253, -37.727, 51.187, 31.07, -0.12134, -0.40982, 0.71423, 0.55414
2025-06-14 21:03:21.195000,f8:a2:fd:ea:fb:80, -0.128, 1.492, -0.758, 143.921, 21.057, -74.158, 130.968, 26.713, -136.846, -14.847, -16.393, 58.033, 31.07, -0.12134, -0.40982, 0.71423, 0.55414
2025-06-14 21:03:21.285000,f8:a2:fd:ea:fb:80, -0.113, 0.556, 0.073, -10.925, -2.625, 3.845, 137.736, 27.609, -135.357, -14.847, -16.393, 58.033, 31.07, 0.06866, -0.42075, 0.80392, 0.41455
2025-06-14 21:03:21.405000,f8:a2:fd:ea:fb:80, -0.411, 0.557, -0.029, -202.332, 29.419, 66.467, 123.08, 22.654, -138.192, -14.847, -16.393, 58.033, 31.07, 0.06866, -0.42075, 0.80392, 0.41455
2025-06-14 21:03:21.495000,f8:a2:fd:ea:fb:80, -0.501, 1.137, -0.684, -266.113, -73.547, 93.323, 95.471, 14.672, -144.531, -14.847, -16.393, 58.033, 31.07, 0.06866, -0.42075, 0.80392, 0.41455
2025-06-14 21:03:21.585000,f8:a2:fd:ea:fb:80, -0.15, 1.068, -1.446, -137.146, -15.015, 40.527, 73.564, 8.278, -143.668, -24.960, -58.273, 38.073, 31.07, 0.06866, -0.42075, 0.80392, 0.41455
2025-06-14 21:03:21.705000,f8:a2:fd:ea:fb:80, -0.174, 1.793, 0.907, 82.092, 31.799, -22.156, 78.102, 10.426, -140.713, -24.960, -58.273, 38.073, 31.07, -0.20682, -0.32642, 0.58878, 0.70987
2025-06-14 21:03:21.914000,f8:a2:fd:ea:fb:80, -0.173, 1.188, -0.153, 75.317, -9.277, 1.038, 87.935, 12.827, -135.291, -24.960, -58.273, 38.073, 31.07, -0.20682, -0.32642, 0.58878, 0.70987
2025-06-14 21:03:21.914000,f8:a2:fd:ea:fb:80, -0.15, 1.023, -0.165, 44.312, -2.136, -7.751, 94.158, 13.321, -131.885, -24.960, -58.273, 38.073, 31.07, -0.20682, -0.32642, 0.58878, 0.70987
2025-06-14 21:03:22.035000,f8:a2:fd:ea:fb:80, -0.126, 0.977, -0.184, 32.715, -20.508, -5.676, 97.504, 13.898, -132.737, -26.600, -45.660, 51.560, 31.07, -0.20682, -0.32642, 0.58878, 0.70987
2025-06-14 21:03:22.158000,f8:a2:fd:ea:fb:80, -0.188, 0.986, -0.221, 44.434, -18.372, -8.911, 100.997, 14.645, -134.945, -26.600, -45.660, 51.560, 31.07, -0.14539, -0.36816, 0.68066, 0.61636
2025-06-14 21:03:22.215000,f8:a2:fd:ea:fb:80, -0.258, 1.087, -0.146, 85.754, 18.555, -35.767, 106.331, 16.271, -135.275, -26.600, -45.660, 51.560, 31.07, -0.14539, -0.36816, 0.68066, 0.61636
2025-06-14 21:03:22.305000,f8:a2:fd:ea:fb:80, -0.03, 1.729, 0.245, 187.805, -105.591, -58.899, 118.361, 21.226, -136.961, -14.133, -22.187, 58.120, 31.07, -0.14539, -0.36816, 0.68066, 0.61636
2025-06-14 21:03:22.394000,f8:a2:fd:ea:fb:80, -0.098, 0.951, -0.016, 105.042, 13.855, -59.692, 133.539, 28.603, -136.708, -14.133, -22.187, 58.120, 31.07, 0.07635, -0.43204, 0.79538, 0.41806
2025-06-14 21:03:22.485000,f8:a2:fd:ea:fb:80, -0.348, 0.321, 0.076, -109.192, 43.823, 7.141, 134.154, 27.647, -133.901, -14.133, -22.187, 58.120, 31.07, 0.07635, -0.43204, 0.79538, 0.41806
2025-06-14 21:03:22.606000,f8:a2:fd:ea:fb:80, -0.408, 0.704, -0.009, -244.812, -17.883, 86.609, 114.637, 21.385, -135.659, -19.673, -39.500, 55.947, 31.07, 0.07635, -0.43204, 0.79538, 0.41806
2025-06-14 21:03:22.696000,f8:a2:fd:ea:fb:80, -0.521, 1.276, -1.125, -250.61, -19.714, 109.192, 87.182, 12.365, -144.586, -19.673, -39.500, 55.947, 31.07, -0.16577, -0.27017, 0.61139, 0.72501
2025-06-14 21:03:22.785000,f8:a2:fd:ea:fb:80, -0.482, 0.765, -1.091, -11.78, -24.109, 17.456, 74.377, 6.96, -143.333, -19.673, -39.500, 55.947, 31.07, -0.16577, -0.27017, 0.61139, 0.72501
2025-06-14 21:03:22.904000,f8:a2:fd:ea:fb:80, -0.112, 0.906, -0.657, 73.975, 97.961, -28.87, 83.09, 11.129, -137.56, -27.553, -55.140, 41.947, 31.07, -0.16577, -0.27017, 0.61139, 0.72501
2025-06-14 21:03:22.995000,f8:a2:fd:ea:fb:80, -0.168, 1.022, -0.122, 62.073, 45.41, -6.836, 92.549, 12.717, -132.512, -27.553, -55.140, 41.947, 31.07, -0.20343, -0.36371, 0.62936, 0.65582
2025-06-14 21:03:23.084000,f8:a2:fd:ea:fb:80, -0.137, 1.036, -0.233, 26.611, 12.512, -11.902, 98.229, 13.387, -129.727, -27.553, -55.140, 41.947, 31.07, -0.20343, -0.36371, 0.62936, 0.65582
2025-06-14 21:03:23.205000,f8:a2:fd:ea:fb:80, -0.181, 0.987, -0.219, 21.729, 0.122, -10.681, 100.915, 14.205, -129.595, -29.733, -46.307, 49.533, 31.07, -0.16589, -0.39859, 0.67117, 0.60254
2025-06-14 21:03:23.294000,f8:a2:fd:ea:fb:80, -0.181, 0.98, -0.248, 40.161, -14.954, -14.587, 103.788, 15.2, -130.765, -29.733, -46.307, 49.533, 31.07, -0.16589, -0.39859, 0.67117, 0.60254
2025-06-14 21:03:23.388000,f8:a2:fd:ea:fb:80, -0.305, 1.109, -0.176, 111.328, 4.7, -42.908, 110.934, 17.397, -128.919, -29.733, -46.307, 49.533, 31.07, -0.16589, -0.39859, 0.67117, 0.60254
2025-06-14 21:03:23.506000,f8:a2:fd:ea:fb:80, -0.143, 1.463, 0.069, 195.801, -157.898, -59.265, 123.475, 24.966, -134.209, -17.447, -25.840, 57.240, 31.07, -0.16589, -0.39859, 0.67117, 0.60254
2025-06-14 21:03:23.595000,f8:a2:fd:ea:fb:80, -0.146, 0.811, -0.368, 88.501, -0.244, -22.034, 136.56, 29.949, -135.566, -17.447, -25.840, 57.240, 31.07, 0.07785, -0.42883, 0.78763, 0.43542
2025-06-14 21:03:23.686000,f8:a2:fd:ea:fb:80, -0.59, 0.382, 0.053, -112.61, 37.476, 48.462, 130.605, 26.581, -138.45, -17.447, -25.840, 57.240, 31.07, 0.07785, -0.42883, 0.78763, 0.43542
2025-06-14 21:03:23.805000,f8:a2:fd:ea:fb:80, -0.486, 0.728, -0.052, -254.333, -37.17, 96.069, 107.106, 17.996, -142.542, -17.433, -33.060, 59.653, 31.07, 0.07785, -0.42883, 0.78763, 0.43542
2025-06-14 21:03:23.924000,f8:a2:fd:ea:fb:80, -0.596, 1.274, -1.097, -255.371, 39.978, 76.477, 80.508, 10.366, -146.635, -17.433, -33.060, 59.653, 31.07, -0.16699, -0.24918, 0.5907, 0.74899
2025-06-14 21:03:23.985000,f8:a2:fd:ea:fb:80, 0.11, 0.675, -1.286, 51.025, -23.438, 10.376, 75.031, 8.344, -144.119, -17.433, -33.060, 59.653, 31.07, -0.16699, -0.24918, 0.5907, 0.74899
2025-06-14 21:03:24.135000,f8:a2:fd:ea:fb:80, -0.108, 0.933, -0.132, 96.375, -34.058, 1.465, 84.93, 13.804, -133.149, -26.480, -55.187, 41.407, 31.07, -0.20767, -0.37042, 0.61154, 0.66751
2025-06-14 21:03:24.195000,f8:a2:fd:ea:fb:80, -0.203, 1.06, -0.112, 53.345, 9.583, -4.15, 92.95, 13.958, -130.117, -26.480, -55.187, 41.407, 31.07, -0.20767, -0.37042, 0.61154, 0.66751
2025-06-14 21:03:24.285000,f8:a2:fd:ea:fb:80, -0.147, 0.955, -0.228, 26.917, -9.583, -9.338, 97.174, 14.48, -129.529, -26.480, -55.187, 41.407, 31.07, -0.20767, -0.37042, 0.61154, 0.66751
2025-06-14 21:03:24.407000,f8:a2:fd:ea:fb:80, -0.219, 0.937, -0.22, 37.048, -19.775, -10.681, 99.877, 15.403, -131.21, -29.160, -45.553, 50.187, 31.07, -0.1503, -0.37042, 0.61154, 0.66751
2025-06-14 21:03:24.524000,f8:a2:fd:ea:fb:80, -0.294, 1.009, -0.209, 62.622, 3.906, -21.057, 104.606, 16.425, -132.105, -29.160, -45.553, 50.187, 31.07, -0.1503, -0.39365, 0.67236, 0.60849
2025-06-14 21:03:24.584000,f8:a2:fd:ea:fb:80, -0.234, 1.646, -0.025, 136.108, -31.006, -47.668, 114.148, 19.468, -131.479, -29.160, -45.553, 50.187, 31.07, -0.1503, -0.39365, 0.67236, 0.60849
2025-06-14 21:03:24.794000,f8:a2:fd:ea:fb:80, -0.139, 1.447, -0.603, 155.701, -18.86, -76.843, 129.029, 27.18, -133.726, -17.053, -23.247, 58.927, 31.07, 0.07169, -0.45245, 0.78244, 0.42166
2025-06-14 21:03:24.886000,f8:a2:fd:ea:fb:80, -0.074, 0.532, 0.021, -25.085, 21.606, 7.446, 136.609, 29.053, -131.759, -17.053, -23.247, 58.927, 31.07, 0.07169, -0.45245, 0.78244, 0.42166
2025-06-14 21:03:24.915000,f8:a2:fd:ea:fb:80, -0.324, 0.502, -0.076, -196.045, 10.437, 72.205, 122.855, 24.011, -134.099, -17.053, -23.247, 58.927, 31.07, 0.07169, -0.45245, 0.78244, 0.42166
2025-06-14 21:03:25.035000,f8:a2:fd:ea:fb:80, -0.637, 1.125, -0.716, -233.948, -105.408, 112.061, 96.548, 16.452, -144.772, -20.987, -49.453, 49.713, 31.07, 0.07169, -0.45245, 0.78244, 0.42166
2025-06-14 21:03:25.125000,f8:a2:fd:ea:fb:80, -0.051, 1.041, -1.371, -132.568, -4.456, 41.687, 76.701, 9.498, -143.35, -20.987, -49.453, 49.713, 31.07, -0.20526, -0.25519, 0.55573, 0.76407
2025-06-14 21:03:25.215000,f8:a2:fd:ea:fb:80, -0.079, 1.953, 0.659, 71.838, 32.41, -15.686, 80.53, 11.635, -139.68, -20.987, -49.453, 49.713, 31.07, -0.20526, -0.25519, 0.55573, 0.76407
2025-06-14 21:03:25.335000,f8:a2:fd:ea:fb:80, -0.175, 1.027, -0.144, 72.571, -2.258, 5.615, 89.308, 14.112, -132.957, -28.693, -52.620, 44.540, 31.07, -0.20432, -0.3967, 0.62833, 0.63718
2025-06-14 21:03:25.426000,f8:a2:fd:ea:fb:80, -0.146, 1.049, -0.19, 46.997, 29.541, -9.644, 96.476, 14.425, -128.254, -28.693, -52.620, 44.540, 31.07, -0.20432, -0.3967, 0.62833, 0.63718
2025-06-14 21:03:25.515000,f8:a2:fd:ea:fb:80, -0.152, 0.979, -0.195, 21.484, 2.502, -6.165, 99.778, 14.722, -127.683, -28.693, -52.620, 44.540, 31.07, -0.20432, -0.3967, 0.62833, 0.63718
2025-06-14 21:03:25.636000,f8:a2:fd:ea:fb:80, -0.325, 0.978, -0.244, 34.546, -16.968, -6.775, 102.513, 15.205, -129.117, -28.433, -42.000, 49.300, 31.07, -0.20432, -0.3967, 0.62833, 0.63718
2025-06-14 21:03:25.726000,f8:a2:fd:ea:fb:80, -0.254, 0.945, -0.152, 81.848, 9.338, -35.339, 107.606, 16.831, -129.743, -28.433, -42.000, 49.300, 31.07, -0.13333, -0.42514, 0.69217, 0.56772
2025-06-14 21:03:25.816000,f8:a2:fd:ea:fb:80, -0.267, 1.812, 0.086, 159.485, -56.091, -51.27, 119.713, 21.006, -129.353, -28.433, -42.000, 49.300, 31.07, -0.13333, -0.42514, 0.69217, 0.56772
2025-06-14 21:03:25.935000,f8:a2:fd:ea:fb:80, -0.099, 0.983, -0.096, 121.033, -10.498, -50.415, 134.462, 29.064, -132.775, -15.300, -18.433, 58.353, 31.07, 0.06924, -0.43768, 0.7901, 0.42337
2025-06-14 21:03:26.026000,f8:a2:fd:ea:fb:80, -0.502, 0.333, 0.075, -89.905, 26.672, 40.71, 135.093, 28.229, -134.094, -15.300, -18.433, 58.353, 31.07, 0.06924, -0.43768, 0.7901, 0.42337
2025-06-14 21:03:26.116000,f8:a2:fd:ea:fb:80, -0.425, 0.657, 0.014, -253.052, -3.784, 91.797, 115.373, 20.572, -137.565, -15.300, -18.433, 58.353, 31.07, 0.06924, -0.43768, 0.7901, 0.42337
2025-06-14 21:03:26.236000,f8:a2:fd:ea:fb:80, -0.362, 1.286, -1.086, -272.827, 22.4, 84.045, 87.347, 13.03, -144.261, -21.767, -49.060, 48.873, 31.07, -0.2222, -0.2634, 0.53378, 0.77216
2025-06-14 21:03:26.326000,f8:a2:fd:ea:fb:80, -0.372, 0.82, -1.343, 5.371, -30.884, 18.127, 72.746, 9.662, -140.609, -21.767, -49.060, 48.873, 31.07, -0.2222, -0.2634, 0.53378, 0.77216
2025-06-14 21:03:26.422000,f8:a2:fd:ea:fb:80, -0.108, 0.83, -0.417, 62.195, 128.174, -14.587, 81.513, 13.304, -133.566, -21.767, -49.060, 48.873, 31.07, -0.2222, -0.2634, 0.53378, 0.77216
2025-06-14 21:03:26.534000,f8:a2:fd:ea:fb:80, -0.136, 1.041, -0.123, 46.326, 48.462, 0.061, 90.341, 13.942, -128.694, -30.460, -52.140, 42.987, 31.07, -0.21777, -0.40048, 0.61829, 0.64017
2025-06-14 21:03:26.625000,f8:a2:fd:ea:fb:80, -0.129, 0.981, -0.197, 32.593, 9.827, -9.766, 95.658, 14.178, -126.898, -30.460, -52.140, 42.987, 31.07, -0.21777, -0.40048, 0.61829, 0.64017
2025-06-14 21:03:26.716000,f8:a2:fd:ea:fb:80, -0.137, 0.973, -0.219, 36.621, -1.404, -8.423, 99.168, 14.716, -127.227, -30.460, -52.140, 42.987, 31.07, -0.21777, -0.40048, 0.61829, 0.64017
2025-06-14 21:03:26.836000,f8:a2:fd:ea:fb:80, -0.257, 0.99, -0.228, 61.523, 2.625, -14.099, 103.887, 15.474, -127.771, -29.547, -41.033, 49.040, 31.07, -0.14676, -0.44193, 0.68954, 0.5546
2025-06-14 21:03:26.926000,f8:a2:fd:ea:fb:80, -0.089, 1.316, -0.063, 112.671, 0.122, -29.419, 112.533, 17.084, -126.2, -29.547, -41.033, 49.040, 31.07, -0.14676, -0.44193, 0.68954, 0.5546
2025-06-14 21:03:27.014000,f8:a2:fd:ea:fb:80, -0.203, 1.503, -0.782, 179.81, -23.743, -73.181, 126.486, 23.829, -130.243, -29.547, -41.033, 49.040, 31.07, -0.14676, -0.44193, 0.68954, 0.5546
2025-06-14 21:03:27.136000,f8:a2:fd:ea:fb:80, -0.033, 0.391, -0.041, 25.696, -26.55, -3.967, 136.236, 28.323, -131.913, -17.013, -18.667, 59.873, 31.07, 0.02246, -0.43091, 0.76962, 0.47052
2025-06-14 21:03:27.226000,f8:a2:fd:ea:fb:80, -0.572, 0.381, -0.089, -192.139, 73.914, 56.641, 124.481, 24.351, -134.16, -17.013, -18.667, 59.873, 31.07, 0.02246, -0.43091, 0.76962, 0.47052
2025-06-14 21:03:27.316000,f8:a2:fd:ea:fb:80, -0.612, 1.063, -0.419, -249.146, -114.258, 85.815, 97.311, 16.804, -140.718, -17.013, -18.667, 59.873, 31.07, 0.02246, -0.43091, 0.76962, 0.47052
2025-06-14 21:03:27.436000,f8:a2:fd:ea:fb:80, -0.786, 1.036, -1.224, -150.696, -18.127, 44.067, 76.3, 10.596, -140.367, -23.940, -54.587, 40.880, 31.07, 0.02246, -0.43091, 0.76962, 0.47052
2025-06-14 21:03:27.526000,f8:a2:fd:ea:fb:80, -0.217, 1.157, 0.182, 74.585, 7.324, -29.663, 79.503, 11.794, -139.021, -23.940, -54.587, 40.880, 31.07, -0.21167, -0.3331, 0.57718, 0.71484
2025-06-14 21:03:27.619000,f8:a2:fd:ea:fb:80, -0.194, 0.994, 0.103, 75.134, 2.991, 7.812, 89.22, 14.041, -132.067, -23.940, -54.587, 40.880, 31.07, -0.21167, -0.3331, 0.57718, 0.71484
2025-06-14 21:03:27.765000,f8:a2:fd:ea:fb:80, -0.219, 1.018, -0.227, 42.603, 17.578, -6.714, 96.784, 13.881, -127.667, -32.193, -48.093, 46.407, 31.07, -0.21167, -0.3331, 0.57718, 0.71484
2025-06-14 21:03:27.856000,f8:a2:fd:ea:fb:80, -0.163, 0.943, -0.221, 24.292, -16.357, -0.122, 99.915, 14.128, -127.568, -32.193, -48.093, 46.407, 31.07, -0.19662, -0.40628, 0.64755, 0.61389
2025-06-14 21:03:27.916000,f8:a2:fd:ea:fb:80, -0.185, 0.982, -0.247, 35.889, -6.714, -6.653, 102.601, 14.392, -128.958, -32.193, -48.093, 46.407, 31.07, -0.19662, -0.40628, 0.64755, 0.61389
2025-06-14 21:03:28.040000,f8:a2:fd:ea:fb:80, -0.266, 1.086, -0.241, 71.594, 14.465, -26.306, 107.628, 15.425, -129.128, -27.607, -35.127, 50.147, 31.07, -0.19662, -0.40628, 0.64755, 0.61389
2025-06-14 21:03:28.126000,f8:a2:fd:ea:fb:80, -0.315, 1.69, 0.059, 151.55, -72.876, -44.495, 117.235, 18.858, -130.056, -27.607, -35.127, 50.147, 31.07, -0.08395, -0.4328, 0.73022, 0.52182
2025-06-14 21:03:28.216000,f8:a2:fd:ea:fb:80, -0.184, 1.346, -0.877, 151.306, -16.846, -69.641, 131.71, 25.499, -130.809, -27.607, -35.127, 50.147, 31.07, -0.08395, -0.4328, 0.73022, 0.52182
2025-06-14 21:03:28.336000,f8:a2:fd:ea:fb:80, -0.132, 0.418, 0.116, -51.331, -6.592, 11.292, 135.764, 27.18, -131.045, -17.807, -18.607, 58.333, 31.07, -0.08395, -0.4328, 0.73022, 0.52182
2025-06-14 21:03:28.425000,f8:a2:fd:ea:fb:80, -0.315, 0.569, -0.052, -224.67, 13.367, 82.703, 118.762, 22.033, -134.643, -17.807, -18.607, 58.333, 31.07, -0.08331, -0.38461, 0.71307, 0.58011
2025-06-14 21:03:28.548000,f8:a2:fd:ea:fb:80, -0.344, 1.313, -0.961, -254.517, -70.557, 104.126, 91.066, 13.942, -144.327, -17.807, -18.607, 58.333, 31.07, -0.08331, -0.38461, 0.71307, 0.58011
2025-06-14 21:03:28.636000,f8:a2:fd:ea:fb:80, -0.208, 0.962, -1.224, -64.88, -20.264, 24.17, 73.449, 8.19, -142.866, -24.640, -56.720, 39.633, 31.07, -0.08331, -0.38461, 0.71307, 0.58011
2025-06-14 21:03:28.846000,f8:a2:fd:ea:fb:80, -0.161, 1.117, -0.084, 35.034, 155.945, -36.438, 80.618, 11.854, -137.01, -24.640, -56.720, 39.633, 31.07, -0.2157, -0.30902, 0.56982, 0.73019
2025-06-14 21:03:28.846000,f8:a2:fd:ea:fb:80, -0.14, 1.085, -0.082, 60.12, 36.194, 2.869, 89.725, 13.881, -130.556, -24.640, -56.720, 39.633, 31.07, -0.2157, -0.30902, 0.56982, 0.73019
2025-06-14 21:03:28.966000,f8:a2:fd:ea:fb:80, -0.188, 0.998, -0.221, 36.377, 17.639, -9.583, 95.79, 14.189, -127.343, -31.320, -48.993, 45.613, 31.07, -0.2157, -0.30902, 0.56982, 0.73019
2025-06-14 21:03:29.056000,f8:a2:fd:ea:fb:80, -0.165, 0.935, -0.204, 33.447, -8.24, -5.249, 99.278, 14.606, -127.277, -31.320, -48.993, 45.613, 31.07, -0.19839, -0.4093, 0.64062, 0.61853
2025-06-14 21:03:29.146000,f8:a2:fd:ea:fb:80, -0.277, 1.049, -0.248, 52.246, -3.54, -10.681, 103.475, 15.117, -127.661, -31.320, -48.993, 45.613, 31.07, -0.19839, -0.4093, 0.64062, 0.61853
2025-06-14 21:03:29.267000,f8:a2:fd:ea:fb:80, -0.129, 1.148, -0.196, 105.652, 8.728, -34.119, 111.802, 17.001, -126.799, -24.867, -30.740, 51.653, 31.07, -0.19839, -0.4093, 0.64062, 0.61853
2025-06-14 21:03:29.356000,f8:a2:fd:ea:fb:80, 0.157, 1.605, -0.012, 179.871, -89.417, -54.016, 124.958, 23.313, -131.083, -24.867, -30.740, 51.653, 31.07, 0.00739, -0.44693, 0.76428, 0.46472
2025-06-14 21:03:29.446000,f8:a2:fd:ea:fb:80, -0.127, 0.533, -0.474, 81.055, -10.681, -17.7, 137.087, 28.872, -133.127, -24.867, -30.740, 51.653, 31.07, 0.00739, -0.44693, 0.76428, 0.46472
2025-06-14 21:03:29.565000,f8:a2:fd:ea:fb:80, -0.599, 0.332, 0.074, -138.367, 41.565, 56.885, 128.54, 24.461, -135.571, -19.053, -23.067, 59.800, 31.07, -0.09225, -0.34103, 0.70947, 0.60968
2025-06-14 21:03:29.657000,f8:a2:fd:ea:fb:80, -0.667, 1.022, -0.35, -254.761, -102.539, 102.539, 102.991, 16.199, -142.169, -19.053, -23.067, 59.800, 31.07, -0.09225, -0.34103, 0.70947, 0.60968
2025-06-14 21:03:29.746000,f8:a2:fd:ea:fb:80, -0.061, 1.15, -1.455, -171.997, 3.54, 46.814, 78.228, 8.41, -145.805, -19.053, -23.067, 59.800, 31.07, -0.09225, -0.34103, 0.70947, 0.60968
2025-06-14 21:03:29.866000,f8:a2:fd:ea:fb:80, -0.054, 1.813, 0.244, 95.703, 34.485, -23.804, 78.712, 10.344, -141.438, -24.887, -54.953, 42.240, 31.07, -0.20483, -0.35452, 0.60086, 0.68646
2025-06-14 21:03:29.956000,f8:a2:fd:ea:fb:80, -0.138, 1.076, -0.132, 72.144, -3.113, 9.399, 88.857, 13.903, -133.176, -24.887, -54.953, 42.240, 31.07, -0.20483, -0.35452, 0.60086, 0.68646
2025-06-14 21:03:30.046000,f8:a2:fd:ea:fb:80, -0.089, 1.065, -0.206, 40.161, 6.653, -6.775, 95.806, 13.804, -130.413, -24.887, -54.953, 42.240, 31.07, -0.20483, -0.35452, 0.60086, 0.68646
2025-06-14 21:03:30.166000,f8:a2:fd:ea:fb:80, -0.212, 0.953, -0.223, 29.541, -7.874, -10.132, 99.108, 14.524, -130.995, -30.153, -45.533, 49.793, 31.07, -0.20483, -0.35452, 0.60086, 0.68646
2025-06-14 21:03:30.256000,f8:a2:fd:ea:fb:80, -0.132, 0.924, -0.229, 45.959, -4.028, -10.559, 102.854, 15.293, -132.133, -30.153, -45.533, 49.793, 31.07, -0.15784, -0.38943, 0.67221, 0.60947
2025-06-14 21:03:30.376000,f8:a2:fd:ea:fb:80, -0.228, 1.081, -0.248, 73.608, 13.062, -28.625, 108.578, 16.573, -131.732, -30.153, -45.533, 49.793, 31.07, -0.15784, -0.38943, 0.67221, 0.60947
2025-06-14 21:03:30.467000,f8:a2:fd:ea:fb:80, 0.135, 1.984, 0.357, 189.087, -91.614, -52.795, 119.795, 21.105, -134.088, -20.393, -25.993, 56.680, 31.07, -0.15784, -0.38943, 0.67221, 0.60947
2025-06-14 21:03:30.556000,f8:a2:fd:ea:fb:80, -0.075, 1.131, -0.065, 121.46, -13.306, -46.204, 134.929, 28.328, -134.945, -20.393, -25.993, 56.680, 31.07, 0.07108, -0.43219, 0.79568, 0.41824
2025-06-14 21:03:30.646000,f8:a2:fd:ea:fb:80, -0.395, 0.272, 0.053, -101.257, 48.401, 14.771, 133.665, 26.801, -134.506, -20.393, -25.993, 56.680, 31.07, 0.07108, -0.43219, 0.79568, 0.41824
2025-06-14 21:03:30.767000,f8:a2:fd:ea:fb:80, -0.333, 0.666, 0.09, -249.817, -0.305, 84.229, 112.813, 19.797, -135.862, -21.207, -32.473, 57.727, 31.07, -0.13571, -0.29547, 0.63882, 0.6972
2025-06-14 21:03:30.856000,f8:a2:fd:ea:fb:80, -0.346, 1.343, -0.905, -254.578, -21.973, 99.182, 85.803, 12.382, -144.426, -21.207, -32.473, 57.727, 31.07, -0.13571, -0.29547, 0.63882, 0.6972
2025-06-14 21:03:30.948000,f8:a2:fd:ea:fb:80, -0.566, 0.873, -1.175, -39.917, -14.099, 21.484, 72.565, 8.212, -141.779, -21.207, -32.473, 57.727, 31.07, -0.13571, -0.29547, 0.63882, 0.6972
2025-06-14 21:03:31.067000,f8:a2:fd:ea:fb:80, -0.136, 0.89, -0.382, 34.973, 131.775, -26.001, 80.057, 11.766, -135.78, -26.307, -55.980, 39.960, 31.07, -0.13571, -0.29547, 0.63882, 0.6972
2025-06-14 21:03:31.160000,f8:a2:fd:ea:fb:80, -0.103, 1.081, -0.054, 67.322, -0.122, -1.953, 88.967, 12.805, -133.605, -26.307, -55.980, 39.960, 31.07, -0.21069, -0.34473, 0.60214, 0.68851
2025-06-14 21:03:31.246000,f8:a2:fd:ea:fb:80, -0.127, 1.015, -0.199, 40.649, 6.531, -11.536, 95.125, 13.53, -130.375, -26.307, -55.980, 39.960, 31.07, -0.21069, -0.34473, 0.60214, 0.68851
2025-06-14 21:03:31.366000,f8:a2:fd:ea:fb:80, -0.111, 0.949, -0.224, 27.649, -16.968, -8.484, 98.053, 14.167, -131.017, -29.540, -46.073, 49.820, 31.07, -0.16425, -0.38242, 0.66437, 0.62073
2025-06-14 21:03:31.456000,f8:a2:fd:ea:fb:80, -0.224, 0.981, -0.19, 57.617, -19.714, -18.188, 101.354, 15.189, -133.182, -29.540, -46.073, 49.820, 31.07, -0.16425, -0.38242, 0.66437, 0.62073
2025-06-14 21:03:31.546000,f8:a2:fd:ea:fb:80, -0.221, 1.199, -0.131, 112.427, 1.404, -40.283, 108.891, 17.43, -131.797, -29.540, -46.073, 49.820, 31.07, -0.16425, -0.38242, 0.66437, 0.62073
2025-06-14 21:03:31.696000,f8:a2:fd:ea:fb:80, 0.07, 1.492, -0.296, 192.261, -89.966, -77.271, 122.333, 24.335, -136.252, -17.360, -25.067, 57.980, 31.07, -0.16425, -0.38242, 0.66437, 0.62073
2025-06-14 21:03:31.757000,f8:a2:fd:ea:fb:80, -0.066, 0.487, -0.276, 47.18, 15.869, -15.747, 135.5, 29.355, -136.494, -17.360, -25.067, 57.980, 31.07, 0.08249, -0.42065, 0.79755, 0.42435
2025-06-14 21:03:31.846000,f8:a2:fd:ea:fb:80, -0.585, 0.419, -0.041, -147.583, 40.405, 55.664, 128.941, 25.757, -138.082, -17.360, -25.067, 57.980, 31.07, 0.08249, -0.42065, 0.79755, 0.42435
2025-06-14 21:03:31.967000,f8:a2:fd:ea:fb:80, -0.701, 0.907, -0.173, -241.821, -86.243, 93.445, 104.996, 17.287, -142.443, -18.273, -40.567, 56.967, 31.07, 0.08249, -0.42065, 0.79755, 0.42435
2025-06-14 21:03:32.058000,f8:a2:fd:ea:fb:80, -0.55, 1.166, -0.94, -218.384, 32.227, 66.345, 80.184, 8.734, -146.997, -18.273, -40.567, 56.967, 31.07, -0.1748, -0.23685, 0.59283, 0.74954
2025-06-14 21:03:32.147000,f8:a2:fd:ea:fb:80, -0.19, 0.581, -0.988, 62.988, 3.235, -10.315, 75.745, 8.773, -143.009, -18.273, -40.567, 56.967, 31.07, -0.1748, -0.23685, 0.59283, 0.74954
2025-06-14 21:03:32.297000,f8:a2:fd:ea:fb:80, -0.07, 0.845, -0.172, 63.416, 33.63, -16.724, 85.353, 13.403, -135.725, -25.780, -54.367, 43.073, 31.07, -0.1748, -0.23685, 0.59283, 0.74954
2025-06-14 21:03:32.357000,f8:a2:fd:ea:fb:80, -0.286, 0.995, -0.082, 49.194, 55.786, -10.681, 92.236, 14.068, -132.039, -25.780, -54.367, 43.073, 31.07, -0.19687, -0.3566, 0.61411, 0.6759
2025-06-14 21:03:32.450000,f8:a2:fd:ea:fb:80, -0.178, 0.969, -0.128, 27.405, 13.062, -8.118, 97.004, 14.744, -129.37, -25.780, -54.367, 43.073, 31.07, -0.19687, -0.3566, 0.61411, 0.6759
2025-06-14 21:03:32.567000,f8:a2:fd:ea:fb:80, -0.188, 0.928, -0.188, 30.884, 14.282, -7.385, 100.245, 15.106, -129.166, -30.427, -44.513, 48.860, 31.07, -0.19687, -0.3566, 0.61411, 0.6759
2025-06-14 21:03:32.717000,f8:a2:fd:ea:fb:80, -0.408, 1.1, -0.219, 54.749, -18.188, -17.212, 104.54, 15.897, -129.232, -30.427, -44.513, 48.860, 31.07, -0.1438, -0.41394, 0.68256, 0.58475
2025-06-14 21:03:32.746000,f8:a2:fd:ea:fb:80, -0.165, 1.319, -0.005, 148.376, -28.015, -48.706, 113.445, 19.325, -130.88, -30.427, -44.513, 48.860, 31.07, -0.1438, -0.41394, 0.68256, 0.58475
2025-06-14 21:03:32.959000,f8:a2:fd:ea:fb:80, -0.226, 1.625, -0.878, 179.688, -40.771, -76.965, 129.463, 26.971, -132.413, -16.233, -19.020, 59.860, 31.07, -0.1438, -0.41394, 0.68256, 0.58475
2025-06-14 21:03:32.959000,f8:a2:fd:ea:fb:80, -0.205, 0.482, 0.066, 13.245, -14.709, 9.155, 136.653, 29.943, -134.242, -16.233, -19.020, 59.860, 31.07, -0.1438, -0.41394, 0.68256, 0.58475
2025-06-14 21:03:33.107000,f8:a2:fd:ea:fb:80, -0.363, 0.443, -0.098, -192.81, 52.368, 70.129, 122.899, 23.038, -135.165, -16.233, -19.020, 59.860, 31.07, 0.06561, -0.43262, 0.78717, 0.43448
2025-06-14 21:03:33.226000,f8:a2:fd:ea:fb:80, -0.556, 1.113, -0.542, -242.432, -133.728, 96.13, 95.927, 16.271, -144.613, -16.233, -19.020, 59.860, 31.07, 0.06561, -0.43262, 0.78717, 0.43448
2025-06-14 21:03:33.347000,f8:a2:fd:ea:fb:80, -0.135, 1.14, -1.162, -192.078, 46.936, 53.345, 73.647, 9.031, -143.608, -20.793, -53.440, 44.007, 31.07, 0.06561, -0.43262, 0.78717, 0.43448
2025-06-14 21:03:33.407000,f8:a2:fd:ea:fb:80, -0.157, 1.666, 0.889, 76.721, 54.932, -23.987, 76.481, 10.684, -139.867, -20.793, -53.440, 44.007, 31.07, -0.21451, -0.29831, 0.56012, 0.74237
2025-06-14 21:03:33.526000,f8:a2:fd:ea:fb:80, -0.257, 1.014, -0.027, 55.359, 16.541, 4.456, 86.127, 13.81, -131.479, -20.793, -53.440, 44.007, 31.07, -0.21451, -0.29831, 0.56012, 0.74237
2025-06-14 21:03:33.619000,f8:a2:fd:ea:fb:80, -0.164, 1.021, -0.113, 42.847, 18.372, -4.639, 92.95, 13.81, -127.31, -20.793, -53.440, 44.007, 31.07, -0.21451, -0.29831, 0.56012, 0.74237
2025-06-14 21:03:33.678000,f8:a2:fd:ea:fb:80, -0.146, 0.949, -0.169, 20.142, -15.015, -3.174, 96.251, 13.936, -127.798, -31.993, -49.227, 44.493, 31.07, -0.21451, -0.29831, 0.56012, 0.74237
2025-06-14 21:03:33.797000,f8:a2:fd:ea:fb:80, -0.198, 0.976, -0.127, 47.363, -16.846, -10.559, 98.987, 14.491, -129.88, -31.993, -49.227, 44.493, 31.07, -0.18442, -0.39371, 0.6499, 0.62329
2025-06-14 21:03:33.887000,f8:a2:fd:ea:fb:80, -0.207, 1.144, -0.256, 99.854, 3.113, -33.691, 105.826, 15.859, -129.144, -31.993, -49.227, 44.493, 31.07, -0.18442, -0.39371, 0.6499, 0.62329
2025-06-14 21:03:33.978000,f8:a2:fd:ea:fb:80, 0.04, 1.73, 0.227, 189.575, -113.586, -51.025, 118.043, 20.577, -130.666, -22.393, -28.160, 56.393, 31.07, -0.18442, -0.39371, 0.6499, 0.62329
2025-06-14 21:03:34.126000,f8:a2:fd:ea:fb:80, -0.123, 1.128, -0.238, 124.146, -7.874, -44.25, 132.671, 27.4, -132.687, -22.393, -28.160, 56.393, 31.07, 0.04541, -0.44452, 0.7785, 0.44067
2025-06-14 21:03:34.187000,f8:a2:fd:ea:fb:80, -0.414, 0.399, 0.091, -83.801, 23.865, 20.203, 133.242, 27.252, -133.407, -22.393, -28.160, 56.393, 31.07, 0.04541, -0.44452, 0.7785, 0.44067
2025-06-14 21:03:34.278000,f8:a2:fd:ea:fb:80, -0.479, 0.696, -0.003, -239.014, -5.859, 90.332, 113.428, 20.5, -136.154, -20.660, -30.380, 58.553, 31.07, -0.11237, -0.31323, 0.66183, 0.67166
2025-06-14 21:03:34.398000,f8:a2:fd:ea:fb:80, -0.435, 1.292, -0.855, -260.62, -6.958, 92.468, 86.677, 13.024, -144.86, -20.660, -30.380, 58.553, 31.07, -0.11237, -0.31323, 0.66183, 0.67166
2025-06-14 21:03:34.488000,f8:a2:fd:ea:fb:80, -0.767, 0.833, -1.253, -39.612, 37.109, 8.24, 73.482, 9.608, -142.07, -20.660, -30.380, 58.553, 31.07, -0.11237, -0.31323, 0.66183, 0.67166
2025-06-14 21:03:34.577000,f8:a2:fd:ea:fb:80, -0.176, 1.144, -0.369, 52.124, 64.575, -20.325, 81.09, 12.354, -137.263, -26.273, -55.853, 41.473, 31.07, -0.11237, -0.31323, 0.66183, 0.67166
2025-06-14 21:03:34.727000,f8:a2:fd:ea:fb:80, -0.152, 1.043, -0.107, 77.026, -33.875, -1.77, 89.907, 13.31, -134.984, -26.273, -55.853, 41.473, 31.07, -0.19339, -0.34439, 0.61691, 0.68066
2025-06-14 21:03:34.788000,f8:a2:fd:ea:fb:80, -0.131, 1.035, -0.199, 36.621, -25.818, -3.662, 94.449, 13.738, -134.346, -26.273, -55.853, 41.473, 31.07, -0.19339, -0.34439, 0.61691, 0.68066
2025-06-14 21:03:34.877000,f8:a2:fd:ea:fb:80, -0.114, 0.924, -0.192, 25.513, -3.479, -8.789, 97.185, 14.288, -136.022, -26.360, -46.340, 51.713, 31.07, -0.14526, -0.35806, 0.67133, 0.63235
2025-06-14 21:03:34.996000,f8:a2:fd:ea:fb:80, -0.285, 1.032, -0.182, 47.913, 8.057, -20.508, 101.069, 15.436, -136.417, -26.360, -46.340, 51.713, 31.07, -0.14526, -0.35806, 0.67133, 0.63235
2025-06-14 21:03:35.088000,f8:a2:fd:ea:fb:80, 0.007, 1.193, -0.135, 107.3, 24.475, -39.917, 109.506, 17.325, -133.55, -26.360, -46.340, 51.713, 31.07, -0.14526, -0.35806, 0.67133, 0.63235
2025-06-14 21:03:35.177000,f8:a2:fd:ea:fb:80, -0.153, 1.458, -0.711, 182.739, -30.701, -97.595, 124.173, 23.901, -135.28, -20.187, -28.540, 55.193, 31.07, -0.14526, -0.35806, 0.67133, 0.63235
2025-06-14 21:03:35.297000,f8:a2:fd:ea:fb:80, -0.019, 0.369, -0.3, 6.531, 37.231, -46.448, 136.708, 27.521, -130.089, -20.187, -28.540, 55.193, 31.07, 0.04572, -0.44922, 0.77963, 0.43378
2025-06-14 21:03:35.388000,f8:a2:fd:ea:fb:80, -0.541, 0.456, -0.023, -185.913, 28.687, 31.86, 127.161, 26.06, -129.216, -20.187, -28.540, 55.193, 31.07, 0.04572, -0.44922, 0.77963, 0.43378
2025-06-14 21:03:35.480000,f8:a2:fd:ea:fb:80, -0.706, 1.054, -0.438, -260.864, -87.708, 95.764, 100.151, 19.358, -134.253, -22.840, -45.913, 50.300, 31.07, 0.04572, -0.44922, 0.77963, 0.43378
2025-06-14 21:03:35.597000,f8:a2:fd:ea:fb:80, 0.171, 1.121, -1.171, -160.034, -23.987, 55.847, 76.465, 9.921, -139.647, -22.840, -45.913, 50.300, 31.07, -0.21646, -0.27893, 0.55933, 0.74994
2025-06-14 21:03:35.686000,f8:a2:fd:ea:fb:80, -0.337, 1.723, -0.033, 88.745, -9.094, 0.305, 76.987, 10.173, -137.697, -22.840, -45.913, 50.300, 31.07, -0.21646, -0.27893, 0.55933, 0.74994
2025-06-14 21:03:35.837000,f8:a2:fd:ea:fb:80, -0.19, 0.895, -0.019, 59.082, 18.005, 6.958, 86.66, 12.744, -130.93, -29.373, -53.873, 41.073, 31.07, -0.21646, -0.27893, 0.55933, 0.74994
2025-06-14 21:03:35.897000,f8:a2:fd:ea:fb:80, -0.165, 1, -0.133, 45.349, -1.953, -2.563, 92.933, 12.557, -130.007, -29.373, -53.873, 41.073, 31.07, -0.21918, -0.37183, 0.61838, 0.65665
2025-06-14 21:03:35.986000,f8:a2:fd:ea:fb:80, -0.166, 0.979, -0.214, 36.682, -14.465, -8.667, 96.718, 12.98, -131.012, -29.373, -53.873, 41.073, 31.07, -0.21918, -0.37183, 0.61838, 0.65665
2025-06-14 21:03:36.077000,f8:a2:fd:ea:fb:80, -0.127, 1, -0.201, 42.786, -15.32, -9.033, 100.629, 13.76, -131.611, -27.733, -41.400, 50.960, 31.07, -0.21918, -0.37183, 0.61838, 0.65665
2025-06-14 21:03:36.197000,f8:a2:fd:ea:fb:80, -0.504, 1.066, -0.186, 66.345, 16.907, -25.391, 105.617, 15.035, -132.127, -27.733, -41.400, 50.960, 31.07, -0.14163, -0.39816, 0.6954, 0.58112
2025-06-14 21:03:36.288000,f8:a2:fd:ea:fb:80, -0.457, 1.46, 0.087, 159.058, -73.303, -51.392, 115.818, 18.913, -132.731, -27.733, -41.400, 50.960, 31.07, -0.14163, -0.39816, 0.6954, 0.58112
2025-06-14 21:03:36.438000,f8:a2:fd:ea:fb:80, -0.031, 1.538, -0.914, 130.615, 67.017, -105.408, 130.32, 25.834, -132.605, -17.160, -21.287, 57.927, 31.07, -0.14163, -0.39816, 0.6954, 0.58112
2025-06-14 21:03:36.498000,f8:a2:fd:ea:fb:80, -0.057, 0.469, -0.052, -36.072, 13.733, -17.334, 136.934, 27.845, -128.617, -17.160, -21.287, 57.927, 31.07, 0.05103, -0.47049, 0.7778, 0.41348
2025-06-14 21:03:36.588000,f8:a2:fd:ea:fb:80, -0.415, 0.533, -0.128, -203.369, 5.798, 60.852, 120.361, 24.439, -131.534, -17.160, -21.287, 57.927, 31.07, 0.05103, -0.47049, 0.7778, 0.41348
2025-06-14 21:03:36.708000,f8:a2:fd:ea:fb:80, -0.521, 1.165, -0.772, -239.258, -119.507, 123.962, 92.494, 15.156, -142.009, -22.167, -50.427, 48.000, 31.07, 0.05103, -0.47049, 0.7778, 0.41348
2025-06-14 21:03:36.798000,f8:a2:fd:ea:fb:80, -0.897, 0.999, -1.627, -103.027, -34.18, 47.058, 75.515, 4.9, -147.585, -22.167, -50.427, 48.000, 31.07, -0.20023, -0.20596, 0.57364, 0.767
2025-06-14 21:03:36.917000,f8:a2:fd:ea:fb:80, 0.02, 1.033, -0.262, 50.476, 138.306, -35.645, 80.728, 8.86, -138.983, -22.167, -50.427, 48.000, 31.07, -0.20023, -0.20596, 0.57364, 0.767
2025-06-14 21:03:36.978000,f8:a2:fd:ea:fb:80, -0.198, 1.098, -0.146, 54.26, 36.743, -4.822, 89.39, 10.931, -134.313, -22.167, -50.427, 48.000, 31.07, -0.20023, -0.20596, 0.57364, 0.767
2025-06-14 21:03:37.098000,f8:a2:fd:ea:fb:80, -0.083, 1.038, -0.174, 40.405, 9.888, -12.634, 95.62, 11.904, -131.704, -22.167, -50.427, 48.000, 31.07, -0.20023, -0.20596, 0.57364, 0.767
2025-06-14 21:03:37.187000,f8:a2:fd:ea:fb:80, -0.181, 0.992, -0.232, 33.203, 1.709, -11.597, 99.487, 12.925, -132.391, -22.167, -50.427, 48.000, 31.07, -0.20023, -0.20596, 0.57364, 0.767
2025-06-14 21:03:37.277000,f8:a2:fd:ea:fb:80, -0.215, 1.021, -0.238, 42.297, -21.423, -11.719, 102.887, 13.892, -133.083, -30.967, -43.233, 49.893, 31.07, -0.14374, -0.38123, 0.69351, 0.59406
2025-06-14 21:03:37.427000,f8:a2:fd:ea:fb:80, -0.197, 1.106, -0.222, 94.055, 21.79, -34.851, 108.957, 15.716, -132.473, -30.967, -43.233, 49.893, 31.07, -0.14374, -0.38123, 0.69351, 0.59406
2025-06-14 21:03:37.517000,f8:a2:fd:ea:fb:80, -0.338, 1.625, 0.15, 187.012, -125.916, -52.368, 121.086, 21.533, -136.417, -30.967, -43.233, 49.893, 31.07, -0.14374, -0.38123, 0.69351, 0.59406
2025-06-14 21:03:37.609000,f8:a2:fd:ea:fb:80, 0.044, 0.846, 0.064, 85.632, -14.038, -33.569, 134.687, 27.202, -136.132, -17.413, -21.227, 58.320, 31.07, -0.14374, -0.38123, 0.69351, 0.59406
2025-06-14 21:03:37.757000,f8:a2:fd:ea:fb:80, -0.412, 0.461, 0.049, -112.244, 24.109, 42.786, 131.484, 26.356, -137.752, -17.413, -21.227, 58.320, 31.07, 0.061, -0.41238, 0.79901, 0.4332
2025-06-14 21:03:37.818000,f8:a2:fd:ea:fb:80, -0.451, 0.755, -0.034, -252.136, -17.7, 92.407, 109.968, 18.946, -140.856, -17.413, -21.227, 58.320, 31.07, 0.061, -0.41238, 0.79901, 0.4332
2025-06-14 21:03:37.907000,f8:a2:fd:ea:fb:80, -0.518, 1.221, -1.238, -233.521, -1.953, 76.294, 83.87, 11.305, -147.003, -20.433, -49.193, 50.240, 31.07, 0.061, -0.41238, 0.79901, 0.4332
2025-06-14 21:03:38.058000,f8:a2:fd:ea:fb:80, -0.744, 0.781, -1.352, 41.382, 7.69, -1.953, 76.503, 9.673, -143.822, -20.433, -49.193, 50.240, 31.07, -0.19217, -0.24588, 0.56192, 0.76599
2025-06-14 21:03:38.120000,f8:a2:fd:ea:fb:80, -0.058, 0.955, -0.072, 59.753, 92.407, -17.029, 87.286, 14.277, -134.401, -20.433, -49.193, 50.240, 31.07, -0.19217, -0.24588, 0.56192, 0.76599
2025-06-14 21:03:38.208000,f8:a2:fd:ea:fb:80, -0.219, 1.037, -0.21, 66.589, 36.316, -3.235, 96.416, 14.485, -130.479, -28.827, -50.820, 47.400, 31.07, -0.18259, -0.39923, 0.6539, 0.61609
2025-06-14 21:03:38.330000,f8:a2:fd:ea:fb:80, -0.129, 1.036, -0.267, 25.94, -9.155, -5.432, 101.052, 14.782, -129.617, -28.827, -50.820, 47.400, 31.07, -0.18259, -0.39923, 0.6539, 0.61609
2025-06-14 21:03:38.417000,f8:a2:fd:ea:fb:80, -0.196, 0.926, -0.233, 31.738, -24.048, -5.615, 103.315, 15.452, -131.21, -25.680, -39.680, 52.180, 31.07, -0.18259, -0.39923, 0.6539, 0.61609
2025-06-14 21:03:38.507000,f8:a2:fd:ea:fb:80, -0.269, 0.931, -0.255, 48.462, -7.263, -17.578, 107.012, 16.463, -132.402, -25.680, -39.680, 52.180, 31.07, -0.12027, -0.40799, 0.70261, 0.57037
2025-06-14 21:03:38.658000,f8:a2:fd:ea:fb:80, -0.391, 1.319, -0.04, 123.596, -18.982, -39.978, 115.664, 19.072, -131.314, -25.680, -39.680, 52.180, 31.07, -0.12027, -0.40799, 0.70261, 0.57037
2025-06-14 21:03:38.807000,f8:a2:fd:ea:fb:80, -0.253, 1.604, -0.897, 160.767, -7.019, -94.727, 129.732, 26.889, -133.852, -14.133, -17.380, 59.813, 31.07, -0.12027, -0.40799, 0.70261, 0.57037
2025-06-14 21:03:38.809000,f8:a2:fd:ea:fb:80, -0.11, 0.496, -0.182, 4.028, -1.892, -5.188, 137.867, 29.943, -133.539, -14.133, -17.380, 59.813, 31.07, -0.12027, -0.40799, 0.70261, 0.57037
2025-06-14 21:03:38.927000,f8:a2:fd:ea:fb:80, -0.253, 0.563, -0.155, -213.074, 18.86, 87.219, 122.822, 24.219, -136.527, -14.133, -17.380, 59.813, 31.07, 0.06393, -0.43295, 0.78571, 0.43704
2025-06-14 21:03:39.018000,f8:a2:fd:ea:fb:80, -0.626, 1.433, -0.867, -256.104, -80.078, 111.328, 95.718, 15.161, -144.734, -14.133, -17.380, 59.813, 31.07, 0.06393, -0.43295, 0.78571, 0.43704
2025-06-14 21:03:39.137000,f8:a2:fd:ea:fb:80, 0.216, 1.03, -1.28, -107.849, -25.024, 47.668, 74.784, 6.328, -144.272, -23.633, -55.213, 39.733, 31.07, 0.06393, -0.43295, 0.78571, 0.43704
2025-06-14 21:03:39.230000,f8:a2:fd:ea:fb:80, -0.25, 2.106, 1.032, 71.106, 4.883, -23.376, 78.283, 8.168, -141.801, -23.633, -55.213, 39.733, 31.07, -0.21201, -0.2554, 0.57474, 0.74792
2025-06-14 21:03:39.318000,f8:a2:fd:ea:fb:80, -0.158, 1.104, -0.115, 66.65, 28.015, -7.202, 87.913, 12.036, -134.176, -23.633, -55.213, 39.733, 31.07, -0.21201, -0.2554, 0.57474, 0.74792
2025-06-14 21:03:39.408000,f8:a2:fd:ea:fb:80, -0.096, 0.996, -0.187, 50.781, 1.892, -5.554, 95.12, 12.689, -131.946, -30.100, -48.193, 48.367, 31.07, -0.21201, -0.2554, 0.57474, 0.74792
2025-06-14 21:03:39.558000,f8:a2:fd:ea:fb:80, -0.193, 1.013, -0.188, 29.663, -21.667, -5.554, 98.641, 13.167, -132.698, -30.100, -48.193, 48.367, 31.07, -0.17435, -0.36954, 0.66473, 0.62537
2025-06-14 21:03:39.618000,f8:a2:fd:ea:fb:80, -0.23, 0.978, -0.242, 32.532, -13.794, -9.094, 101.305, 13.843, -134.555, -30.100, -48.193, 48.367, 31.07, -0.17435, -0.36954, 0.66473, 0.62537
2025-06-14 21:03:39.789000,f8:a2:fd:ea:fb:80, -0.315, 1.009, -0.191, 63.782, 18.982, -29.114, 105.551, 15.227, -134.681, -26.120, -36.067, 53.847, 31.07, -0.17435, -0.36954, 0.66473, 0.62537
2025-06-14 21:03:39.859000,f8:a2:fd:ea:fb:80, -0.302, 1.657, 0.107, 144.47, -21.362, -47.791, 115.939, 18.358, -133.154, -26.120, -36.067, 53.847, 31.07, -0.17435, -0.36954, 0.66473, 0.62537
2025-06-14 21:03:39.918000,f8:a2:fd:ea:fb:80, -0.234, 1.447, -0.574, 152.283, -4.272, -86.609, 130.919, 26.109, -134.753, -26.120, -36.067, 53.847, 31.07, 0.04251, -0.43066, 0.78448, 0.44406
2025-06-14 21:03:40.008000,f8:a2:fd:ea:fb:80, -0.092, 0.48, 0.048, -35.4, -2.686, 2.869, 136.126, 28.74, -134.138, -26.120, -36.067, 53.847, 31.07, 0.04251, -0.43066, 0.78448, 0.44406
2025-06-14 21:03:40.158000,f8:a2:fd:ea:fb:80, -0.455, 0.526, -0.188, -214.111, 22.827, 72.876, 119.564, 23.604, -136.901, -18.300, -33.887, 58.713, 31.07, 0.04251, -0.43066, 0.78448, 0.44406
2025-06-14 21:03:40.247000,f8:a2:fd:ea:fb:80, -0.63, 1.24, -0.835, -247.437, -126.709, 105.652, 91.461, 14.31, -145.217, -18.300, -33.887, 58.713, 31.07, -0.13034, -0.28229, 0.64093, 0.70172
2025-06-14 21:03:40.308000,f8:a2:fd:ea:fb:80, 0.069, 0.946, -1.274, -94.238, -23.01, 44.617, 73.735, 6.872, -144.998, -18.300, -33.887, 58.713, 31.07, -0.13034, -0.28229, 0.64093, 0.70172
2025-06-14 21:03:40.459000,f8:a2:fd:ea:fb:80, -0.178, 1.822, 0.833, 53.833, 93.506, -23.56, 80.359, 10.02, -139.526, -25.973, -55.667, 40.113, 31.07, -0.13034, -0.28229, 0.64093, 0.70172
2025-06-14 21:03:40.518000,f8:a2:fd:ea:fb:80, -0.164, 1.14, -0.193, 69.824, -3.601, 3.479, 89.72, 12.519, -133.055, -25.973, -55.667, 40.113, 31.07, -0.20819, -0.35233, 0.61642, 0.67261
2025-06-14 21:03:40.608000,f8:a2:fd:ea:fb:80, -0.186, 1.043, -0.179, 49.316, -0.366, -11.963, 96.037, 13.074, -130.501, -25.973, -55.667, 40.113, 31.07, -0.20819, -0.35233, 0.61642, 0.67261
2025-06-14 21:03:40.727000,f8:a2:fd:ea:fb:80, -0.128, 0.925, -0.193, 31.982, -13.672, -9.155, 99.283, 13.942, -130.688, -29.453, -46.053, 50.293, 31.07, -0.20819, -0.35233, 0.61642, 0.67261
2025-06-14 21:03:40.818000,f8:a2:fd:ea:fb:80, -0.293, 0.983, -0.244, 45.715, -10.864, -12.39, 102.909, 14.886, -132.133, -29.453, -46.053, 50.293, 31.07, -0.14801, -0.3902, 0.68457, 0.59756
2025-06-14 21:03:40.968000,f8:a2:fd:ea:fb:80, -0.406, 1.119, -0.196, 85.449, 34.912, -32.715, 109.237, 16.254, -131.325, -29.453, -46.053, 50.293, 31.07, -0.14801, -0.3902, 0.68457, 0.59756
2025-06-14 21:03:41.027000,f8:a2:fd:ea:fb:80, 0.11, 1.813, 0.351, 176.575, -98.877, -47.974, 120.778, 19.759, -131.567, -18.140, -22.367, 59.213, 31.07, -0.14801, -0.3902, 0.68457, 0.59756
2025-06-14 21:03:41.117000,f8:a2:fd:ea:fb:80, -0.045, 0.916, 0.033, 104.248, -35.461, -56.152, 135.022, 27.96, -133.737, -18.140, -22.367, 59.213, 31.07, 0.07883, -0.43573, 0.7937, 0.41693
2025-06-14 21:03:41.208000,f8:a2:fd:ea:fb:80, -0.307, 0.383, 0.114, -105.103, 12.939, 33.447, 133.154, 28.295, -135.632, -18.140, -22.367, 59.213, 31.07, 0.07883, -0.43573, 0.7937, 0.41693
2025-06-14 21:03:41.329000,f8:a2:fd:ea:fb:80, -0.275, 0.74, -0.029, -241.638, -10.559, 104.675, 112.56, 20.885, -139.131, -17.360, -36.247, 58.780, 31.07, 0.07883, -0.43573, 0.7937, 0.41693
2025-06-14 21:03:41.448000,f8:a2:fd:ea:fb:80, -0.369, 1.407, -0.964, -255.859, 3.479, 100.525, 85.814, 11.926, -146.569, -17.360, -36.247, 58.780, 31.07, -0.14175, -0.26761, 0.62659, 0.71802
2025-06-14 21:03:41.538000,f8:a2:fd:ea:fb:80, -0.341, 0.841, -1.234, -24.963, 7.874, 12.268, 72.202, 7.487, -143.509, -17.360, -36.247, 58.780, 31.07, -0.14175, -0.26761, 0.62659, 0.71802
2025-06-14 21:03:41.658000,f8:a2:fd:ea:fb:80, -0.23, 0.814, -0.634, 45.105, 148.804, -34.058, 81.205, 12.14, -136.758, -25.433, -56.427, 40.180, 31.07, -0.14175, -0.26761, 0.62659, 0.71802
2025-06-14 21:03:41.748000,f8:a2:fd:ea:fb:80, -0.175, 1.135, -0.086, 66.528, 60.608, -1.343, 90.89, 13.672, -130.474, -25.433, -56.427, 40.180, 31.07, -0.21469, -0.37216, 0.60745, 0.66806
2025-06-14 21:03:41.838000,f8:a2:fd:ea:fb:80, -0.153, 1.019, -0.205, 34.424, 23.315, -8.362, 97.322, 13.782, -127.601, -25.433, -56.427, 40.180, 31.07, -0.21469, -0.37216, 0.60745, 0.66806
2025-06-14 21:03:41.988000,f8:a2:fd:ea:fb:80, -0.192, 0.969, -0.232, 27.649, -8.301, -5.371, 100.629, 14.178, -127.617, -30.587, -46.200, 49.013, 31.07, -0.21469, -0.37216, 0.60745, 0.66806
2025-06-14 21:03:42.048000,f8:a2:fd:ea:fb:80, -0.232, 0.952, -0.293, 36.194, -13.428, -9.155, 103.563, 14.826, -129.122, -30.587, -46.200, 49.013, 31.07, -0.16501, -0.40756, 0.67441, 0.59308
2025-06-14 21:03:42.138000,f8:a2:fd:ea:fb:80, -0.175, 0.975, -0.181, 80.75, 20.325, -32.715, 109.391, 16.375, -128.502, -30.587, -46.200, 49.013, 31.07, -0.16501, -0.40756, 0.67441, 0.59308
2025-06-14 21:03:42.289000,f8:a2:fd:ea:fb:80, -0.125, 1.736, 0.229, 171.814, -71.106, -51.147, 121.509, 21.308, -130.485, -19.240, -23.840, 57.753, 31.07, -0.16501, -0.40756, 0.67441, 0.59308
2025-06-14 21:03:42.349000,f8:a2:fd:ea:fb:80, -0.107, 1.125, -0.254, 131.653, -47.852, -44.739, 135.676, 28.427, -132.045, -19.240, -23.840, 57.753, 31.07, 0.07523, -0.44745, 0.78821, 0.41562
2025-06-14 21:03:42.439000,f8:a2:fd:ea:fb:80, -0.479, 0.413, 0.068, -83.74, 9.155, 32.959, 133.885, 28.4, -134.687, -19.240, -23.840, 57.753, 31.07, 0.07523, -0.44745, 0.78821, 0.41562
2025-06-14 21:03:42.559000,f8:a2:fd:ea:fb:80, -0.495, 0.821, -0.005, -258.667, -35.583, 106.75, 112.538, 20.814, -138.933, -17.773, -41.607, 56.553, 31.07, 0.07523, -0.44745, 0.78821, 0.41562
2025-06-14 21:03:42.678000,f8:a2:fd:ea:fb:80, -0.53, 1.327, -1.186, -265.442, 50.598, 81.482, 84.271, 12.448, -145.931, -17.773, -41.607, 56.553, 31.07, -0.2016, -0.25552, 0.54877, 0.76993
2025-06-14 21:03:42.738000,f8:a2:fd:ea:fb:80, -0.507, 0.77, -1.069, 34.302, -4.15, 2.808, 73.444, 9.525, -143.069, -17.773, -41.607, 56.553, 31.07, -0.2016, -0.25552, 0.54877, 0.76993
2025-06-14 21:03:42.859000,f8:a2:fd:ea:fb:80, -0.149, 1.08, -0.647, 79.346, 71.472, -13.672, 83.199, 14.095, -134.797, -26.140, -56.553, 41.033, 31.07, -0.2016, -0.25552, 0.54877, 0.76993
2025-06-14 21:03:42.954000,f8:a2:fd:ea:fb:80, -0.197, 0.983, -0.117, 60.486, 36.499, 0.671, 92.554, 14.705, -129.985, -26.140, -56.553, 41.033, 31.07, -0.2056, -0.38962, 0.6181, 0.65097
2025-06-14 21:03:43.038000,f8:a2:fd:ea:fb:80, -0.187, 1.019, -0.215, 25.269, 4.883, -3.235, 97.608, 14.716, -128.188, -26.140, -56.553, 41.033, 31.07, -0.2056, -0.38962, 0.6181, 0.65097
2025-06-14 21:03:43.161000,f8:a2:fd:ea:fb:80, -0.157, 0.959, -0.182, 26.184, -8.911, -3.845, 99.987, 14.87, -128.809, -29.367, -47.400, 49.187, 31.07, -0.2056, -0.38962, 0.6181, 0.65097
2025-06-14 21:03:43.248000,f8:a2:fd:ea:fb:80, -0.26, 1.004, -0.229, 42.603, -8.484, -9.644, 103.244, 15.282, -129.738, -29.367, -47.400, 49.187, 31.07, -0.16937, -0.40439, 0.66608, 0.60333
2025-06-14 21:03:43.337000,f8:a2:fd:ea:fb:80, -0.451, 1.166, -0.181, 95.154, 22.4, -35.156, 109.847, 16.782, -128.628, -29.367, -47.400, 49.187, 31.07, -0.16937, -0.40439, 0.66608, 0.60333
2025-06-14 21:03:43.458000,f8:a2:fd:ea:fb:80, -0.193, 1.625, 0.204, 179.504, -109.375, -53.528, 121.888, 21.533, -129.858, -20.347, -27.160, 55.827, 31.07, -0.16937, -0.40439, 0.66608, 0.60333
2025-06-14 21:03:43.548000,f8:a2:fd:ea:fb:80, -0.122, 0.821, -0.444, 107.3, -8.667, -45.105, 135.632, 28.768, -131.353, -20.347, -27.160, 55.827, 31.07, 0.07022, -0.44995, 0.78485, 0.42017
2025-06-14 21:03:43.638000,f8:a2:fd:ea:fb:80, -0.449, 0.312, 0.115, -101.746, 17.395, 40.771, 131.88, 27.735, -134.203, -20.347, -27.160, 55.827, 31.07, 0.07022, -0.44995, 0.78485, 0.42017
2025-06-14 21:03:43.759000,f8:a2:fd:ea:fb:80, -0.488, 0.732, 0.024, -240.662, -28.076, 103.76, 110.297, 20.176, -139.493, -17.067, -40.573, 57.513, 31.07, 0.07022, -0.44995, 0.78485, 0.42017
2025-06-14 21:03:43.849000,f8:a2:fd:ea:fb:80, -0.464, 1.372, -1.035, -260.925, 25.208, 93.201, 83.584, 11.299, -145.904, -17.067, -40.573, 57.513, 31.07, -0.17288, -0.25717, 0.59238, 0.74362
2025-06-14 21:03:43.939000,f8:a2:fd:ea:fb:80, -0.413, 0.77, -1.513, 23.865, -1.343, 4.15, 74.207, 8.998, -142.674, -17.067, -40.573, 57.513, 31.07, -0.17288, -0.25717, 0.59238, 0.74362
2025-06-14 21:03:44.118000,f8:a2:fd:ea:fb:80, -0.173, 1.123, -0.351, 70.19, 45.593, -14.16, 84.749, 13.365, -136.071, -26.340, -55.800, 43.593, 31.07, -0.17288, -0.25717, 0.59238, 0.74362
2025-06-14 21:03:44.178000,f8:a2:fd:ea:fb:80, -0.235, 0.987, -0.104, 53.589, 52.49, -5.615, 92.214, 13.98, -131.605, -26.340, -55.800, 43.593, 31.07, -0.20212, -0.37427, 0.62015, 0.65906
2025-06-14 21:03:44.239000,f8:a2:fd:ea:fb:80, -0.179, 1.031, -0.197, 30.64, 4.578, -7.202, 97.388, 14.54, -129.408, -26.340, -55.800, 43.593, 31.07, -0.20212, -0.37427, 0.62015, 0.65906
2025-06-14 21:03:44.359000,f8:a2:fd:ea:fb:80, -0.172, 0.956, -0.241, 27.527, -10.559, -7.629, 100.217, 15.139, -130.001, -26.340, -55.800, 43.593, 31.07, -0.20212, -0.37427, 0.62015, 0.65906
2025-06-14 21:03:44.449000,f8:a2:fd:ea:fb:80, -0.386, 0.967, -0.192, 59.57, -0.366, -20.813, 104.019, 16.095, -130.957, -25.240, -40.007, 51.813, 31.07, -0.20212, -0.37427, 0.62015, 0.65906
2025-06-14 21:03:44.539000,f8:a2:fd:ea:fb:80, -0.348, 1.37, -0.046, 140.259, -20.264, -40.71, 113.351, 18.6, -129.76, -25.240, -40.007, 51.813, 31.07, -0.10785, -0.43042, 0.70889, 0.54816
2025-06-14 21:03:44.659000,f8:a2:fd:ea:fb:80, -0.203, 1.499, -1.084, 178.04, -69.031, -76.965, 127.216, 26.636, -134.588, -25.240, -40.007, 51.813, 31.07, -0.10785, -0.43042, 0.70889, 0.54816
2025-06-14 21:03:44.750000,f8:a2:fd:ea:fb:80, -0.151, 0.494, -0.025, -3.113, 11.353, 6.836, 136.835, 30.493, -135.093, -12.940, -17.353, 61.733, 31.07, -0.10785, -0.43042, 0.70889, 0.54816
2025-06-14 21:03:44.838000,f8:a2:fd:ea:fb:80, -0.331, 0.478, -0.104, -187.378, 40.588, 68.97, 125.552, 24.417, -136.154, -12.940, -17.353, 61.733, 31.07, 0.01389, -0.41617, 0.7728, 0.47882
2025-06-14 21:03:44.958000,f8:a2:fd:ea:fb:80, -0.666, 1.167, -0.586, -240.54, -83.923, 95.764, 99.794, 17.117, -143.251, -12.940, -17.353, 61.733, 31.07, 0.01389, -0.41617, 0.7728, 0.47882
2025-06-14 21:03:45.079000,f8:a2:fd:ea:fb:80, -0.781, 1.133, -1.191, -164.307, -27.71, 58.655, 77.003, 8.926, -143.355, -23.193, -54.960, 40.940, 31.07, 0.01389, -0.41617, 0.7728, 0.47882
2025-06-14 21:03:45.139000,f8:a2:fd:ea:fb:80, -0.235, 1.462, -0.008, 100.586, 27.893, -40.588, 77.173, 9.36, -140.839, -23.193, -54.960, 40.940, 31.07, -0.20691, -0.28989, 0.57663, 0.7352
2025-06-14 21:03:45.258000,f8:a2:fd:ea:fb:80, -0.045, 1, 0.016, 71.289, 12.756, 4.333, 88.022, 13.436, -132.594, -23.193, -54.960, 40.940, 31.07, -0.20691, -0.28989, 0.57663, 0.7352
2025-06-14 21:03:45.349000,f8:a2:fd:ea:fb:80, -0.178, 1.024, -0.142, 56.885, 7.202, -4.15, 95.526, 13.546, -129.337, -31.047, -49.113, 46.193, 31.07, -0.20691, -0.28989, 0.57663, 0.7352
2025-06-14 21:03:45.440000,f8:a2:fd:ea:fb:80, -0.182, 0.99, -0.246, 34.363, -8.484, -8.118, 99.701, 14.2, -129.315, -31.047, -49.113, 46.193, 31.07, -0.18277, -0.39737, 0.6564, 0.61459
2025-06-14 21:03:45.559000,f8:a2:fd:ea:fb:80, -0.141, 0.961, -0.262, 34.18, -8.423, -7.324, 103.024, 14.837, -130.292, -31.047, -49.113, 46.193, 31.07, -0.18277, -0.39737, 0.6564, 0.61459
2025-06-14 21:03:45.650000,f8:a2:fd:ea:fb:80, -0.316, 0.998, -0.235, 49.805, -3.052, -17.334, 106.919, 15.749, -130.803, -27.847, -37.320, 51.453, 31.07, -0.18277, -0.39737, 0.6564, 0.61459
2025-06-14 21:03:45.799000,f8:a2:fd:ea:fb:80, -0.177, 1.29, -0.058, 125.488, -19.714, -36.133, 115.631, 18.1, -130.27, -27.847, -37.320, 51.453, 31.07, -0.10776, -0.42566, 0.71841, 0.5394
2025-06-14 21:03:45.863000,f8:a2:fd:ea:fb:80, -0.145, 1.495, -0.734, 146.973, 26.672, -88.928, 129.65, 25.378, -132.781, -27.847, -37.320, 51.453, 31.07, -0.10776, -0.42566, 0.71841, 0.5394
2025-06-14 21:03:45.979000,f8:a2:fd:ea:fb:80, 0.111, 0.448, -0.098, 18.372, -39.185, -12.573, 137.972, 29.806, -132.891, -15.747, -17.320, 60.167, 31.07, 0.06506, -0.42822, 0.77869, 0.45377
2025-06-14 21:03:46.076000,f8:a2:fd:ea:fb:80, -0.594, 0.489, -0.15, -187.927, 49.316, 71.777, 124.014, 26.087, -136.675, -15.747, -17.320, 60.167, 31.07, 0.06506, -0.42822, 0.77869, 0.45377
2025-06-14 21:03:46.189000,f8:a2:fd:ea:fb:80, -0.471, 1.136, -0.463, -242.31, -155.518, 110.596, 95.658, 16.084, -145.668, -15.747, -17.320, 60.167, 31.07, 0.06506, -0.42822, 0.77869, 0.45377
2025-06-14 21:03:46.280000,f8:a2:fd:ea:fb:80, 0.139, 1.024, -1.147, -102.6, -33.813, 50.354, 75.02, 8.223, -144.641, -22.860, -56.687, 38.907, 31.07, 0.06506, -0.42822, 0.77869, 0.45377
2025-06-14 21:03:46.370000,f8:a2:fd:ea:fb:80, -0.126, 1.812, 0.462, 90.576, 68.665, -33.325, 78.734, 9.492, -141.801, -22.860, -56.687, 38.907, 31.07, -0.20148, -0.28223, 0.5827, 0.73492
2025-06-14 21:03:46.489000,f8:a2:fd:ea:fb:80, -0.088, 1.118, -0.184, 60.852, 42.297, -2.563, 88.742, 13.321, -132.737, -22.860, -56.687, 38.907, 31.07, -0.20148, -0.28223, 0.5827, 0.73492
2025-06-14 21:03:46.618000,f8:a2:fd:ea:fb:80, -0.16, 1.085, -0.178, 48.523, 17.822, -6.897, 96.378, 13.618, -128.326, -31.767, -48.913, 46.067, 31.07, -0.20148, -0.28223, 0.5827, 0.73492
2025-06-14 21:03:46.669000,f8:a2:fd:ea:fb:80, -0.127, 0.95, -0.257, 25.208, -0.732, -6.775, 100.311, 14.073, -127.562, -31.767, -48.913, 46.067, 31.07, -0.19455, -0.4079, 0.65088, 0.60992
2025-06-14 21:03:46.788000,f8:a2:fd:ea:fb:80, -0.178, 0.967, -0.219, 30.823, -10.315, -7.874, 102.711, 14.639, -128.969, -31.767, -48.913, 46.067, 31.07, -0.19455, -0.4079, 0.65088, 0.60992
2025-06-14 21:03:46.882000,f8:a2:fd:ea:fb:80, -0.326, 0.979, -0.228, 61.951, -2.869, -18.311, 106.864, 15.617, -130.001, -27.427, -36.800, 51.267, 31.07, -0.19455, -0.4079, 0.65088, 0.60992
2025-06-14 21:03:46.999000,f8:a2:fd:ea:fb:80, -0.56, 1.397, -0.102, 133.545, -32.715, -35.339, 116.175, 18.056, -129.672, -27.427, -36.800, 51.267, 31.07, -0.09283, -0.43262, 0.72842, 0.52298
2025-06-14 21:03:47.088000,f8:a2:fd:ea:fb:80, -0.051, 1.404, -0.77, 143.127, 10.193, -90.271, 129.243, 25.384, -133.621, -27.427, -36.800, 51.267, 31.07, -0.09283, -0.43262, 0.72842, 0.52298
2025-06-14 21:03:47.180000,f8:a2:fd:ea:fb:80, -0.053, 0.454, -0.101, -18.372, 5.371, 1.587, 137.51, 28.949, -133.138, -14.733, -18.960, 61.387, 31.07, -0.09283, -0.43262, 0.72842, 0.52298
2025-06-14 21:03:47.269000,f8:a2:fd:ea:fb:80, -0.521, 0.588, -0.044, -201.05, 23.132, 72.388, 122.569, 24.033, -136.423, -14.733, -18.960, 61.387, 31.07, -0.0585, -0.38092, 0.72791, 0.56705
2025-06-14 21:03:47.389000,f8:a2:fd:ea:fb:80, -0.705, 1.271, -0.704, -247.803, -118.408, 103.455, 94.307, 15.43, -145.909, -14.733, -18.960, 61.387, 31.07, -0.0585, -0.38092, 0.72791, 0.56705
2025-06-14 21:03:47.479000,f8:a2:fd:ea:fb:80, -0.226, 1.01, -1.279, -145.264, -4.883, 38.33, 72.708, 9.179, -142.696, -22.920, -58.533, 36.513, 31.07, -0.0585, -0.38092, 0.72791, 0.56705
2025-06-14 21:03:47.569000,f8:a2:fd:ea:fb:80, -0.243, 1.38, 0.695, 97.473, -8.24, -31.372, 77.283, 10.646, -141.323, -22.920, -58.533, 36.513, 31.07, -0.21768, -0.32126, 0.56631, 0.72702
2025-06-14 21:03:47.689000,f8:a2:fd:ea:fb:80, -0.102, 1.025, 0.069, 61.646, 45.349, 4.089, 87.259, 13.87, -132.209, -22.920, -58.533, 36.513, 31.07, -0.21768, -0.32126, 0.56631, 0.72702
2025-06-14 21:03:47.779000,f8:a2:fd:ea:fb:80, -0.214, 1.041, -0.192, 53.894, 20.691, -8.85, 94.85, 14.035, -129.029, -30.300, -51.213, 45.353, 31.07, -0.21768, -0.32126, 0.56631, 0.72702
2025-06-14 21:03:47.868000,f8:a2:fd:ea:fb:80, -0.151, 0.989, -0.223, 31.311, -0.916, -8.667, 98.86, 14.628, -128.04, -30.300, -51.213, 45.353, 31.07, -0.19089, -0.40775, 0.64606, 0.61627
2025-06-14 21:03:47.989000,f8:a2:fd:ea:fb:80, -0.208, 0.98, -0.224, 36.56, 2.686, -10.315, 102.239, 15.244, -128.238, -30.300, -51.213, 45.353, 31.07, -0.19089, -0.40775, 0.64606, 0.61627
2025-06-14 21:03:48.110000,f8:a2:fd:ea:fb:80, -0.341, 1.068, -0.178, 88.867, 11.536, -25.757, 107.677, 16.32, -129.106, -26.693, -37.173, 51.233, 31.07, -0.19089, -0.40775, 0.64606, 0.61627
2025-06-14 21:03:48.168000,f8:a2:fd:ea:fb:80, -0.288, 1.862, 0.318, 173.34, -71.716, -49.194, 119.674, 19.83, -130.111, -26.693, -37.173, 51.233, 31.07, -0.06711, -0.43762, 0.73874, 0.50809
2025-06-14 21:03:48.289000,f8:a2:fd:ea:fb:80, -0.092, 1.027, -0.153, 125.916, -46.936, -48.767, 133.874, 27.625, -132.429, -26.693, -37.173, 51.233, 31.07, -0.06711, -0.43762, 0.73874, 0.50809
2025-06-14 21:03:48.380000,f8:a2:fd:ea:fb:80, -0.443, 0.33, 0.123, -107.91, 50.659, 39.673, 133.995, 27.977, -134.604, -16.260, -21.740, 61.113, 31.07, -0.06711, -0.43762, 0.73874, 0.50809
2025-06-14 21:03:48.474000,f8:a2:fd:ea:fb:80, -0.454, 0.734, 0.031, -247.009, -25.269, 103.638, 114.197, 19.709, -137.214, -16.260, -21.740, 61.113, 31.07, -0.06137, -0.38824, 0.7363, 0.55069
2025-06-14 21:03:48.589000,f8:a2:fd:ea:fb:80, -0.528, 1.433, -0.902, -246.277, -15.747, 109.314, 87.089, 11.179, -148.552, -16.260, -21.740, 61.113, 31.07, -0.06137, -0.38824, 0.7363, 0.55069
2025-06-14 21:03:48.685000,f8:a2:fd:ea:fb:80, -0.523, 0.766, -1.168, -35.95, 23.376, 10.132, 74.042, 6.735, -145.602, -22.740, -56.780, 39.567, 31.07, -0.06137, -0.38824, 0.7363, 0.55069
2025-06-14 21:03:48.770000,f8:a2:fd:ea:fb:80, -0.048, 1.1, -0.166, 51.758, 126.038, -29.663, 81.145, 10.525, -140.482, -22.740, -56.780, 39.567, 31.07, -0.19952, -0.28448, 0.58597, 0.73196
2025-06-14 21:03:48.920000,f8:a2:fd:ea:fb:80, -0.183, 1.07, -0.042, 53.406, -3.662, 2.686, 89.253, 12.535, -136.038, -22.740, -56.780, 39.567, 31.07, -0.19952, -0.28448, 0.58597, 0.73196
2025-06-14 21:03:48.980000,f8:a2:fd:ea:fb:80, -0.13, 0.986, -0.148, 39.307, 25.391, -12.573, 95.279, 13.079, -132.786, -29.420, -47.947, 49.267, 31.07, -0.19952, -0.28448, 0.58597, 0.73196
2025-06-14 21:03:49.129000,f8:a2:fd:ea:fb:80, -0.18, 0.93, -0.203, 23.987, -3.235, -7.69, 98.35, 13.552, -132.676, -29.420, -47.947, 49.267, 31.07, -0.17505, -0.3725, 0.66083, 0.62753
2025-06-14 21:03:49.219000,f8:a2:fd:ea:fb:80, -0.118, 0.967, -0.217, 37.598, -2.38, -12.573, 101.245, 14.178, -132.863, -29.420, -47.947, 49.267, 31.07, -0.17505, -0.3725, 0.66083, 0.62753
2025-06-14 21:03:49.281000,f8:a2:fd:ea:fb:80, -0.368, 1.137, -0.202, 82.886, 28.259, -30.579, 107.281, 15.721, -132.056, -29.420, -47.947, 49.267, 31.07, -0.17505, -0.3725, 0.66083, 0.62753
2025-06-14 21:03:49.370000,f8:a2:fd:ea:fb:80, -0.243, 1.78, 0.212, 161.316, -45.288, -40.833, 118.971, 18.633, -131.858, -26.020, -35.940, 52.173, 31.07, -0.17505, -0.3725, 0.66083, 0.62753
2025-06-14 21:03:49.491000,f8:a2:fd:ea:fb:80, -0.094, 1.331, -0.736, 144.592, -42.908, -67.993, 133.423, 26.636, -134.017, -26.020, -35.940, 52.173, 31.07, -0.00305, -0.42337, 0.77271, 0.47281
2025-06-14 21:03:49.580000,f8:a2:fd:ea:fb:80, -0.199, 0.437, 0.134, -69.458, 9.155, 18.982, 133.896, 27.12, -135.049, -26.020, -35.940, 52.173, 31.07, -0.00305, -0.42337, 0.77271, 0.47281
2025-06-14 21:03:49.730000,f8:a2:fd:ea:fb:80, -0.254, 0.667, -0.021, -246.704, 22.583, 81.665, 113.73, 19.94, -136.901, -20.247, -32.207, 58.127, 31.07, -0.00305, -0.42337, 0.77271, 0.47281
2025-06-14 21:03:49.790000,f8:a2:fd:ea:fb:80, -0.353, 1.404, -0.917, -247.559, -55.481, 106.995, 85.99, 11.492, -146.673, -20.247, -32.207, 58.127, 31.07, -0.1293, -0.28201, 0.64633, 0.69708
2025-06-14 21:03:49.880000,f8:a2:fd:ea:fb:80, 0.075, 0.91, -1.104, -77.026, -41.138, 29.846, 70.428, 5.878, -144.481, -20.247, -32.207, 58.127, 31.07, -0.1293, -0.28201, 0.64633, 0.69708
2025-06-14 21:03:49.970000,f8:a2:fd:ea:fb:80, -0.212, 1.325, -0.026, 50.659, 127.869, -30.212, 78.393, 9.805, -139.636, -26.480, -56.253, 39.067, 31.07, -0.1293, -0.28201, 0.64633, 0.69708
2025-06-14 21:03:50.121000,f8:a2:fd:ea:fb:80, -0.052, 1.057, -0.028, 76.721, -10.132, 4.089, 88.138, 12.865, -130.902, -26.480, -56.253, 39.067, 31.07, -0.22293, -0.36163, 0.60034, 0.67749
2025-06-14 21:03:50.210000,f8:a2:fd:ea:fb:80, -0.16, 1.041, -0.191, 45.349, -7.935, -9.644, 95.015, 12.7, -129.117, -26.480, -56.253, 39.067, 31.07, -0.22293, -0.36163, 0.60034, 0.67749
2025-06-14 21:03:50.299000,f8:a2:fd:ea:fb:80, -0.188, 0.957, -0.181, 27.344, -6.47, -5.859, 98.448, 13.228, -129.205, -26.480, -56.253, 39.067, 31.07, -0.22293, -0.36163, 0.60034, 0.67749
2025-06-14 21:03:50.420000,f8:a2:fd:ea:fb:80, -0.161, 1.021, -0.192, 42.419, -11.353, -10.254, 101.596, 13.837, -130.21, -31.133, -45.967, 48.320, 31.07, -0.16138, -0.40332, 0.68198, 0.58829
2025-06-14 21:03:50.510000,f8:a2:fd:ea:fb:80, -0.481, 1.126, -0.199, 89.478, 26.733, -28.748, 107.869, 15.211, -129.221, -31.133, -45.967, 48.320, 31.07, -0.16138, -0.40332, 0.68198, 0.58829
2025-06-14 21:03:50.599000,f8:a2:fd:ea:fb:80, -0.066, 1.722, 0.363, 187.378, -119.507, -37.476, 119.998, 19.006, -131.122, -31.133, -45.967, 48.320, 31.07, -0.16138, -0.40332, 0.68198, 0.58829
2025-06-14 21:03:50.779000,f8:a2:fd:ea:fb:80, -0.182, 0.987, -0.082, 112.061, -21.545, -48.096, 134.401, 27.356, -134.572, -15.587, -17.527, 60.220, 31.07, 0.0571, -0.4209, 0.7937, 0.43536
2025-06-14 21:03:50.810000,f8:a2:fd:ea:fb:80, -0.352, 0.35, 0.137, -111.389, 35.828, 30.884, 133.028, 26.938, -136.011, -15.587, -17.527, 60.220, 31.07, 0.0571, -0.4209, 0.7937, 0.43536
2025-06-14 21:03:50.900000,f8:a2:fd:ea:fb:80, -0.458, 0.711, 0.011, -252.625, -12.329, 103.149, 111.434, 19.781, -140.109, -15.587, -17.527, 60.220, 31.07, 0.0571, -0.4209, 0.7937, 0.43536
2025-06-14 21:03:51.051000,f8:a2:fd:ea:fb:80, -0.404, 1.323, -1.131, -252.991, 5.066, 96.436, 83.979, 11.146, -149.403, -19.367, -52.427, 47.200, 31.07, 0.0571, -0.4209, 0.7937, 0.43536
2025-06-14 21:03:51.109000,f8:a2:fd:ea:fb:80, -0.534, 0.781, -1.312, -3.357, 15.747, -0.122, 72.669, 9.371, -144.009, -19.367, -52.427, 47.200, 31.07, -0.20135, -0.26141, 0.54779, 0.76871
2025-06-14 21:03:51.206000,f8:a2:fd:ea:fb:80, -0.187, 0.801, -1.06, 44.983, 115.967, -37.476, 82.002, 13.64, -138.126, -19.367, -52.427, 47.200, 31.07, -0.20135, -0.26141, 0.54779, 0.76871
2025-06-14 21:03:51.350000,f8:a2:fd:ea:fb:80, -0.152, 1.08, 0.012, 60.303, 13.306, 1.526, 90.313, 14.447, -133.693, -27.753, -53.413, 46.067, 31.07, -0.20135, -0.26141, 0.54779, 0.76871
2025-06-14 21:03:51.411000,f8:a2:fd:ea:fb:80, -0.092, 1.017, -0.183, 31.067, -2.93, -3.54, 95.515, 14.524, -131.078, -27.753, -53.413, 46.067, 31.07, -0.18451, -0.38162, 0.64081, 0.63998
2025-06-14 21:03:51.500000,f8:a2:fd:ea:fb:80, -0.112, 0.908, -0.217, 22.4, -13.55, -5.676, 97.707, 14.793, -132.391, -27.753, -53.413, 46.067, 31.07, -0.18451, -0.38162, 0.64081, 0.63998
2025-06-14 21:03:51.623000,f8:a2:fd:ea:fb:80, -0.257, 0.988, -0.194, 43.701, 3.906, -12.878, 100.893, 15.32, -133, -24.527, -40.527, 51.633, 31.07, -0.18451, -0.38162, 0.64081, 0.63998
2025-06-14 21:03:51.709000,f8:a2:fd:ea:fb:80, -0.21, 1.153, -0.192, 100.464, 24.719, -36.072, 108.699, 16.968, -131.369, -24.527, -40.527, 51.633, 31.07, -0.11819, -0.41681, 0.70508, 0.56131
